{
  "duration": 2.2567601203918457, 
  "neval": 3881, 
  "Z_computed_err": 0.07182673065378595, 
  "Z_computed": -0.07703226012655086
}