{
  "duration": 1.78761887550354, 
  "neval": 4231, 
  "Z_computed_err": 0.06959709053006971, 
  "Z_computed": 0.04353474065207995
}