{
  "duration": 2.5446739196777344, 
  "neval": 4184, 
  "Z_computed_err": 0.07045580082302699, 
  "Z_computed": -0.015100355372304579
}