{
  "duration": 1.7619080543518066, 
  "neval": 4393, 
  "Z_computed_err": 0.07063884202379528, 
  "Z_computed": 0.010418383490232637
}