{
  "duration": 2.537978172302246, 
  "neval": 4544, 
  "Z_computed_err": 0.07189122075731659, 
  "Z_computed": -0.07168961257434332
}