{
  "duration": 3.065988779067993, 
  "neval": 4122, 
  "Z_computed_err": 0.07214987979285693, 
  "Z_computed": -0.0787912726429203
}