{
  "duration": 2.4453070163726807, 
  "neval": 4290, 
  "Z_computed_err": 0.07193968651936293, 
  "Z_computed": -0.03687095002674167
}