{
  "duration": 2.1784451007843018, 
  "neval": 4053, 
  "Z_computed_err": 0.06941703491145805, 
  "Z_computed": 0.070541052847792
}