{
  "duration": 1.9644150733947754, 
  "neval": 4224, 
  "Z_computed_err": 0.06832071817265144, 
  "Z_computed": 0.15007149467123337
}