{
  "duration": 2.1052448749542236, 
  "neval": 4027, 
  "Z_computed_err": 0.07173833216072936, 
  "Z_computed": -0.051543268595845515
}