{
  "duration": 830.7050189971924, 
  "neval": 204958, 
  "Z_computed_err": 0.12798014430110352, 
  "Z_computed": 1.2431189534766245
}