{
  "duration": 819.0219931602478, 
  "neval": 194420, 
  "Z_computed_err": 0.12781582969235644, 
  "Z_computed": 1.1547351618054598
}