{
  "duration": 780.3240940570831, 
  "neval": 186173, 
  "Z_computed_err": 0.12809522014831942, 
  "Z_computed": 1.0884290097325269
}