{
  "duration": 812.4568819999695, 
  "neval": 195867, 
  "Z_computed_err": 0.12812406527517683, 
  "Z_computed": 1.1590528160038487
}