{
  "duration": 809.2143578529358, 
  "neval": 193431, 
  "Z_computed_err": 0.12773282485622336, 
  "Z_computed": 1.1462704888038462
}