{
  "duration": 866.0828762054443, 
  "neval": 204848, 
  "Z_computed_err": 0.1278479122282284, 
  "Z_computed": 1.1770453766629096
}