{
  "duration": 811.4859828948975, 
  "neval": 192299, 
  "Z_computed_err": 0.12854908585635988, 
  "Z_computed": 1.082035163430463
}