{
  "duration": 842.3587760925293, 
  "neval": 199078, 
  "Z_computed_err": 0.12770450108684964, 
  "Z_computed": 1.1981760000997068
}