{
  "duration": 906.0609309673309, 
  "neval": 216413, 
  "Z_computed_err": 0.12746036111468134, 
  "Z_computed": 1.3068232878144581
}