{
  "duration": 845.873153924942, 
  "neval": 201392, 
  "Z_computed_err": 0.12791592301063348, 
  "Z_computed": 1.168613509485958
}