{
  "duration": 112.84923195838928, 
  "niterations": 12508, 
  "Z_computed_err": 0.49982332833422793, 
  "Z_computed": -0.06918461678121522, 
  "neval": 321493
}