{
  "duration": 163.01662302017212, 
  "niterations": 12446, 
  "Z_computed_err": 0.49994714869460266, 
  "Z_computed": 0.12445909853323905, 
  "neval": 391261
}