{
  "duration": 99.46297597885132, 
  "niterations": 12334, 
  "Z_computed_err": 0.49982884710953646, 
  "Z_computed": 0.002449279122382113, 
  "neval": 288170
}