{
  "duration": 85.48316097259521, 
  "niterations": 12523, 
  "Z_computed_err": 0.49991516436366745, 
  "Z_computed": -0.04080455686650478, 
  "neval": 264341
}