{
  "duration": 87.55763483047485, 
  "niterations": 12422, 
  "Z_computed_err": 0.49992768494083134, 
  "Z_computed": -0.053613580207932665, 
  "neval": 256341
}