{
  "duration": 113.09864091873169, 
  "niterations": 12486, 
  "Z_computed_err": 0.49999352963878346, 
  "Z_computed": 0.05794516289299455, 
  "neval": 310284
}