{
  "duration": 94.83540892601013, 
  "niterations": 12571, 
  "Z_computed_err": 0.49984447030822377, 
  "Z_computed": -0.007597116806802829, 
  "neval": 268782
}