{
  "duration": 93.95841789245605, 
  "niterations": 12332, 
  "Z_computed_err": 0.49986377901832163, 
  "Z_computed": 0.0374584322416636, 
  "neval": 261746
}