{
  "duration": 87.19195079803467, 
  "niterations": 12255, 
  "Z_computed_err": 0.4999434670907719, 
  "Z_computed": 0.12955033920072812, 
  "neval": 253937
}