{
  "duration": 104.2781810760498, 
  "niterations": 12436, 
  "Z_computed_err": 0.4998532348612919, 
  "Z_computed": 0.03790796654232156, 
  "neval": 317980
}