{
  "duration": 0.29622793197631836, 
  "failed": false, 
  "Z_computed_err": 0.2370145665824128, 
  "Z_computed": -0.2163804408769306, 
  "neval": 1000
}