{
  "duration": 0.33816099166870117, 
  "failed": false, 
  "Z_computed_err": 0.21343527243919513, 
  "Z_computed": -0.11793373643244937, 
  "neval": 1000
}