{
  "duration": 0.32563304901123047, 
  "failed": false, 
  "Z_computed_err": 0.22089879292966036, 
  "Z_computed": -0.11606973744734336, 
  "neval": 1000
}