{
  "duration": 16.374454975128174, 
  "neval": 25779, 
  "Z_computed_err": 0.0075443477160046174, 
  "Z_computed": -0.0030452839723348526
}