{
  "duration": 16.009991884231567, 
  "neval": 24683, 
  "Z_computed_err": 0.007922402975680807, 
  "Z_computed": 0.002887767415947095
}