{
  "duration": 15.967110872268677, 
  "neval": 26123, 
  "Z_computed_err": 0.007443456151406938, 
  "Z_computed": -0.0037487191569953835
}