{
  "duration": 15.77333402633667, 
  "neval": 25772, 
  "Z_computed_err": 0.0073779980900345234, 
  "Z_computed": 0.003601547807095074
}