{
  "duration": 16.001789093017578, 
  "neval": 25965, 
  "Z_computed_err": 0.007245554541936958, 
  "Z_computed": -0.0005981390689805705
}