{
  "duration": 14.130683183670044, 
  "neval": 25166, 
  "Z_computed_err": 0.0075461329722666046, 
  "Z_computed": -0.001228772242050478
}