{
  "duration": 16.540542125701904, 
  "neval": 27429, 
  "Z_computed_err": 0.007319043346773252, 
  "Z_computed": -0.004613945569787851
}