{
  "duration": 14.886880159378052, 
  "neval": 23322, 
  "Z_computed_err": 0.007407841573512007, 
  "Z_computed": -0.00403289840799429
}