{
  "duration": 14.533208847045898, 
  "neval": 23861, 
  "Z_computed_err": 0.007579748689084803, 
  "Z_computed": 0.005947463191656692
}