{
  "duration": 14.731854915618896, 
  "neval": 25863, 
  "Z_computed_err": 0.007684275712694439, 
  "Z_computed": 0.002007146158625002
}