{
  "neval": 8029, 
  "Z_computed_err": 0.04583821780652881, 
  "Z_computed": -12.409648848042986
}