{
  "neval": 6687, 
  "Z_computed_err": 0.04736014519763032, 
  "Z_computed": -12.43710135026072
}