{
  "neval": 8526, 
  "Z_computed_err": 0.04563460463665115, 
  "Z_computed": -12.412506331409443
}