{
  "neval": 9514, 
  "Z_computed_err": 0.04645877734541662, 
  "Z_computed": -12.192044938691229
}