{
  "neval": 8352, 
  "Z_computed_err": 0.04682003802670539, 
  "Z_computed": -12.227949712408208
}