{
  "neval": 8503, 
  "Z_computed_err": 0.04803377537753231, 
  "Z_computed": -12.23557085522544
}