{
  "neval": 9481, 
  "Z_computed_err": 0.04926638817931785, 
  "Z_computed": -12.18526637088702
}