{
  "neval": 8827, 
  "Z_computed_err": 0.04569146259640273, 
  "Z_computed": -12.193680775004019
}