{
  "neval": 9949, 
  "Z_computed_err": 0.04770873731603456, 
  "Z_computed": -12.160657465618046
}