{
  "neval": 10375, 
  "Z_computed_err": 0.04677804152718498, 
  "Z_computed": -12.109493281417883
}