{
  "duration": 207.58936095237732, 
  "niterations": 7001, 
  "Z_computed_err": 0.49998322308410675, 
  "Z_computed": -12.296377951847596, 
  "neval": 620052
}