{
  "duration": 244.2090780735016, 
  "niterations": 6907, 
  "Z_computed_err": 0.49974363285330536, 
  "Z_computed": -12.064937617540169, 
  "neval": 726075
}