{
  "duration": 251.9403600692749, 
  "niterations": 7037, 
  "Z_computed_err": 0.49937915669512023, 
  "Z_computed": -12.3821589318448, 
  "neval": 720867
}