{
  "duration": 236.23412013053894, 
  "niterations": 6879, 
  "Z_computed_err": 0.499641444606087, 
  "Z_computed": -11.992302486996266, 
  "neval": 672847
}