{
  "neval": 12021, 
  "Z_computed_err": 0.376534674936835, 
  "Z_computed": -0.0804481481889609
}