{
  "neval": 15781, 
  "Z_computed_err": 0.35358187287126064, 
  "Z_computed": 0.00582668757629932
}