{
  "neval": 14384, 
  "Z_computed_err": 0.3717553076547083, 
  "Z_computed": -0.07396225361102174
}