{
  "neval": 16009, 
  "Z_computed_err": 0.3102897265807002, 
  "Z_computed": 0.1818836848736512
}