{
  "neval": 17495, 
  "Z_computed_err": 0.35964217347021266, 
  "Z_computed": -0.03151797702119593
}