{
  "neval": 13614, 
  "Z_computed_err": 0.37121296029442596, 
  "Z_computed": -0.10761206601730137
}