{
  "neval": 16871, 
  "Z_computed_err": 0.3594401626903828, 
  "Z_computed": -0.009630626816701477
}