{
  "neval": 14257, 
  "Z_computed_err": 0.37242143500275865, 
  "Z_computed": -0.07726529224925711
}