{
  "neval": 19315, 
  "Z_computed_err": 0.30619143426414486, 
  "Z_computed": 0.23822255831988182
}