{
  "neval": 15292, 
  "Z_computed_err": 0.49938864089664026, 
  "Z_computed": 0.3628846102193047
}