{
  "duration": 122.34159898757935, 
  "neval": 30194, 
  "Z_computed_err": 0.3985383112097316, 
  "Z_computed": 1.8152606838543146
}