{
  "duration": 118.45753908157349, 
  "neval": 29516, 
  "Z_computed_err": 0.3994557932340173, 
  "Z_computed": 1.6376271944643535
}