{
  "duration": 111.37222409248352, 
  "neval": 27136, 
  "Z_computed_err": 0.4032213620021182, 
  "Z_computed": 1.380816014929397
}