{
  "duration": 155.42197489738464, 
  "neval": 36514, 
  "Z_computed_err": 0.3985963647819375, 
  "Z_computed": 2.1851304113300754
}