{
  "duration": 124.00152277946472, 
  "neval": 30708, 
  "Z_computed_err": 0.4011323869662955, 
  "Z_computed": 1.7080660755289196
}