{
  "duration": 98.5500590801239, 
  "neval": 24808, 
  "Z_computed_err": 0.40546954640637367, 
  "Z_computed": 1.5644529590494674
}