{
  "duration": 144.7122459411621, 
  "neval": 36851, 
  "Z_computed_err": 0.39570536484896446, 
  "Z_computed": 2.0158532506858973
}