{
  "duration": 111.9016900062561, 
  "neval": 28346, 
  "Z_computed_err": 0.4011187614471898, 
  "Z_computed": 1.710316613967552
}