{
  "duration": 104.16601514816284, 
  "neval": 26319, 
  "Z_computed_err": 0.39911998317294684, 
  "Z_computed": 1.6549859403810678
}