{
  "duration": 137.59455394744873, 
  "neval": 36312, 
  "Z_computed_err": 0.3955290373712721, 
  "Z_computed": 1.9996592640230555
}