{
  "duration": 222.97730493545532, 
  "niterations": 4519, 
  "Z_computed_err": 0.49966714998495754, 
  "Z_computed": 0.3852313059131664, 
  "neval": 103893
}