{
  "duration": 213.9564859867096, 
  "niterations": 4676, 
  "Z_computed_err": 0.49971168477150746, 
  "Z_computed": 0.04465100740749655, 
  "neval": 95844
}