{
  "duration": 230.19147396087646, 
  "niterations": 4636, 
  "Z_computed_err": 0.49975127984477086, 
  "Z_computed": 0.1287470692435639, 
  "neval": 103821
}