{
  "duration": 296.7583999633789, 
  "niterations": 4635, 
  "Z_computed_err": 0.4996246049538826, 
  "Z_computed": 0.17516448286612119, 
  "neval": 136924
}