{
  "duration": 263.7394070625305, 
  "niterations": 4626, 
  "Z_computed_err": 0.4995922555585056, 
  "Z_computed": 0.10760322759004087, 
  "neval": 120637
}