{
  "duration": 229.85724806785583, 
  "niterations": 4688, 
  "Z_computed_err": 0.49971214205538117, 
  "Z_computed": 0.023453104167539412, 
  "neval": 102400
}