{
  "duration": 237.63290691375732, 
  "niterations": 4657, 
  "Z_computed_err": 0.49927259548851255, 
  "Z_computed": 0.06743475377656068, 
  "neval": 108290
}