{
  "duration": 242.55119490623474, 
  "niterations": 4673, 
  "Z_computed_err": 0.4997189923486518, 
  "Z_computed": 0.027267991292953098, 
  "neval": 109328
}