{
  "duration": 224.58276796340942, 
  "niterations": 4682, 
  "Z_computed_err": 0.49940544785828983, 
  "Z_computed": 0.040540361196765254, 
  "neval": 104497
}