{
  "duration": 233.56876301765442, 
  "niterations": 4594, 
  "Z_computed_err": 0.4995748279164647, 
  "Z_computed": 0.25860863305099385, 
  "neval": 115393
}