{
  "duration": 7.3294501304626465, 
  "niterations": 1767, 
  "Z_computed_err": 0.4993061085559524, 
  "Z_computed": 0.14381006200625845, 
  "neval": 5414
}