{
  "duration": 6.702636003494263, 
  "niterations": 1847, 
  "Z_computed_err": 0.49984720981844033, 
  "Z_computed": -0.05342716490192423, 
  "neval": 5622
}