{
  "duration": 5.999783039093018, 
  "niterations": 1800, 
  "Z_computed_err": 0.4989764873898057, 
  "Z_computed": 0.06298940770419914, 
  "neval": 5560
}