{
  "duration": 6.684875965118408, 
  "niterations": 1780, 
  "Z_computed_err": 0.49939713424764387, 
  "Z_computed": 0.11150499304813144, 
  "neval": 5244
}