{
  "duration": 7.484231948852539, 
  "niterations": 1739, 
  "Z_computed_err": 0.499116943003844, 
  "Z_computed": 0.21299362960014842, 
  "neval": 5747
}