{
  "duration": 5.88747501373291, 
  "niterations": 1848, 
  "Z_computed_err": 0.4999118673154048, 
  "Z_computed": -0.05762353081611821, 
  "neval": 5413
}