{
  "duration": 6.4984450340271, 
  "niterations": 1703, 
  "Z_computed_err": 0.49928390318626653, 
  "Z_computed": 0.3019316850244869, 
  "neval": 5286
}