{
  "duration": 7.477447986602783, 
  "niterations": 1788, 
  "Z_computed_err": 0.49884230783852296, 
  "Z_computed": 0.09394853701571826, 
  "neval": 5720
}