{
  "duration": 6.767986059188843, 
  "niterations": 1795, 
  "Z_computed_err": 0.4992232778359807, 
  "Z_computed": 0.07315716135506473, 
  "neval": 5531
}