{
  "duration": 5.126650810241699, 
  "niterations": 1787, 
  "Z_computed_err": 0.4993445950700576, 
  "Z_computed": 0.0942452930421539, 
  "neval": 5401
}