{
  "neval": 2129, 
  "Z_computed_err": 0.22321406889138687, 
  "Z_computed": -5.893730302480867
}