{
  "neval": 2138, 
  "Z_computed_err": 0.2232819432250494, 
  "Z_computed": -5.923707193185126
}