{
  "neval": 2314, 
  "Z_computed_err": 0.2220524269225042, 
  "Z_computed": -5.871708504612444
}