{
  "neval": 2269, 
  "Z_computed_err": 0.2210936706296382, 
  "Z_computed": -5.80042945301794
}