{
  "neval": 2197, 
  "Z_computed_err": 0.22800392349953963, 
  "Z_computed": -6.13359414518113
}