{
  "neval": 2257, 
  "Z_computed_err": 0.22255081070777838, 
  "Z_computed": -5.889010264129561
}