{
  "neval": 2252, 
  "Z_computed_err": 0.22203482907891345, 
  "Z_computed": -5.8672478604809015
}