{
  "neval": 2267, 
  "Z_computed_err": 0.21898417975321496, 
  "Z_computed": -5.716406818130521
}