{
  "neval": 1716, 
  "Z_computed_err": 0.23061380345716054, 
  "Z_computed": -6.2798986170155215
}