{
  "neval": 2208, 
  "Z_computed_err": 0.22180998999256954, 
  "Z_computed": -5.870149249920518
}