{
  "duration": 3.4651479721069336, 
  "neval": 4008, 
  "Z_computed_err": 0.024670392839367877, 
  "Z_computed": -0.4955095574434172
}