{
  "duration": 4.0965330600738525, 
  "neval": 4309, 
  "Z_computed_err": 0.025042881112866552, 
  "Z_computed": -0.4218798132331629
}