{
  "duration": 3.6474809646606445, 
  "neval": 3929, 
  "Z_computed_err": 0.023459645365778974, 
  "Z_computed": -0.4919187812682811
}