{
  "duration": 3.9388270378112793, 
  "neval": 4346, 
  "Z_computed_err": 0.02354351383846676, 
  "Z_computed": -0.37728080536404474
}