{
  "duration": 3.725672960281372, 
  "neval": 4418, 
  "Z_computed_err": 0.02676298416717816, 
  "Z_computed": -0.5228374185023588
}