{
  "duration": 3.621915817260742, 
  "neval": 4164, 
  "Z_computed_err": 0.025649805267012257, 
  "Z_computed": -0.5284231067647173
}