{
  "duration": 2.554748058319092, 
  "neval": 4191, 
  "Z_computed_err": 0.02475135373331996, 
  "Z_computed": -0.43276403205260827
}