{
  "duration": 2.9994149208068848, 
  "neval": 3975, 
  "Z_computed_err": 0.025746585202996962, 
  "Z_computed": -0.3654991702806421
}