{
  "duration": 3.109532117843628, 
  "neval": 4296, 
  "Z_computed_err": 0.02497970163222694, 
  "Z_computed": -0.3231670692408009
}