{
  "duration": 2.8913300037384033, 
  "neval": 3947, 
  "Z_computed_err": 0.02253120158147881, 
  "Z_computed": -0.5083692662412627
}