{
  "failed": false, 
  "Z_computed_err": 0.08761284434704031, 
  "Z_computed": -5.870114894187888, 
  "neval": 3565
}