{
  "duration": 4.383847951889038, 
  "niterations": 1001, 
  "Z_computed_err": 0.4805956111966476, 
  "Z_computed": -0.9917885646715806, 
  "neval": 2675
}