{
  "duration": 4.108111143112183, 
  "niterations": 1001, 
  "Z_computed_err": 0.480440419553691, 
  "Z_computed": -0.991788157009011, 
  "neval": 2695
}