{
  "duration": 4.036517858505249, 
  "niterations": 1001, 
  "Z_computed_err": 0.4804207445995113, 
  "Z_computed": -0.9917679548287832, 
  "neval": 2833
}