{
  "duration": 4.281609058380127, 
  "niterations": 1001, 
  "Z_computed_err": 0.4803399788416693, 
  "Z_computed": -0.9917806886565538, 
  "neval": 2699
}