{
  "duration": 3.9437379837036133, 
  "niterations": 1001, 
  "Z_computed_err": 0.48026948102220685, 
  "Z_computed": -0.9917771334893655, 
  "neval": 2754
}