{
  "duration": 4.0498881340026855, 
  "niterations": 1001, 
  "Z_computed_err": 0.48038182156659825, 
  "Z_computed": -0.9917889466431975, 
  "neval": 2687
}