{
  "duration": 4.477508783340454, 
  "niterations": 1001, 
  "Z_computed_err": 0.48032798048096254, 
  "Z_computed": -0.9917692693739029, 
  "neval": 2835
}