{
  "duration": 4.152431964874268, 
  "niterations": 1001, 
  "Z_computed_err": 0.48031231004125247, 
  "Z_computed": -0.9917698674365031, 
  "neval": 2725
}