{
  "duration": 4.748911142349243, 
  "niterations": 1001, 
  "Z_computed_err": 0.4805982512493415, 
  "Z_computed": -0.9917914121506117, 
  "neval": 2723
}