{
  "duration": 4.406408071517944, 
  "niterations": 1001, 
  "Z_computed_err": 0.48047214195530347, 
  "Z_computed": -0.9917710104574605, 
  "neval": 2721
}