{
  "duration": 7.881707191467285, 
  "failed": false, 
  "Z_computed_err": 0.32046916383535407, 
  "Z_computed": 0.1927706224681214, 
  "neval": 4000
}