{
  "duration": 5.3773109912872314, 
  "failed": false, 
  "Z_computed_err": 0.35029727166788754, 
  "Z_computed": -0.6137272733793575, 
  "neval": 3000
}