{
  "duration": 6.793244123458862, 
  "failed": false, 
  "Z_computed_err": 0.3402104802777559, 
  "Z_computed": -0.08923495037160004, 
  "neval": 3000
}