{
  "duration": 8.033202171325684, 
  "failed": false, 
  "Z_computed_err": 0.32105345872066765, 
  "Z_computed": 0.07499494892474383, 
  "neval": 4000
}