{
  "duration": 5.962804079055786, 
  "failed": false, 
  "Z_computed_err": 0.34075637237732703, 
  "Z_computed": -0.6345237379934031, 
  "neval": 3000
}