{
  "duration": 10.308976173400879, 
  "failed": false, 
  "Z_computed_err": 0.3555163172482374, 
  "Z_computed": -0.19997571994587393, 
  "neval": 6000
}