{
  "duration": 8.992747068405151, 
  "failed": false, 
  "Z_computed_err": 0.20316247367255458, 
  "Z_computed": -1.0011619572402568, 
  "neval": 4000
}