{
  "duration": 8.727015972137451, 
  "failed": false, 
  "Z_computed_err": 0.21269245339443038, 
  "Z_computed": -0.4717981144705189, 
  "neval": 4000
}