{
  "duration": 10.739636898040771, 
  "failed": false, 
  "Z_computed_err": 0.2006166888874228, 
  "Z_computed": -0.7454213121901304, 
  "neval": 6000
}