{
  "duration": 5.071933031082153, 
  "failed": false, 
  "Z_computed_err": 0.39140286123844525, 
  "Z_computed": -0.2588348551386304, 
  "neval": 3000
}