{
  "neval": 10396, 
  "Z_computed_err": 0.12413886727060694, 
  "Z_computed": 235.8794218331804
}