{
  "neval": 10614, 
  "Z_computed_err": 0.1244386499589067, 
  "Z_computed": 235.8728612904355
}