{
  "neval": 12139, 
  "Z_computed_err": 0.12175589023308439, 
  "Z_computed": 236.07936867479503
}