{
  "neval": 10275, 
  "Z_computed_err": 0.12445054765717561, 
  "Z_computed": 235.8454480899604
}