{
  "neval": 10444, 
  "Z_computed_err": 0.1243559092491736, 
  "Z_computed": 235.85671407026578
}