{
  "neval": 11618, 
  "Z_computed_err": 0.12147137984509235, 
  "Z_computed": 236.04017118633737
}