{
  "neval": 10368, 
  "Z_computed_err": 0.12477243675495213, 
  "Z_computed": 235.7620725275587
}