{
  "neval": 11170, 
  "Z_computed_err": 0.12302561704183419, 
  "Z_computed": 235.97859809429804
}