{
  "neval": 12398, 
  "Z_computed_err": 0.12283728732309214, 
  "Z_computed": 236.02185991339286
}