{
  "neval": 11356, 
  "Z_computed_err": 0.12331854084799009, 
  "Z_computed": 235.8798591973261
}