{
  "neval": 15332, 
  "Z_computed_err": 0.012964740431045254, 
  "Z_computed": 0.7829154617874587
}