{
  "neval": 15114, 
  "Z_computed_err": 0.013237493775611953, 
  "Z_computed": 0.7973340687816707
}