{
  "neval": 15140, 
  "Z_computed_err": 0.01322104993083383, 
  "Z_computed": 0.7775258300340113
}