{
  "neval": 14517, 
  "Z_computed_err": 0.013450623966810774, 
  "Z_computed": 0.8106145583439262
}