{
  "neval": 14683, 
  "Z_computed_err": 0.012892752376303865, 
  "Z_computed": 0.76656470773119
}