{
  "neval": 15489, 
  "Z_computed_err": 0.013174427240257336, 
  "Z_computed": 0.7793214488957042
}