{
  "neval": 15188, 
  "Z_computed_err": 0.013244979702253972, 
  "Z_computed": 0.8029806241573487
}