{
  "neval": 15040, 
  "Z_computed_err": 0.013189171062163763, 
  "Z_computed": 0.7738372114304857
}