{
  "neval": 14335, 
  "Z_computed_err": 0.01278988125775861, 
  "Z_computed": 0.74844143251524
}