{
  "neval": 14637, 
  "Z_computed_err": 0.01264801330418506, 
  "Z_computed": 0.7775720362306558
}