{
  "duration": 8.685507774353027, 
  "niterations": 4080, 
  "Z_computed_err": 0.4999917559778842, 
  "Z_computed": 0.7954856820870104, 
  "neval": 11073
}