{
  "duration": 9.330652952194214, 
  "niterations": 4214, 
  "Z_computed_err": 0.49959152925959227, 
  "Z_computed": 0.6633259771312268, 
  "neval": 10329
}