{
  "duration": 10.105282068252563, 
  "niterations": 4123, 
  "Z_computed_err": 0.49991697559842135, 
  "Z_computed": 0.7532833837260716, 
  "neval": 10944
}