{
  "duration": 9.24849009513855, 
  "niterations": 4160, 
  "Z_computed_err": 0.49978965043014284, 
  "Z_computed": 0.7168030191825335, 
  "neval": 10702
}