{
  "duration": 9.013303995132446, 
  "niterations": 4188, 
  "Z_computed_err": 0.4996986881807704, 
  "Z_computed": 0.6909659883344399, 
  "neval": 11058
}