{
  "duration": 8.581102132797241, 
  "niterations": 4074, 
  "Z_computed_err": 0.4998472615038333, 
  "Z_computed": 0.8008443411076009, 
  "neval": 10605
}