{
  "duration": 9.840903997421265, 
  "niterations": 4212, 
  "Z_computed_err": 0.49971039381667853, 
  "Z_computed": 0.6647254007466235, 
  "neval": 11453
}