{
  "duration": 10.032881021499634, 
  "niterations": 4178, 
  "Z_computed_err": 0.4996803574304547, 
  "Z_computed": 0.6991914389772911, 
  "neval": 10737
}