{
  "duration": 9.479322910308838, 
  "niterations": 4093, 
  "Z_computed_err": 0.4997052163159784, 
  "Z_computed": 0.7835894382991291, 
  "neval": 11004
}