{
  "duration": 10.31342887878418, 
  "niterations": 4143, 
  "Z_computed_err": 0.4996746945157819, 
  "Z_computed": 0.7336682333334947, 
  "neval": 10884
}