{
  "duration": 0.4144430160522461, 
  "neval": 1181, 
  "Z_computed_err": 0.16636445421695947, 
  "Z_computed": -3.909781560147173
}