{
  "duration": 0.4708061218261719, 
  "neval": 1242, 
  "Z_computed_err": 0.17344742553240433, 
  "Z_computed": -4.1315968392998546
}