{
  "duration": 0.48729705810546875, 
  "neval": 1231, 
  "Z_computed_err": 0.16439013674153685, 
  "Z_computed": -3.9059458544867933
}