{
  "duration": 0.425508975982666, 
  "neval": 1221, 
  "Z_computed_err": 0.1617048917136382, 
  "Z_computed": -3.706163425268028
}