{
  "duration": 0.4501478672027588, 
  "neval": 1148, 
  "Z_computed_err": 0.16649787041183747, 
  "Z_computed": -3.919500991264404
}