{
  "duration": 0.5281150341033936, 
  "neval": 1219, 
  "Z_computed_err": 0.1764529189805553, 
  "Z_computed": -4.190533019128373
}