{
  "duration": 0.5856120586395264, 
  "neval": 1358, 
  "Z_computed_err": 0.1639393223561375, 
  "Z_computed": -3.8137585025187533
}