{
  "duration": 0.43152689933776855, 
  "neval": 1182, 
  "Z_computed_err": 0.1602651197038027, 
  "Z_computed": -3.6748866279701757
}