{
  "duration": 0.6266770362854004, 
  "neval": 1176, 
  "Z_computed_err": 0.1761713347920124, 
  "Z_computed": -4.2454880432723465
}