{
  "duration": 0.36164093017578125, 
  "neval": 1352, 
  "Z_computed_err": 0.173356363382667, 
  "Z_computed": -4.164681750642293
}