{
  "duration": 97.20045399665833, 
  "neval": 196942, 
  "Z_computed_err": 0.13320503652129279, 
  "Z_computed": -22.944467413225496
}