{
  "duration": 93.03408193588257, 
  "neval": 174661, 
  "Z_computed_err": 0.13351744059593024, 
  "Z_computed": -23.15256078922581
}