{
  "duration": 92.47148895263672, 
  "neval": 164898, 
  "Z_computed_err": 0.1342154727597789, 
  "Z_computed": -23.262380725844412
}