{
  "duration": 92.48604488372803, 
  "neval": 179456, 
  "Z_computed_err": 0.13332606710447648, 
  "Z_computed": -23.0474430878179
}