{
  "duration": 95.35543608665466, 
  "neval": 179663, 
  "Z_computed_err": 0.13337788203442127, 
  "Z_computed": -23.136362433496796
}