{
  "duration": 95.87958312034607, 
  "neval": 227822, 
  "Z_computed_err": 0.13245845943664641, 
  "Z_computed": -22.823731707191136
}