{
  "duration": 91.06818389892578, 
  "neval": 176572, 
  "Z_computed_err": 0.13387854326980742, 
  "Z_computed": -23.115188702266927
}