{
  "duration": 87.84201002120972, 
  "neval": 155759, 
  "Z_computed_err": 0.1343379393003474, 
  "Z_computed": -23.320578042756168
}