{
  "duration": 93.28413391113281, 
  "neval": 199622, 
  "Z_computed_err": 0.1333048030079372, 
  "Z_computed": -23.06141176340794
}