{
  "duration": 64.60539102554321, 
  "neval": 202937, 
  "Z_computed_err": 0.13292232137034257, 
  "Z_computed": -22.912542021434614
}