{
  "duration": 0.3829009532928467, 
  "failed": false, 
  "Z_computed_err": 0.0032784401505436896, 
  "Z_computed": -2.8468413431095185e-05, 
  "neval": 2261
}