{
  "duration": 123.99989199638367, 
  "failed": false, 
  "Z_computed_err": 0.35423850341657914, 
  "Z_computed": -3.123983609848977, 
  "neval": 46120
}