{
  "duration": 52.546119928359985, 
  "failed": false, 
  "Z_computed_err": 0.38256188076335995, 
  "Z_computed": -10.624966013969994, 
  "neval": 20060
}