{
  "duration": 180.46140098571777, 
  "failed": false, 
  "Z_computed_err": 0.37180749672237656, 
  "Z_computed": -3.466941176120517, 
  "neval": 57131
}