{
  "duration": 133.84211993217468, 
  "failed": false, 
  "Z_computed_err": 0.3943715112324946, 
  "Z_computed": -3.6037471616812313, 
  "neval": 42125
}