{
  "duration": 105.1893401145935, 
  "failed": false, 
  "Z_computed_err": 0.3412292532583199, 
  "Z_computed": -3.2531102553553843, 
  "neval": 30091
}