{
  "duration": 88.3191978931427, 
  "failed": false, 
  "Z_computed_err": 0.32382649093656646, 
  "Z_computed": -5.481014372968569, 
  "neval": 33108
}