{
  "duration": 85.98713111877441, 
  "failed": false, 
  "Z_computed_err": 0.3247283357991573, 
  "Z_computed": -2.5491746128327066, 
  "neval": 26099
}