{
  "duration": 69.0549099445343, 
  "failed": false, 
  "Z_computed_err": 0.374056024127313, 
  "Z_computed": -6.969868823396027, 
  "neval": 30103
}