{
  "duration": 67.92547488212585, 
  "failed": false, 
  "Z_computed_err": 0.34310943363595214, 
  "Z_computed": -3.80880449473154, 
  "neval": 28113
}