{
  "duration": 63.76551914215088, 
  "failed": false, 
  "Z_computed_err": 0.3847962327693306, 
  "Z_computed": -8.958811552619158, 
  "neval": 27082
}