{
  "duration": 39.122462034225464, 
  "niterations": 7721, 
  "Z_computed_err": 0.4996807071049213, 
  "Z_computed": -0.0230039173300608, 
  "neval": 51127
}