{
  "duration": 38.46584105491638, 
  "niterations": 7723, 
  "Z_computed_err": 0.49963901226936125, 
  "Z_computed": 0.0068371920569813786, 
  "neval": 51514
}