{
  "duration": 43.04311180114746, 
  "niterations": 7774, 
  "Z_computed_err": 0.49980946894626976, 
  "Z_computed": -0.05658562583142338, 
  "neval": 56062
}