{
  "duration": 40.914945125579834, 
  "niterations": 7717, 
  "Z_computed_err": 0.4999386382565082, 
  "Z_computed": -0.013133428637874952, 
  "neval": 54996
}