{
  "duration": 36.96609020233154, 
  "niterations": 7719, 
  "Z_computed_err": 0.499857177614635, 
  "Z_computed": -0.02348953951633138, 
  "neval": 50296
}