{
  "duration": 38.82237911224365, 
  "niterations": 7640, 
  "Z_computed_err": 0.49981765220651914, 
  "Z_computed": 0.04796524013497521, 
  "neval": 51259
}