{
  "duration": 40.749194860458374, 
  "niterations": 7747, 
  "Z_computed_err": 0.49979727578422767, 
  "Z_computed": -0.023679320096259348, 
  "neval": 52880
}