{
  "duration": 38.305158853530884, 
  "niterations": 7674, 
  "Z_computed_err": 0.4996501725992224, 
  "Z_computed": -0.008093113917815661, 
  "neval": 51650
}