{
  "duration": 38.892544984817505, 
  "niterations": 7660, 
  "Z_computed_err": 0.49962742244609964, 
  "Z_computed": 0.03206975530312568, 
  "neval": 52610
}