{
  "duration": 36.10521984100342, 
  "niterations": 7646, 
  "Z_computed_err": 0.4996986976668952, 
  "Z_computed": 0.06107458214542414, 
  "neval": 52068
}