{
  "duration": 23.92507290840149, 
  "neval": 12542, 
  "Z_computed_err": 0.026011890032737107, 
  "Z_computed": -4.337570841625882
}