{
  "duration": 25.296236038208008, 
  "neval": 12708, 
  "Z_computed_err": 0.023789510374417566, 
  "Z_computed": -4.372331222851715
}