{
  "duration": 23.889137029647827, 
  "neval": 13049, 
  "Z_computed_err": 0.026390127142632187, 
  "Z_computed": -4.393848151960693
}