{
  "duration": 24.556069135665894, 
  "neval": 12831, 
  "Z_computed_err": 0.02464194747969841, 
  "Z_computed": -4.544330761355379
}