{
  "duration": 22.116947889328003, 
  "neval": 12533, 
  "Z_computed_err": 0.0296955915261671, 
  "Z_computed": -4.3291299745190654
}