{
  "duration": 21.28899312019348, 
  "neval": 12611, 
  "Z_computed_err": 0.021653027700435618, 
  "Z_computed": -4.35041771575516
}