{
  "duration": 20.90938091278076, 
  "neval": 13090, 
  "Z_computed_err": 0.02623822383849463, 
  "Z_computed": -4.372429166104847
}