{
  "duration": 20.295807123184204, 
  "neval": 12636, 
  "Z_computed_err": 0.025450949636887682, 
  "Z_computed": -4.38132690938311
}