{
  "duration": 20.805987119674683, 
  "neval": 12492, 
  "Z_computed_err": 0.029634814454761727, 
  "Z_computed": -4.3609416434609845
}