{
  "duration": 13.181209087371826, 
  "neval": 12285, 
  "Z_computed_err": 0.02551534774914098, 
  "Z_computed": -4.2880577130535364
}