{
  "duration": 211.75061583518982, 
  "neval": 70278, 
  "Z_computed_err": 0.010681064409150455, 
  "Z_computed": 0.06975065763213455
}