{
  "duration": 220.46561813354492, 
  "neval": 76069, 
  "Z_computed_err": 0.038100456808339976, 
  "Z_computed": 0.12745013239269146
}