{
  "duration": 195.43376398086548, 
  "neval": 69396, 
  "Z_computed_err": 0.01785684750348713, 
  "Z_computed": 0.11883285873676078
}