{
  "duration": 253.6002869606018, 
  "neval": 76936, 
  "Z_computed_err": 0.2117557209833614, 
  "Z_computed": 0.3053617325505799
}