{
  "duration": 175.6841549873352, 
  "neval": 65812, 
  "Z_computed_err": 0.010286065754200473, 
  "Z_computed": 0.09734643682770783
}