{
  "duration": 198.54787015914917, 
  "neval": 71118, 
  "Z_computed_err": 0.2275379988987175, 
  "Z_computed": 0.38394094670779266
}