{
  "duration": 205.90783095359802, 
  "neval": 70357, 
  "Z_computed_err": 0.009859574282583241, 
  "Z_computed": 0.0694897669255109
}