{
  "duration": 202.72298979759216, 
  "neval": 67580, 
  "Z_computed_err": 0.01058971689852414, 
  "Z_computed": 0.07911391339461732
}