{
  "duration": 189.82744097709656, 
  "neval": 73734, 
  "Z_computed_err": 0.41543033823659714, 
  "Z_computed": 0.6587599120744613
}