{
  "duration": 181.28954792022705, 
  "neval": 73196, 
  "Z_computed_err": 0.010435875861348556, 
  "Z_computed": 0.06752307504158417
}