{
  "duration": 364.64745903015137, 
  "niterations": 14188, 
  "Z_computed_err": 0.49995629010336357, 
  "Z_computed": -0.02166863575743196, 
  "neval": 609480
}