{
  "duration": 320.78754210472107, 
  "niterations": 13803, 
  "Z_computed_err": 0.4998007460602497, 
  "Z_computed": -0.009171326256232478, 
  "neval": 552374
}