{
  "duration": 343.5445499420166, 
  "niterations": 14199, 
  "Z_computed_err": 0.4999110263347941, 
  "Z_computed": -0.009863777028358719, 
  "neval": 575287
}