{
  "duration": 328.5007700920105, 
  "niterations": 14226, 
  "Z_computed_err": 0.4996646436183748, 
  "Z_computed": -0.029013111329146992, 
  "neval": 551245
}