{
  "duration": 336.25631499290466, 
  "niterations": 14308, 
  "Z_computed_err": 0.4998295679622059, 
  "Z_computed": -0.14645970454910318, 
  "neval": 569272
}