{
  "duration": 361.5838270187378, 
  "niterations": 14103, 
  "Z_computed_err": 0.4998125468971082, 
  "Z_computed": -0.019053572912034068, 
  "neval": 608186
}