{
  "duration": 335.62627696990967, 
  "niterations": 14138, 
  "Z_computed_err": 0.4997172377808985, 
  "Z_computed": 0.036672938671495015, 
  "neval": 577211
}