{
  "duration": 302.5865960121155, 
  "niterations": 12686, 
  "Z_computed_err": 0.49994299012201415, 
  "Z_computed": -0.17848717381653237, 
  "neval": 626540
}