{
  "duration": 424.4259419441223, 
  "niterations": 12570, 
  "Z_computed_err": 0.4997903835237325, 
  "Z_computed": -0.049681905824504116, 
  "neval": 748358
}