{
  "duration": 374.176894903183, 
  "niterations": 12335, 
  "Z_computed_err": 0.499857817406066, 
  "Z_computed": -0.03357035507234932, 
  "neval": 698344
}