{
  "duration": 343.57298588752747, 
  "niterations": 12487, 
  "Z_computed_err": 0.49978673336710605, 
  "Z_computed": 0.07692249795073891, 
  "neval": 684193
}