{
  "duration": 457.53021001815796, 
  "niterations": 12364, 
  "Z_computed_err": 0.4999233353218803, 
  "Z_computed": 0.1552354570341888, 
  "neval": 730543
}