{
  "duration": 436.9705410003662, 
  "niterations": 12437, 
  "Z_computed_err": 0.49993954923213013, 
  "Z_computed": 0.04883556898404488, 
  "neval": 756495
}