{
  "duration": 431.7959449291229, 
  "niterations": 12546, 
  "Z_computed_err": 0.4999794438358117, 
  "Z_computed": -0.18715335330819685, 
  "neval": 780241
}