{
  "duration": 265.9483640193939, 
  "niterations": 12467, 
  "Z_computed_err": 0.4999732716418217, 
  "Z_computed": 0.0023268873426806193, 
  "neval": 575168
}