{
  "duration": 297.1512870788574, 
  "niterations": 12488, 
  "Z_computed_err": 0.49992406036040404, 
  "Z_computed": 0.10108037298749008, 
  "neval": 624473
}