{
  "duration": 349.3070249557495, 
  "niterations": 12361, 
  "Z_computed_err": 0.4997768354911015, 
  "Z_computed": -0.04369105140555534, 
  "neval": 710983
}