{
  "duration": 11.02165699005127, 
  "niterations": 4141, 
  "Z_computed_err": 0.4997630140456927, 
  "Z_computed": 0.7369669806799855, 
  "neval": 13883
}