{
  "duration": 12.255748987197876, 
  "niterations": 4142, 
  "Z_computed_err": 0.49955069623655307, 
  "Z_computed": 0.7351942738632044, 
  "neval": 13517
}