{
  "duration": 13.815128087997437, 
  "niterations": 4056, 
  "Z_computed_err": 0.49999580558712525, 
  "Z_computed": 0.8201502243370434, 
  "neval": 13497
}