{
  "duration": 11.216191053390503, 
  "niterations": 4132, 
  "Z_computed_err": 0.499899440917711, 
  "Z_computed": 0.7456450599247403, 
  "neval": 14126
}