{
  "duration": 13.2902250289917, 
  "niterations": 4097, 
  "Z_computed_err": 0.49982080865047485, 
  "Z_computed": 0.7790984328683965, 
  "neval": 13575
}