{
  "duration": 12.169156074523926, 
  "niterations": 4097, 
  "Z_computed_err": 0.49987194441592747, 
  "Z_computed": 0.7793259016210262, 
  "neval": 13072
}