{
  "duration": 12.696521997451782, 
  "niterations": 4070, 
  "Z_computed_err": 0.49984722422622196, 
  "Z_computed": 0.8049691221847322, 
  "neval": 13336
}