{
  "duration": 5.98316502571106, 
  "niterations": 1768, 
  "Z_computed_err": 0.49996515620640297, 
  "Z_computed": 0.8194861459052422, 
  "neval": 9302
}