{
  "duration": 5.703062057495117, 
  "niterations": 1818, 
  "Z_computed_err": 0.49927302193196554, 
  "Z_computed": 0.6902307831013779, 
  "neval": 8507
}