{
  "duration": 5.116694927215576, 
  "niterations": 1761, 
  "Z_computed_err": 0.49914199657920333, 
  "Z_computed": 0.8355631863938887, 
  "neval": 7877
}