{
  "duration": 5.491328954696655, 
  "niterations": 1783, 
  "Z_computed_err": 0.49946907283821923, 
  "Z_computed": 0.7803532406264897, 
  "neval": 7436
}