{
  "duration": 17.619472980499268, 
  "neval": 15032, 
  "Z_computed_err": 0.04866197210468339, 
  "Z_computed": 0.01908829818185969
}