{
  "duration": 12.175375938415527, 
  "neval": 13649, 
  "Z_computed_err": 0.0495245990733167, 
  "Z_computed": -0.03854816914229052
}