{
  "duration": 12.74962306022644, 
  "neval": 14463, 
  "Z_computed_err": 0.04868563294658615, 
  "Z_computed": 0.06673870006578328
}