{
  "duration": 13.39020586013794, 
  "neval": 14611, 
  "Z_computed_err": 0.04896314279817615, 
  "Z_computed": 0.004366892897589812
}