{
  "duration": 19.37044906616211, 
  "neval": 14509, 
  "Z_computed_err": 0.048941086629676, 
  "Z_computed": -0.0008282359239294055
}