{
  "duration": 15.109524965286255, 
  "neval": 14730, 
  "Z_computed_err": 0.04880885337711016, 
  "Z_computed": 0.04684644973410727
}