{
  "duration": 15.385989904403687, 
  "neval": 14673, 
  "Z_computed_err": 0.0488951865871136, 
  "Z_computed": 0.038473725664976595
}