{
  "duration": 13.254731893539429, 
  "neval": 14010, 
  "Z_computed_err": 0.049364860693788364, 
  "Z_computed": -0.0339796825861232
}