{
  "duration": 12.4461088180542, 
  "neval": 13213, 
  "Z_computed_err": 0.0504874154621543, 
  "Z_computed": -0.15086153164320845
}