{
  "duration": 12.326438188552856, 
  "neval": 14771, 
  "Z_computed_err": 0.04891851376272798, 
  "Z_computed": 0.03017298216061351
}