{
  "duration": 6.28433895111084, 
  "neval": 18889, 
  "Z_computed_err": 0.1467758373437957, 
  "Z_computed": 0.22427362253222297
}