{
  "neval": 17313, 
  "Z_computed_err": 0.14808141288303764, 
  "Z_computed": 0.028764078298437443
}