{
  "neval": 22132, 
  "Z_computed_err": 0.145204780663285, 
  "Z_computed": 0.43510664703597324
}