{
  "neval": 17702, 
  "Z_computed_err": 0.14831618138553032, 
  "Z_computed": 0.07564357539181185
}