{
  "neval": 16734, 
  "Z_computed_err": 0.1480565519086748, 
  "Z_computed": 0.023624624029832494
}