{
  "neval": 17900, 
  "Z_computed_err": 0.1488420800736845, 
  "Z_computed": 0.059447305843370477
}