{
  "neval": 16874, 
  "Z_computed_err": 0.14916621333401012, 
  "Z_computed": -0.011592156980960267
}