{
  "neval": 17444, 
  "Z_computed_err": 0.14713966176968354, 
  "Z_computed": 0.04142498384571402
}