{
  "neval": 16366, 
  "Z_computed_err": 0.14918066487190945, 
  "Z_computed": -0.06889063143056556
}