{
  "neval": 20990, 
  "Z_computed_err": 0.14686384721048557, 
  "Z_computed": 0.3508126118101374
}