{
  "neval": 47995, 
  "Z_computed_err": 0.3321826032533235, 
  "Z_computed": -0.1887501425622592
}