{
  "neval": 58850, 
  "Z_computed_err": 0.2651436589053211, 
  "Z_computed": 0.027056588449797934
}