{
  "neval": 54489, 
  "Z_computed_err": 0.3084357546486579, 
  "Z_computed": -0.11521025943911437
}