{
  "neval": 59929, 
  "Z_computed_err": 0.2809183907847481, 
  "Z_computed": -0.014537524748167725
}