{
  "neval": 57616, 
  "Z_computed_err": 0.2798501314038847, 
  "Z_computed": -0.006233893899632281
}