{
  "neval": 59311, 
  "Z_computed_err": 0.2831484890912851, 
  "Z_computed": -0.019759455034489327
}