{
  "neval": 60033, 
  "Z_computed_err": 0.27045001729821894, 
  "Z_computed": 0.026188252830554523
}