{
  "neval": 59896, 
  "Z_computed_err": 0.2874845420812847, 
  "Z_computed": -0.054180509841138744
}