{
  "neval": 63749, 
  "Z_computed_err": 0.4999107340484602, 
  "Z_computed": 0.12560440949155935
}