{
  "neval": 58949, 
  "Z_computed_err": 0.27656715342197646, 
  "Z_computed": 0.013438499567444737
}