{
  "duration": 175.8625190258026, 
  "niterations": 14049, 
  "Z_computed_err": 0.49976162005475494, 
  "Z_computed": 0.01417100956606151, 
  "neval": 231997
}