{
  "duration": 176.8564281463623, 
  "niterations": 14202, 
  "Z_computed_err": 0.4998451151124532, 
  "Z_computed": 0.002882609216840146, 
  "neval": 228285
}