{
  "duration": 168.73919010162354, 
  "niterations": 14235, 
  "Z_computed_err": 0.4997624234280032, 
  "Z_computed": -0.11290704680635542, 
  "neval": 233056
}