{
  "duration": 177.11736798286438, 
  "niterations": 13919, 
  "Z_computed_err": 0.4999582364893886, 
  "Z_computed": 0.009339381979266016, 
  "neval": 226494
}