{
  "duration": 168.10139393806458, 
  "niterations": 14230, 
  "Z_computed_err": 0.4996841995009135, 
  "Z_computed": -0.2036956549531154, 
  "neval": 253357
}