{
  "duration": 168.6884729862213, 
  "niterations": 13980, 
  "Z_computed_err": 0.49989000177763615, 
  "Z_computed": -0.1648309971839164, 
  "neval": 232968
}