{
  "duration": 195.0054168701172, 
  "niterations": 13876, 
  "Z_computed_err": 0.49979527171666405, 
  "Z_computed": 0.17597314490216764, 
  "neval": 239709
}