{
  "duration": 176.4283468723297, 
  "niterations": 13661, 
  "Z_computed_err": 0.4998713155379497, 
  "Z_computed": 0.008144283453348005, 
  "neval": 224246
}