{
  "duration": 164.60999703407288, 
  "niterations": 14469, 
  "Z_computed_err": 0.4997718995046939, 
  "Z_computed": -0.24146377012803036, 
  "neval": 232414
}