{
  "duration": 153.39388585090637, 
  "niterations": 14010, 
  "Z_computed_err": 0.4999053825708911, 
  "Z_computed": 0.12717923510431184, 
  "neval": 234582
}