{
  "duration": 1.7716460227966309, 
  "neval": 5096, 
  "Z_computed_err": 0.06564360202114812, 
  "Z_computed": 0.036636801409494005
}