{
  "duration": 1.6929209232330322, 
  "neval": 4678, 
  "Z_computed_err": 0.06889315394169836, 
  "Z_computed": -0.15448603525345964
}