{
  "duration": 1.7481141090393066, 
  "neval": 5247, 
  "Z_computed_err": 0.06455607932663116, 
  "Z_computed": 0.12642436913770114
}