{
  "duration": 1.8052611351013184, 
  "neval": 5050, 
  "Z_computed_err": 0.06583681881798281, 
  "Z_computed": 0.03949889820733267
}