{
  "duration": 1.6891579627990723, 
  "neval": 4849, 
  "Z_computed_err": 0.06564087045055111, 
  "Z_computed": -0.014888755968628063
}