{
  "duration": 1.4923021793365479, 
  "neval": 5096, 
  "Z_computed_err": 0.06662319302003285, 
  "Z_computed": 0.03861998269319326
}