{
  "duration": 1.7785351276397705, 
  "neval": 5167, 
  "Z_computed_err": 0.06509925297807588, 
  "Z_computed": 0.1253662138551137
}