{
  "duration": 1.788492202758789, 
  "neval": 4942, 
  "Z_computed_err": 0.06590696210102959, 
  "Z_computed": 0.005253457412407533
}