{
  "duration": 1.3854219913482666, 
  "neval": 4618, 
  "Z_computed_err": 0.06934248066532556, 
  "Z_computed": -0.1276218803576576
}