{
  "duration": 1.6568830013275146, 
  "neval": 5315, 
  "Z_computed_err": 0.06485824732096154, 
  "Z_computed": 0.0988495200924872
}