{
  "failed": false, 
  "Z_computed_err": 0.024347026000381935, 
  "Z_computed": -0.0026569562868759655, 
  "neval": 2803
}