{
  "duration": 33.26989006996155, 
  "niterations": 8273, 
  "Z_computed_err": 0.4996944320935137, 
  "Z_computed": 235.7379451285078, 
  "neval": 38942
}