{
  "duration": 28.05995202064514, 
  "niterations": 8153, 
  "Z_computed_err": 0.4996681393479835, 
  "Z_computed": 235.85845222571348, 
  "neval": 34183
}