{
  "duration": 26.608942985534668, 
  "niterations": 8222, 
  "Z_computed_err": 0.49980966265022314, 
  "Z_computed": 235.79093032241457, 
  "neval": 33321
}