{
  "duration": 23.649540901184082, 
  "niterations": 8169, 
  "Z_computed_err": 0.49964507414732684, 
  "Z_computed": 235.84138666908157, 
  "neval": 32036
}