{
  "duration": 27.66632390022278, 
  "niterations": 8124, 
  "Z_computed_err": 0.49974292340652804, 
  "Z_computed": 235.8871034290161, 
  "neval": 33000
}