{
  "duration": 24.86243486404419, 
  "niterations": 8363, 
  "Z_computed_err": 0.49995144043238116, 
  "Z_computed": 235.64853793492648, 
  "neval": 32294
}