{
  "duration": 17.34789800643921, 
  "niterations": 3338, 
  "Z_computed_err": 0.499777525208466, 
  "Z_computed": 235.764511753327, 
  "neval": 111583
}