{
  "duration": 125.66354584693909, 
  "niterations": 3299, 
  "Z_computed_err": 0.49962638774399354, 
  "Z_computed": 235.86704516108026, 
  "neval": 1076113
}