{
  "duration": 40.86137008666992, 
  "niterations": 3344, 
  "Z_computed_err": 0.49978358006075374, 
  "Z_computed": 235.7553846739117, 
  "neval": 287364
}