{
  "duration": 8.472742080688477, 
  "niterations": 3302, 
  "Z_computed_err": 0.49909164903951586, 
  "Z_computed": 235.85567563760966, 
  "neval": 21736
}