{
  "duration": 20.85541009902954, 
  "niterations": 3322, 
  "Z_computed_err": 0.4990167488080823, 
  "Z_computed": 235.8059695809063, 
  "neval": 145796
}