{
  "duration": 235.4372239112854, 
  "failed": true, 
  "Z_computed_err": 3.323720828649693, 
  "Z_computed": -1.0648708103874958, 
  "neval": 3180411
}