{
  "duration": 4.253597021102905, 
  "neval": 16113, 
  "Z_computed_err": 0.008983676530837311, 
  "Z_computed": -0.004488587613311285
}