{
  "neval": 14999, 
  "Z_computed_err": 0.008915729086701813, 
  "Z_computed": -0.00448427863845873
}