{
  "neval": 15834, 
  "Z_computed_err": 0.008980726051915184, 
  "Z_computed": -0.0013150747988018873
}