{
  "neval": 15540, 
  "Z_computed_err": 0.008994140081437993, 
  "Z_computed": 0.008932916326061814
}