{
  "neval": 15073, 
  "Z_computed_err": 0.009064649932289719, 
  "Z_computed": -0.0037263926514483283
}