{
  "neval": 15422, 
  "Z_computed_err": 0.00901081026000466, 
  "Z_computed": -0.001645014501198588
}