{
  "neval": 16306, 
  "Z_computed_err": 0.009216071895132833, 
  "Z_computed": -0.010252505380032473
}