{
  "neval": 14999, 
  "Z_computed_err": 0.008824070856662173, 
  "Z_computed": -0.0012658151229524807
}