{
  "neval": 15937, 
  "Z_computed_err": 0.008721821081469131, 
  "Z_computed": -0.004877756531409795
}