{
  "neval": 15729, 
  "Z_computed_err": 0.008741094112112147, 
  "Z_computed": 0.002292536086344529
}