{
  "duration": 46.7389919757843, 
  "niterations": 6679, 
  "Z_computed_err": 0.4997314683370589, 
  "Z_computed": -5.685667983180023, 
  "neval": 34671
}