{
  "duration": 22.925769090652466, 
  "niterations": 6807, 
  "Z_computed_err": 0.4999132914300268, 
  "Z_computed": -5.816239192422955, 
  "neval": 23030
}