{
  "duration": 31.33204221725464, 
  "niterations": 6769, 
  "Z_computed_err": 0.4998208189912611, 
  "Z_computed": -5.774556605893174, 
  "neval": 30244
}