{
  "duration": 31.98348617553711, 
  "niterations": 6838, 
  "Z_computed_err": 0.4998226059605558, 
  "Z_computed": -5.840776997354472, 
  "neval": 30248
}