{
  "duration": 25.268805027008057, 
  "niterations": 6721, 
  "Z_computed_err": 0.4998089044891969, 
  "Z_computed": -5.728956156522667, 
  "neval": 27595
}