{
  "neval": 58709, 
  "Z_computed_err": 0.014310379977130286, 
  "Z_computed": -12.090559270777641
}