{
  "neval": 61734, 
  "Z_computed_err": 0.014865460450832901, 
  "Z_computed": -12.094647657386858
}