{
  "neval": 58576, 
  "Z_computed_err": 0.014650071701761917, 
  "Z_computed": -12.093547935025013
}