{
  "neval": 59595, 
  "Z_computed_err": 0.014691396269334784, 
  "Z_computed": -12.106191777134804
}