{
  "neval": 58662, 
  "Z_computed_err": 0.014780639257781242, 
  "Z_computed": -12.083131935948005
}