{
  "neval": 63798, 
  "Z_computed_err": 0.014505509740063408, 
  "Z_computed": -12.100287123370508
}