{
  "neval": 55955, 
  "Z_computed_err": 0.014993622836152345, 
  "Z_computed": -12.10070721052814
}