{
  "neval": 68367, 
  "Z_computed_err": 0.014372959823875337, 
  "Z_computed": -12.106003321095233
}