{
  "neval": 60070, 
  "Z_computed_err": 0.014380054999641323, 
  "Z_computed": -12.079554378733805
}