{
  "neval": 61782, 
  "Z_computed_err": 0.014641859662260254, 
  "Z_computed": -12.107486382406586
}