{
  "duration": 25.598783016204834, 
  "niterations": 8123, 
  "Z_computed_err": 0.49962963151793044, 
  "Z_computed": 235.88705526214306, 
  "neval": 33143
}