{
  "duration": 27.122266054153442, 
  "niterations": 8243, 
  "Z_computed_err": 0.4996333393945823, 
  "Z_computed": 235.76830723752968, 
  "neval": 32112
}