{
  "duration": 25.363751888275146, 
  "niterations": 8237, 
  "Z_computed_err": 0.4999434523270082, 
  "Z_computed": 235.77053465154532, 
  "neval": 34057
}