{
  "duration": 25.529396057128906, 
  "niterations": 8162, 
  "Z_computed_err": 0.499642766082473, 
  "Z_computed": 235.8477163038651, 
  "neval": 34280
}