{
  "duration": 1.0741732120513916, 
  "neval": 5180, 
  "Z_computed_err": 0.2731946935853686, 
  "Z_computed": -2.6549494429572813
}