{
  "duration": 0.7855820655822754, 
  "neval": 4349, 
  "Z_computed_err": 0.25432675551946216, 
  "Z_computed": -2.971901238065366
}