{
  "duration": 0.9125289916992188, 
  "neval": 4433, 
  "Z_computed_err": 0.2662490390237649, 
  "Z_computed": -2.7081967344316955
}