{
  "duration": 0.9775469303131104, 
  "neval": 3857, 
  "Z_computed_err": 0.25259017750926505, 
  "Z_computed": -2.9302237476585327
}