{
  "duration": 1.1726090908050537, 
  "neval": 3757, 
  "Z_computed_err": 0.26553514841524006, 
  "Z_computed": -3.070658336931799
}