{
  "duration": 0.7042779922485352, 
  "neval": 3622, 
  "Z_computed_err": 0.2536158943714441, 
  "Z_computed": -3.06471758778948
}