{
  "duration": 0.9157910346984863, 
  "neval": 4892, 
  "Z_computed_err": 0.26469892415269297, 
  "Z_computed": -2.701007202459186
}