{
  "duration": 2.3422000408172607, 
  "neval": 6576, 
  "Z_computed_err": 0.2954297772487786, 
  "Z_computed": -2.3301367236940167
}