{
  "duration": 0.7054529190063477, 
  "neval": 4402, 
  "Z_computed_err": 0.23674906955310726, 
  "Z_computed": -2.7287911888710408
}