{
  "duration": 2.4486560821533203, 
  "neval": 4788, 
  "Z_computed_err": 0.2635030101149386, 
  "Z_computed": -2.8532714287999736
}