{
  "duration": 3.903578042984009, 
  "failed": false, 
  "Z_computed_err": 0.25495296045606675, 
  "Z_computed": -1.532784538502625, 
  "neval": 2500
}