{
  "duration": 7.760772943496704, 
  "failed": false, 
  "Z_computed_err": 0.34574384775915323, 
  "Z_computed": -2.9669234311871215, 
  "neval": 4500
}