{
  "duration": 4.760486125946045, 
  "failed": false, 
  "Z_computed_err": 0.25732422539139965, 
  "Z_computed": -1.2600080766980024, 
  "neval": 2500
}