{
  "duration": 14.307188987731934, 
  "failed": false, 
  "Z_computed_err": 0.1784736213478102, 
  "Z_computed": -1.3262151670731386, 
  "neval": 7000
}