{
  "duration": 18.146668195724487, 
  "failed": false, 
  "Z_computed_err": 0.21000534574087837, 
  "Z_computed": -3.8494955512571964, 
  "neval": 10000
}