{
  "duration": 5.0028979778289795, 
  "failed": false, 
  "Z_computed_err": 0.23884519491305012, 
  "Z_computed": -1.4239917488863933, 
  "neval": 2500
}