{
  "duration": 4.114256143569946, 
  "failed": false, 
  "Z_computed_err": 0.2766268132159252, 
  "Z_computed": -1.1097053570341715, 
  "neval": 2500
}