{
  "duration": 3.9478909969329834, 
  "failed": false, 
  "Z_computed_err": 0.34846176175142857, 
  "Z_computed": -0.3396597239296645, 
  "neval": 2500
}