{
  "duration": 6.930997133255005, 
  "failed": false, 
  "Z_computed_err": 0.20172663980345357, 
  "Z_computed": -0.6468101713080185, 
  "neval": 4500
}