{
  "duration": 6.975782871246338, 
  "failed": false, 
  "Z_computed_err": 0.40253968763537706, 
  "Z_computed": -2.8589955437423766, 
  "neval": 4500
}