{
  "neval": 1996, 
  "Z_computed_err": 0.18878975705191972, 
  "Z_computed": -2.495132747288813
}