{
  "neval": 2396, 
  "Z_computed_err": 0.19507423415545813, 
  "Z_computed": -2.139938695060188
}