{
  "neval": 2568, 
  "Z_computed_err": 0.1977235542174252, 
  "Z_computed": -2.05446128642952
}