{
  "neval": 3123, 
  "Z_computed_err": 0.20536553592502524, 
  "Z_computed": -1.7481866912260304
}