{
  "neval": 2555, 
  "Z_computed_err": 0.20311521273591226, 
  "Z_computed": -2.0918034955362375
}