{
  "neval": 1590, 
  "Z_computed_err": 0.19747493288611886, 
  "Z_computed": -2.313856820134604
}