{
  "neval": 6005, 
  "Z_computed_err": 0.23221712997778426, 
  "Z_computed": -0.9654924702437784
}