{
  "neval": 2252, 
  "Z_computed_err": 0.1944527092311976, 
  "Z_computed": -2.166467534852975
}