{
  "neval": 3451, 
  "Z_computed_err": 0.21780306807376748, 
  "Z_computed": -1.5915015434701492
}