{
  "neval": 2120, 
  "Z_computed_err": 0.18114438341333106, 
  "Z_computed": -2.4012948441468325
}