{
  "neval": 7036, 
  "Z_computed_err": 0.39549158370588966, 
  "Z_computed": -0.048250376127787604
}