{
  "neval": 7130, 
  "Z_computed_err": 0.38108568360181094, 
  "Z_computed": -0.02480420577981401
}