{
  "neval": 7472, 
  "Z_computed_err": 0.3877138052844755, 
  "Z_computed": -0.034195516189334224
}