{
  "neval": 7476, 
  "Z_computed_err": 0.3744637887306553, 
  "Z_computed": -0.009934481419125722
}