{
  "neval": 7926, 
  "Z_computed_err": 0.3424453609786067, 
  "Z_computed": 0.05512631164823013
}