{
  "neval": 7545, 
  "Z_computed_err": 0.3646331702323701, 
  "Z_computed": 0.0078104480448734645
}