{
  "neval": 7555, 
  "Z_computed_err": 0.3681320423486354, 
  "Z_computed": 0.004552318819664675
}