{
  "neval": 7572, 
  "Z_computed_err": 0.3668119120004713, 
  "Z_computed": 0.004742800429396335
}