{
  "neval": 7737, 
  "Z_computed_err": 0.3516080774710408, 
  "Z_computed": 0.03490940250218583
}