{
  "neval": 7825, 
  "Z_computed_err": 0.3514040782216097, 
  "Z_computed": 0.03467431737878506
}