{
  "duration": 0.13422703742980957, 
  "failed": false, 
  "Z_computed_err": 0.032687095861754556, 
  "Z_computed": 2.5777888547119787e-05, 
  "neval": 975
}