{
  "duration": 63.249499797821045, 
  "neval": 65108, 
  "Z_computed_err": 0.006697191522334688, 
  "Z_computed": -2.2062551110338045
}