{
  "duration": 92.1078109741211, 
  "neval": 89864, 
  "Z_computed_err": 0.023863121876161884, 
  "Z_computed": -1.9392659885112735
}