{
  "duration": 52.1582670211792, 
  "neval": 52188, 
  "Z_computed_err": 0.009489728595988222, 
  "Z_computed": -2.4493470102501025
}