{
  "duration": 54.3155779838562, 
  "neval": 56872, 
  "Z_computed_err": 0.04014257255245966, 
  "Z_computed": -2.3752774697791024
}