{
  "duration": 54.875094175338745, 
  "neval": 50582, 
  "Z_computed_err": 0.09981135451933176, 
  "Z_computed": -2.3524359163368986
}