{
  "duration": 45.87919497489929, 
  "neval": 52303, 
  "Z_computed_err": 0.014086202227812884, 
  "Z_computed": -2.4462988166445347
}