{
  "duration": 72.75236701965332, 
  "neval": 76034, 
  "Z_computed_err": 0.03082271905875327, 
  "Z_computed": -2.1099997913446544
}