{
  "duration": 46.88100504875183, 
  "neval": 48904, 
  "Z_computed_err": 0.09429227060616646, 
  "Z_computed": -2.330553256377776
}