{
  "duration": 56.94932794570923, 
  "neval": 64359, 
  "Z_computed_err": 0.10015637240694543, 
  "Z_computed": -2.1088209231889823
}