{
  "duration": 51.67497205734253, 
  "neval": 54671, 
  "Z_computed_err": 0.05181077391948513, 
  "Z_computed": -2.3202033931592037
}