{
  "duration": 1.5999500751495361, 
  "neval": 4997, 
  "Z_computed_err": 0.27644166278022136, 
  "Z_computed": 0.31777274814968426
}