{
  "duration": 1.6560919284820557, 
  "neval": 4654, 
  "Z_computed_err": 0.282154226995391, 
  "Z_computed": 0.13456301420596584
}