{
  "duration": 1.5893900394439697, 
  "neval": 5385, 
  "Z_computed_err": 0.2765271049929306, 
  "Z_computed": 0.31386527361201527
}