{
  "duration": 1.5341050624847412, 
  "neval": 4468, 
  "Z_computed_err": 0.2831019621960144, 
  "Z_computed": -0.0389560828508752
}