{
  "duration": 1.5632660388946533, 
  "neval": 4615, 
  "Z_computed_err": 0.2809897130444055, 
  "Z_computed": 0.0781874864094275
}