{
  "duration": 1.2263579368591309, 
  "neval": 5366, 
  "Z_computed_err": 0.2774968788582212, 
  "Z_computed": 0.48267183635997857
}