{
  "duration": 1.1679267883300781, 
  "neval": 5374, 
  "Z_computed_err": 0.2723443882619008, 
  "Z_computed": 0.5041975200311251
}