{
  "duration": 1.4159660339355469, 
  "neval": 5472, 
  "Z_computed_err": 0.2727242759697259, 
  "Z_computed": 0.4937000439993285
}