{
  "duration": 0.9426038265228271, 
  "neval": 4553, 
  "Z_computed_err": 0.279734199737188, 
  "Z_computed": 0.19591568458692601
}