{
  "duration": 1.2126989364624023, 
  "neval": 5556, 
  "Z_computed_err": 0.2718931806241878, 
  "Z_computed": 0.4601341585105705
}