{
  "duration": 9.618957996368408, 
  "niterations": 3717, 
  "Z_computed_err": 0.49976618621311886, 
  "Z_computed": -0.011839512303658642, 
  "neval": 8423
}