{
  "duration": 9.887166023254395, 
  "niterations": 3703, 
  "Z_computed_err": 0.4996359567243803, 
  "Z_computed": 0.0009456960718520599, 
  "neval": 8279
}