{
  "duration": 9.091304063796997, 
  "niterations": 3709, 
  "Z_computed_err": 0.4999629851308945, 
  "Z_computed": -0.007571702107174111, 
  "neval": 8451
}