{
  "duration": 10.657609939575195, 
  "niterations": 3648, 
  "Z_computed_err": 0.499502749231806, 
  "Z_computed": 0.05035623595389527, 
  "neval": 8326
}