{
  "duration": 10.061699867248535, 
  "niterations": 3721, 
  "Z_computed_err": 0.49982094331032384, 
  "Z_computed": -0.019039383983224828, 
  "neval": 8219
}