{
  "duration": 10.723387002944946, 
  "niterations": 3659, 
  "Z_computed_err": 0.49995823659172717, 
  "Z_computed": 0.04587297421637615, 
  "neval": 8461
}