{
  "duration": 152.55957102775574, 
  "niterations": 17509, 
  "Z_computed_err": 0.4996711855313251, 
  "Z_computed": 4.792199225906846, 
  "neval": 84339
}