{
  "duration": 9.432543992996216, 
  "niterations": 3670, 
  "Z_computed_err": 0.49975680902928354, 
  "Z_computed": 0.031768271402765114, 
  "neval": 8276
}