{
  "duration": 9.473927021026611, 
  "niterations": 3589, 
  "Z_computed_err": 0.4999912054000334, 
  "Z_computed": 0.1150633481457242, 
  "neval": 8133
}