{
  "duration": 10.218049049377441, 
  "niterations": 3698, 
  "Z_computed_err": 0.4997898536781055, 
  "Z_computed": 0.0020221560636038234, 
  "neval": 8237
}