{
  "duration": 3.1841511726379395, 
  "neval": 7785, 
  "Z_computed_err": 0.09475044936326613, 
  "Z_computed": 0.06338619193277882
}