{
  "duration": 3.61582088470459, 
  "neval": 7160, 
  "Z_computed_err": 0.09683372761894474, 
  "Z_computed": -0.0420045069356012
}