{
  "duration": 3.8811850547790527, 
  "neval": 7431, 
  "Z_computed_err": 0.09553677554781446, 
  "Z_computed": 5.424985619407758e-05
}