{
  "duration": 3.075698137283325, 
  "neval": 7727, 
  "Z_computed_err": 0.09541551968903492, 
  "Z_computed": -0.006561351127312608
}