{
  "duration": 3.293614149093628, 
  "neval": 8318, 
  "Z_computed_err": 0.09407120819133653, 
  "Z_computed": 0.1415398101296621
}