{
  "duration": 3.783842086791992, 
  "neval": 7652, 
  "Z_computed_err": 0.09550888857843942, 
  "Z_computed": 0.041180070250476056
}