{
  "duration": 0.1370539665222168, 
  "failed": false, 
  "Z_computed_err": 0.08369030327504218, 
  "Z_computed": -0.02894992108313022, 
  "neval": 1000
}