{
  "duration": 0.17931103706359863, 
  "failed": false, 
  "Z_computed_err": 0.08508688085590185, 
  "Z_computed": -0.01910744755263861, 
  "neval": 1000
}