{
  "duration": 0.16501903533935547, 
  "failed": false, 
  "Z_computed_err": 0.08198102985012262, 
  "Z_computed": 0.02720282537351449, 
  "neval": 1000
}