{
  "duration": 0.15874314308166504, 
  "failed": false, 
  "Z_computed_err": 0.08349497203819987, 
  "Z_computed": 0.006359671817880577, 
  "neval": 1000
}