{
  "duration": 0.12567496299743652, 
  "failed": false, 
  "Z_computed_err": 0.07984264050876112, 
  "Z_computed": 0.06554790762380432, 
  "neval": 1000
}