{
  "duration": 0.13732194900512695, 
  "failed": false, 
  "Z_computed_err": 0.08398741947223667, 
  "Z_computed": -0.030468966650391772, 
  "neval": 1000
}