{
  "duration": 0.14527106285095215, 
  "failed": false, 
  "Z_computed_err": 0.08138456071562755, 
  "Z_computed": 0.08972925482634639, 
  "neval": 1000
}