{
  "duration": 0.32396411895751953, 
  "neval": 1219, 
  "Z_computed_err": 0.03220074276670071, 
  "Z_computed": -0.0023011281670611626
}