{
  "duration": 0.3504979610443115, 
  "neval": 1509, 
  "Z_computed_err": 0.03295483399532822, 
  "Z_computed": -0.0161404451042186
}