{
  "duration": 0.26547718048095703, 
  "neval": 1296, 
  "Z_computed_err": 0.03131534431092518, 
  "Z_computed": -0.005484799942377422
}