{
  "duration": 0.33620619773864746, 
  "neval": 1327, 
  "Z_computed_err": 0.035713813672496715, 
  "Z_computed": -0.015179770022563568
}