{
  "duration": 0.28557896614074707, 
  "neval": 1400, 
  "Z_computed_err": 0.03538839062328097, 
  "Z_computed": -0.013703106682912334
}