{
  "duration": 0.22757506370544434, 
  "neval": 1245, 
  "Z_computed_err": 0.03403141806629313, 
  "Z_computed": 0.043763033163478765
}