{
  "duration": 0.26638293266296387, 
  "neval": 1091, 
  "Z_computed_err": 0.03128013799408856, 
  "Z_computed": 0.0013750622572203024
}