{
  "duration": 0.3201460838317871, 
  "neval": 1231, 
  "Z_computed_err": 0.03369615284507392, 
  "Z_computed": -0.00012838840427219613
}