{
  "duration": 0.34757018089294434, 
  "neval": 1338, 
  "Z_computed_err": 0.031533845691994127, 
  "Z_computed": 0.044756932606029746
}