{
  "duration": 13.116311073303223, 
  "niterations": 5678, 
  "Z_computed_err": 0.4999714365358705, 
  "Z_computed": -5.35952242020101, 
  "neval": 14220
}