{
  "duration": 13.166593074798584, 
  "niterations": 5651, 
  "Z_computed_err": 0.49971368411916417, 
  "Z_computed": -5.335474512735284, 
  "neval": 13429
}