{
  "duration": 12.073110818862915, 
  "niterations": 5642, 
  "Z_computed_err": 0.49958911520719906, 
  "Z_computed": -5.323342051293645, 
  "neval": 13616
}