{
  "duration": 13.036700010299683, 
  "niterations": 5486, 
  "Z_computed_err": 0.49954314412918177, 
  "Z_computed": -5.169665509363235, 
  "neval": 13415
}