{
  "duration": 11.26677393913269, 
  "niterations": 5616, 
  "Z_computed_err": 0.4999087252616853, 
  "Z_computed": -5.298490226267644, 
  "neval": 13414
}