{
  "duration": 12.949419021606445, 
  "niterations": 5598, 
  "Z_computed_err": 0.49957960369834276, 
  "Z_computed": -5.278634914705749, 
  "neval": 13430
}