{
  "duration": 13.188601016998291, 
  "niterations": 5723, 
  "Z_computed_err": 0.4997096642732286, 
  "Z_computed": -5.404197848841096, 
  "neval": 13132
}