{
  "duration": 13.013689994812012, 
  "niterations": 5644, 
  "Z_computed_err": 0.4998575756027617, 
  "Z_computed": -5.326257399209602, 
  "neval": 14266
}