{
  "duration": 14.032315015792847, 
  "niterations": 5571, 
  "Z_computed_err": 0.4996398023933464, 
  "Z_computed": -5.25220294927079, 
  "neval": 13492
}