{
  "duration": 13.500357866287231, 
  "niterations": 5721, 
  "Z_computed_err": 0.4999253119884905, 
  "Z_computed": -5.402594259264788, 
  "neval": 13545
}