{
  "failed": false, 
  "Z_computed_err": 0.398779445537105, 
  "Z_computed": 0.73871040422813228, 
  "neval": 6565
}