{
  "duration": 12.63982105255127, 
  "neval": 5549, 
  "Z_computed_err": 0.030463601868340764, 
  "Z_computed": 0.01901970843162728
}