{
  "duration": 12.434989929199219, 
  "neval": 4646, 
  "Z_computed_err": 0.02891600604819441, 
  "Z_computed": 0.15353747907480333
}