{
  "duration": 8.817025184631348, 
  "neval": 4464, 
  "Z_computed_err": 0.027587494915051285, 
  "Z_computed": 0.02628661663576743
}