{
  "duration": 10.164731979370117, 
  "neval": 5062, 
  "Z_computed_err": 0.030349767360558985, 
  "Z_computed": 0.1462166441845557
}