{
  "duration": 9.42576789855957, 
  "neval": 4815, 
  "Z_computed_err": 0.045413146969645886, 
  "Z_computed": 0.0905366877216848
}