{
  "duration": 11.181481122970581, 
  "neval": 5189, 
  "Z_computed_err": 0.03552825637434709, 
  "Z_computed": 0.12010458013389064
}