{
  "duration": 13.553838014602661, 
  "neval": 6105, 
  "Z_computed_err": 0.03220014582549054, 
  "Z_computed": 0.0911117949500139
}