{
  "duration": 10.532567977905273, 
  "neval": 4544, 
  "Z_computed_err": 0.04470010650676127, 
  "Z_computed": 0.08590523778288817
}