{
  "duration": 11.038465023040771, 
  "neval": 4297, 
  "Z_computed_err": 0.03025908002038759, 
  "Z_computed": 0.08994658560270177
}