{
  "duration": 11.026169061660767, 
  "neval": 5165, 
  "Z_computed_err": 0.027407704817826, 
  "Z_computed": 0.10133131471983416
}