{
  "neval": 4993, 
  "Z_computed_err": 0.4255860322632753, 
  "Z_computed": 0.64936354145176511
}