{
  "neval": 5084, 
  "Z_computed_err": 0.4107680724418724, 
  "Z_computed": 0.689774145469356
}