{
  "neval": 5892, 
  "Z_computed_err": 0.3919716207648193, 
  "Z_computed": 0.7430367585472808
}