{
  "neval": 5960, 
  "Z_computed_err": 0.36519952379598414, 
  "Z_computed": 0.83098591653920906
}