{
  "neval": 5186, 
  "Z_computed_err": 0.4072824237955146, 
  "Z_computed": 0.69434068644440861
}