{
  "neval": 4560, 
  "Z_computed_err": 0.40256732953026414, 
  "Z_computed": 0.70774407152765439
}