{
  "neval": 4907, 
  "Z_computed_err": 0.49827670997425033, 
  "Z_computed": 0.48386042686642883
}