{
  "neval": 6570, 
  "Z_computed_err": 0.30160323774409126, 
  "Z_computed": 1.066303465866643
}