{
  "neval": 5967, 
  "Z_computed_err": 0.3421323950289291, 
  "Z_computed": 0.89177814770921837
}