{
  "neval": 5225, 
  "Z_computed_err": 0.4071410045285474, 
  "Z_computed": 0.69371779980044801
}