{
  "duration": 402.7175967693329, 
  "neval": 96316, 
  "Z_computed_err": 0.02809024432060776, 
  "Z_computed": 0.06877630076661952
}