{
  "duration": 354.22990798950195, 
  "neval": 83369, 
  "Z_computed_err": 0.010468226169759311, 
  "Z_computed": 0.09846540710788768
}