{
  "duration": 343.2446999549866, 
  "neval": 82255, 
  "Z_computed_err": 0.012923557199435508, 
  "Z_computed": 0.07050286449859808
}