{
  "duration": 358.11046409606934, 
  "neval": 85014, 
  "Z_computed_err": 0.011389635105546865, 
  "Z_computed": 0.1038919546460391
}