{
  "duration": 386.26179790496826, 
  "neval": 93254, 
  "Z_computed_err": 0.21757020821746945, 
  "Z_computed": 0.31188529650646757
}