{
  "duration": 389.5214729309082, 
  "neval": 90386, 
  "Z_computed_err": 0.014053038531459023, 
  "Z_computed": 0.11980804498323795
}