{
  "duration": 444.1666810512543, 
  "neval": 102706, 
  "Z_computed_err": 0.008945242157992254, 
  "Z_computed": 0.058299498857973066
}