{
  "duration": 348.2950689792633, 
  "neval": 79810, 
  "Z_computed_err": 0.2882040137576677, 
  "Z_computed": 0.4406746713984311
}