{
  "duration": 420.4954619407654, 
  "neval": 96614, 
  "Z_computed_err": 0.011607664440794477, 
  "Z_computed": 0.03819900605008749
}