{
  "duration": 376.31307721138, 
  "neval": 85781, 
  "Z_computed_err": 0.01008159823198139, 
  "Z_computed": 0.0822854248350909
}