{
  "neval": 104807, 
  "Z_computed_err": 0.38116322154370597, 
  "Z_computed": -5.898241474225519
}