{
  "neval": 109050, 
  "Z_computed_err": 0.3340353572589045, 
  "Z_computed": -5.665019962006042
}