{
  "neval": 102420, 
  "Z_computed_err": 0.37375821294161615, 
  "Z_computed": -5.866140775210836
}