{
  "neval": 91769, 
  "Z_computed_err": 0.39790184734285533, 
  "Z_computed": -5.977888164155851
}