{
  "neval": 90441, 
  "Z_computed_err": 0.37868630407807163, 
  "Z_computed": -5.889903045058908
}