{
  "neval": 101434, 
  "Z_computed_err": 0.39559332750548903, 
  "Z_computed": -5.967919671029879
}