{
  "neval": 85475, 
  "Z_computed_err": 0.4536412338950917, 
  "Z_computed": -6.174844684781205
}