{
  "neval": 103303, 
  "Z_computed_err": 0.36227825768158595, 
  "Z_computed": -5.819918690542071
}