{
  "neval": 88589, 
  "Z_computed_err": 0.3804440660236491, 
  "Z_computed": -5.920515977314966
}