{
  "neval": 81219, 
  "Z_computed_err": 0.450317557940044, 
  "Z_computed": -6.175823295768194
}