{
  "neval": 5691, 
  "Z_computed_err": 0.08227586878121651, 
  "Z_computed": 0.6391066235469135
}