{
  "neval": 5774, 
  "Z_computed_err": 0.08175125348380645, 
  "Z_computed": 0.701453118390449
}