{
  "neval": 5758, 
  "Z_computed_err": 0.08218860985945774, 
  "Z_computed": 0.6875510848764425
}