{
  "neval": 6369, 
  "Z_computed_err": 0.0795716873915893, 
  "Z_computed": 0.8371693222611544
}