{
  "neval": 5826, 
  "Z_computed_err": 0.081505994800517, 
  "Z_computed": 0.7028267428477107
}