{
  "neval": 6312, 
  "Z_computed_err": 0.07963644314855253, 
  "Z_computed": 0.8650425129167219
}