{
  "neval": 5981, 
  "Z_computed_err": 0.08046889862207825, 
  "Z_computed": 0.7941207216167088
}