{
  "neval": 6044, 
  "Z_computed_err": 0.0810895509048327, 
  "Z_computed": 0.7197136068836215
}