{
  "neval": 5938, 
  "Z_computed_err": 0.0818586627509735, 
  "Z_computed": 0.6807300298423073
}