{
  "neval": 5909, 
  "Z_computed_err": 0.08258639564463002, 
  "Z_computed": 0.6669937796362531
}