{
  "duration": 16.540378093719482, 
  "niterations": 4260, 
  "Z_computed_err": 0.49928809706144917, 
  "Z_computed": -1.7314507591791444, 
  "neval": 17330
}