{
  "duration": 1231.8865520954132, 
  "niterations": 4888, 
  "Z_computed_err": 5.477892478620626, 
  "Z_computed": -0.46257624808327147, 
  "neval": 2007538
}