{
  "duration": 41.78887414932251, 
  "niterations": 4730, 
  "Z_computed_err": 0.4998415716667231, 
  "Z_computed": -1.767052573877488, 
  "neval": 42048
}