{
  "duration": 25735.503388881683, 
  "niterations": 5219, 
  "Z_computed_err": 2.3613129126196037, 
  "Z_computed": -1.0585424535243424, 
  "neval": 2014585
}