{
  "duration": 0.25009894371032715, 
  "failed": false, 
  "Z_computed_err": 0.2198439849068854, 
  "Z_computed": -3.3457204916369188, 
  "neval": 2000
}