{
  "duration": 0.27313804626464844, 
  "failed": false, 
  "Z_computed_err": 0.36887200292724076, 
  "Z_computed": -3.1020775288090374, 
  "neval": 2000
}