{
  "duration": 0.10109186172485352, 
  "failed": false, 
  "Z_computed_err": 0.27692374703389655, 
  "Z_computed": -4.2719643342068085, 
  "neval": 1000
}