{
  "duration": 0.1315751075744629, 
  "failed": false, 
  "Z_computed_err": 0.25001246857348125, 
  "Z_computed": -4.380908027590928, 
  "neval": 1000
}