{
  "duration": 0.12024497985839844, 
  "failed": false, 
  "Z_computed_err": 0.19917001439324444, 
  "Z_computed": -4.469534957218899, 
  "neval": 1000
}