{
  "duration": 0.09388089179992676, 
  "failed": false, 
  "Z_computed_err": 0.27336110779309797, 
  "Z_computed": -3.532465742176258, 
  "neval": 1000
}