{
  "duration": 0.09425497055053711, 
  "failed": false, 
  "Z_computed_err": 0.2931620858782624, 
  "Z_computed": -3.9760291569833113, 
  "neval": 1000
}