{
  "duration": 0.18478608131408691, 
  "failed": false, 
  "Z_computed_err": 0.31773789503078254, 
  "Z_computed": -3.0648944368189928, 
  "neval": 2000
}