{
  "failed": false, 
  "Z_computed_err": 0.2721913570386789, 
  "Z_computed": 234.91020232635955, 
  "neval": 3000
}