{
  "failed": false, 
  "Z_computed_err": 0.1172415829532838, 
  "Z_computed": 235.07691263307953, 
  "neval": 4000
}