{
  "failed": false, 
  "Z_computed_err": 0.2188720010367149, 
  "Z_computed": 235.08723184315156, 
  "neval": 5000
}