{
  "failed": false, 
  "Z_computed_err": 0.3746627792341428, 
  "Z_computed": 235.310687488369, 
  "neval": 7000
}