{
  "failed": false, 
  "Z_computed_err": 0.3473860091650067, 
  "Z_computed": 235.9280052995554, 
  "neval": 2000
}