{
  "failed": false, 
  "Z_computed_err": 0.34943449768033474, 
  "Z_computed": 234.7209711280006, 
  "neval": 3000
}