{
  "failed": false, 
  "Z_computed_err": 0.393273588736065, 
  "Z_computed": 234.7583383177604, 
  "neval": 3000
}