{
  "failed": false, 
  "Z_computed_err": 0.17972322409556796, 
  "Z_computed": 235.29410042725047, 
  "neval": 4000
}