{
  "failed": false, 
  "Z_computed_err": 0.3481222004449762, 
  "Z_computed": 234.0783961428572, 
  "neval": 2000
}