{
  "failed": false, 
  "Z_computed_err": 0.2907341233434977, 
  "Z_computed": 235.38691416008058, 
  "neval": 5000
}