{
  "duration": 3.5727388858795166, 
  "neval": 16606, 
  "Z_computed_err": 0.14867554974031946, 
  "Z_computed": -11.668854994043397
}