{
  "duration": 5.821771860122681, 
  "neval": 16017, 
  "Z_computed_err": 0.14774058986708388, 
  "Z_computed": -11.528319184390988
}