{
  "duration": 3.5033750534057617, 
  "neval": 15427, 
  "Z_computed_err": 0.14924347487490108, 
  "Z_computed": -11.674117228706876
}