{
  "duration": 4.2195539474487305, 
  "neval": 17910, 
  "Z_computed_err": 0.1476482372151379, 
  "Z_computed": -11.432164537942418
}