{
  "duration": 4.579342842102051, 
  "neval": 17243, 
  "Z_computed_err": 0.1485627055056331, 
  "Z_computed": -11.447096594600184
}