{
  "duration": 4.13393497467041, 
  "neval": 18637, 
  "Z_computed_err": 0.14718348451934662, 
  "Z_computed": -11.295233218210749
}