{
  "duration": 4.314463138580322, 
  "neval": 19286, 
  "Z_computed_err": 0.1466338509580475, 
  "Z_computed": -11.399065832322608
}