{
  "duration": 4.262125015258789, 
  "neval": 16145, 
  "Z_computed_err": 0.14859864968256412, 
  "Z_computed": -11.531434970119504
}