{
  "duration": 4.643028974533081, 
  "neval": 17558, 
  "Z_computed_err": 0.14808202440797238, 
  "Z_computed": -11.444730572984373
}