{
  "duration": 4.4321160316467285, 
  "neval": 16726, 
  "Z_computed_err": 0.14866516757598397, 
  "Z_computed": -11.525907598342066
}