{
  "neval": 2277, 
  "Z_computed_err": 0.18435542031186902, 
  "Z_computed": 0.23664080138471405
}