{
  "neval": 2145, 
  "Z_computed_err": 0.1872267204759521, 
  "Z_computed": 0.1349878526266804
}