{
  "neval": 2171, 
  "Z_computed_err": 0.186505084506809, 
  "Z_computed": 0.19104494732248295
}