{
  "neval": 2530, 
  "Z_computed_err": 0.18282931758876728, 
  "Z_computed": 0.40661186318243403
}