{
  "neval": 2656, 
  "Z_computed_err": 0.17881292648936148, 
  "Z_computed": 0.5083174414843152
}