{
  "neval": 2098, 
  "Z_computed_err": 0.18667179131483455, 
  "Z_computed": 0.17209665354500125
}