{
  "duration": 4528.930323123932, 
  "niterations": 9168, 
  "Z_computed_err": 0.20720105872359298, 
  "Z_computed": 0.18214331485028196, 
  "neval": 1949350
}