{
  "duration": 5512.650762081146, 
  "niterations": 9212, 
  "Z_computed_err": 0.20771969633745158, 
  "Z_computed": 0.15925872938872632, 
  "neval": 2342167
}