{
  "duration": 5199.7157599925995, 
  "niterations": 9244, 
  "Z_computed_err": 0.2073805920666451, 
  "Z_computed": 0.1680631088070218, 
  "neval": 2207893
}