{
  "duration": 6864.113428115845, 
  "niterations": 9448, 
  "Z_computed_err": 0.21012657768652876, 
  "Z_computed": -0.44852585307015896, 
  "neval": 2624067
}