{
  "duration": 5183.721264123917, 
  "niterations": 9255, 
  "Z_computed_err": 0.2081101028922134, 
  "Z_computed": 0.2104272855260261, 
  "neval": 2194718
}