{
  "duration": 5680.374397993088, 
  "niterations": 9269, 
  "Z_computed_err": 0.2079847103733541, 
  "Z_computed": 0.13593037241399616, 
  "neval": 2388142
}