{
  "duration": 5132.48388504982, 
  "niterations": 9274, 
  "Z_computed_err": 0.20609449139834407, 
  "Z_computed": 0.2234472221802946, 
  "neval": 2165089
}