{
  "duration": 5278.959608078003, 
  "niterations": 9412, 
  "Z_computed_err": 0.21002890925945591, 
  "Z_computed": -0.30124315632304177, 
  "neval": 2257629
}