{
  "duration": 5501.434947013855, 
  "niterations": 9206, 
  "Z_computed_err": 0.20732456848897915, 
  "Z_computed": 0.20106494920031168, 
  "neval": 2258062
}