{
  "duration": 5201.96951508522, 
  "niterations": 9350, 
  "Z_computed_err": 0.20769131797329304, 
  "Z_computed": 0.08487538839224272, 
  "neval": 2127310
}