{
  "duration": 22.778820037841797, 
  "neval": 75579, 
  "Z_computed_err": 0.21056042731437394, 
  "Z_computed": -22.95471079686766
}