{
  "duration": 25.11418104171753, 
  "neval": 79780, 
  "Z_computed_err": 0.21089580818705478, 
  "Z_computed": -22.881116359192184
}