{
  "duration": 23.41165280342102, 
  "neval": 87478, 
  "Z_computed_err": 0.21024889623901002, 
  "Z_computed": -22.756703130932134
}