{
  "duration": 23.206791877746582, 
  "neval": 74132, 
  "Z_computed_err": 0.21151268358533262, 
  "Z_computed": -23.107951873469638
}