{
  "duration": 24.57740592956543, 
  "neval": 68685, 
  "Z_computed_err": 0.2114888267874587, 
  "Z_computed": -23.036326798232867
}