{
  "duration": 25.986779928207397, 
  "neval": 78626, 
  "Z_computed_err": 0.21049704885772683, 
  "Z_computed": -22.974682505584358
}