{
  "duration": 24.634510040283203, 
  "neval": 76787, 
  "Z_computed_err": 0.2110627415581233, 
  "Z_computed": -22.957753148975662
}