{
  "duration": 22.436504125595093, 
  "neval": 66061, 
  "Z_computed_err": 0.2119714856826031, 
  "Z_computed": -23.128506279357723
}