{
  "duration": 24.165154933929443, 
  "neval": 69489, 
  "Z_computed_err": 0.21154008945564906, 
  "Z_computed": -23.0519227462119
}