{
  "duration": 17.823848009109497, 
  "neval": 81462, 
  "Z_computed_err": 0.2109814286931541, 
  "Z_computed": -22.983154989411226
}