{
  "neval": 1434, 
  "Z_computed_err": 0.163143593410664, 
  "Z_computed": 0.7719406091548169
}