{
  "neval": 2019, 
  "Z_computed_err": 0.1529099152236348, 
  "Z_computed": 1.0663025728132858
}