{
  "neval": 1691, 
  "Z_computed_err": 0.16185827594359298, 
  "Z_computed": 0.8198047591588137
}