{
  "neval": 1728, 
  "Z_computed_err": 0.15558491408339628, 
  "Z_computed": 0.8978201679996142
}