{
  "neval": 1771, 
  "Z_computed_err": 0.15720492619425003, 
  "Z_computed": 0.9475004519635292
}