{
  "neval": 1811, 
  "Z_computed_err": 0.15406481666752347, 
  "Z_computed": 1.0152500795773272
}