{
  "neval": 1911, 
  "Z_computed_err": 0.15856006837602132, 
  "Z_computed": 0.9111870952719244
}