{
  "neval": 1544, 
  "Z_computed_err": 0.16775179058801357, 
  "Z_computed": 0.5155426205964176
}