{
  "neval": 1442, 
  "Z_computed_err": 0.17234513983680583, 
  "Z_computed": 0.4359573785834065
}