{
  "neval": 1959, 
  "Z_computed_err": 0.16104555971594608, 
  "Z_computed": 0.8358408875899973
}