{
  "duration": 12.900654077529907, 
  "neval": 22754, 
  "Z_computed_err": 0.01789215309237854, 
  "Z_computed": -2.3457453852539647
}