{
  "duration": 8.758019924163818, 
  "neval": 16179, 
  "Z_computed_err": 0.039814630569276054, 
  "Z_computed": -2.633270359637478
}