{
  "duration": 10.727839946746826, 
  "neval": 21202, 
  "Z_computed_err": 0.0124028914879407, 
  "Z_computed": -2.436015165978768
}