{
  "duration": 12.818506956100464, 
  "neval": 22327, 
  "Z_computed_err": 0.011393279102202645, 
  "Z_computed": -2.386661236007147
}