{
  "duration": 10.197338819503784, 
  "neval": 19926, 
  "Z_computed_err": 0.012453512058959221, 
  "Z_computed": -2.4286507522570875
}