{
  "duration": 10.487793922424316, 
  "neval": 20599, 
  "Z_computed_err": 0.11751252131451291, 
  "Z_computed": -2.4118019205385264
}