{
  "duration": 7.143450975418091, 
  "neval": 15911, 
  "Z_computed_err": 0.4968243247809606, 
  "Z_computed": -1.8498095009097228
}