{
  "duration": 7.144719839096069, 
  "neval": 16770, 
  "Z_computed_err": 0.01589098800991726, 
  "Z_computed": -2.647592084864675
}