{
  "duration": 8.526340961456299, 
  "neval": 18459, 
  "Z_computed_err": 0.008887483996015182, 
  "Z_computed": -2.527355239899933
}