{
  "duration": 13.792052984237671, 
  "neval": 29056, 
  "Z_computed_err": 0.008877782555097778, 
  "Z_computed": -2.2276862212456776
}