{
  "neval": 394627, 
  "Z_computed_err": 0.4999349179553971, 
  "Z_computed": -5.90269382111523
}