{
  "neval": 292120, 
  "Z_computed_err": 0.49977696934099586, 
  "Z_computed": -5.797560433820115
}