{
  "neval": 265297, 
  "Z_computed_err": 0.49981414180780553, 
  "Z_computed": -5.770004299816185
}