{
  "neval": 263240, 
  "Z_computed_err": 0.49999195235473026, 
  "Z_computed": -5.768136648954766
}