{
  "neval": 215562, 
  "Z_computed_err": 0.49968554268604853, 
  "Z_computed": -5.678057866314396
}