{
  "neval": 262735, 
  "Z_computed_err": 0.49995691920070084, 
  "Z_computed": -5.713210268149538
}