{
  "neval": 355664, 
  "Z_computed_err": 0.4999124047181041, 
  "Z_computed": -5.9067171624498185
}