{
  "neval": 356911, 
  "Z_computed_err": 0.27462355093405666, 
  "Z_computed": -5.928888126249166
}