{
  "neval": 265286, 
  "Z_computed_err": 0.49985057690044465, 
  "Z_computed": -5.774899366925932
}