{
  "neval": 281976, 
  "Z_computed_err": 0.4999994349051035, 
  "Z_computed": -5.778407946387316
}