{
  "neval": 10470, 
  "Z_computed_err": 0.033418037001394056, 
  "Z_computed": 235.84976301996255
}