{
  "neval": 10419, 
  "Z_computed_err": 0.024779883792831917, 
  "Z_computed": 235.87088649729418
}