{
  "neval": 11356, 
  "Z_computed_err": 0.019012460932331714, 
  "Z_computed": 235.82645697588845
}