{
  "neval": 9868, 
  "Z_computed_err": 0.2353738919059101, 
  "Z_computed": 236.0838971682202
}