{
  "neval": 9900, 
  "Z_computed_err": 0.14021664970189576, 
  "Z_computed": 235.97627032725632
}