{
  "neval": 11536, 
  "Z_computed_err": 0.026595235826954174, 
  "Z_computed": 235.89974175492108
}