{
  "neval": 10638, 
  "Z_computed_err": 0.0614865874523454, 
  "Z_computed": 235.8678256145926
}