{
  "neval": 10736, 
  "Z_computed_err": 0.019433334108311353, 
  "Z_computed": 235.7990938731015
}