{
  "neval": 10742, 
  "Z_computed_err": 0.10036508056509812, 
  "Z_computed": 236.06881513397977
}