{
  "neval": 10287, 
  "Z_computed_err": 0.019573339110551907, 
  "Z_computed": 235.81488276420512
}