{
  "duration": 0.34052085876464844, 
  "neval": 1763, 
  "Z_computed_err": 0.18101541442371874, 
  "Z_computed": -4.48292876167119
}