{
  "duration": 0.4597001075744629, 
  "neval": 2128, 
  "Z_computed_err": 0.17951171767200946, 
  "Z_computed": -4.383185597496118
}