{
  "duration": 0.4164619445800781, 
  "neval": 1617, 
  "Z_computed_err": 0.18488058907969682, 
  "Z_computed": -4.59158420776032
}