{
  "duration": 0.3785519599914551, 
  "neval": 1768, 
  "Z_computed_err": 0.18415424309066838, 
  "Z_computed": -4.630717719188248
}