{
  "duration": 0.3966071605682373, 
  "neval": 1513, 
  "Z_computed_err": 0.18962833272179258, 
  "Z_computed": -4.7587535657086075
}