{
  "duration": 0.527245044708252, 
  "neval": 1545, 
  "Z_computed_err": 0.18862179984080693, 
  "Z_computed": -4.7630101047883535
}