{
  "duration": 0.4092550277709961, 
  "neval": 1490, 
  "Z_computed_err": 0.17680654899160492, 
  "Z_computed": -4.288731907335574
}