{
  "duration": 0.6701719760894775, 
  "neval": 1778, 
  "Z_computed_err": 0.1901510613383546, 
  "Z_computed": -4.738963407799282
}