{
  "duration": 0.558215856552124, 
  "neval": 1571, 
  "Z_computed_err": 0.1836790934206209, 
  "Z_computed": -4.619753343053559
}