{
  "duration": 0.38984203338623047, 
  "neval": 1801, 
  "Z_computed_err": 0.17880589230180607, 
  "Z_computed": -4.33530174054391
}