{
  "duration": 5.712713956832886, 
  "niterations": 1758, 
  "Z_computed_err": 0.4990131713944994, 
  "Z_computed": 0.8442708283671165, 
  "neval": 9747
}