{
  "duration": 5.8883750438690186, 
  "niterations": 1820, 
  "Z_computed_err": 0.49899774573808825, 
  "Z_computed": 0.6926651387590373, 
  "neval": 7956
}