{
  "duration": 5.962719917297363, 
  "niterations": 1856, 
  "Z_computed_err": 0.49969296708194755, 
  "Z_computed": 0.6090392578515692, 
  "neval": 11108
}