{
  "duration": 6.5215489864349365, 
  "niterations": 1836, 
  "Z_computed_err": 0.49932974481337405, 
  "Z_computed": 0.6496010540872471, 
  "neval": 8506
}