{
  "duration": 5.698168039321899, 
  "niterations": 1830, 
  "Z_computed_err": 0.4992177575358654, 
  "Z_computed": 0.6715900255374457, 
  "neval": 8756
}