{
  "duration": 6.619171142578125, 
  "niterations": 1796, 
  "Z_computed_err": 0.49927056507965434, 
  "Z_computed": 0.7558192931153024, 
  "neval": 9265
}