{
  "duration": 90.09120392799377, 
  "neval": 42837, 
  "Z_computed_err": 0.014543463055679808, 
  "Z_computed": 0.03915669808464523
}