{
  "duration": 100.9769229888916, 
  "neval": 39694, 
  "Z_computed_err": 0.01422979152436613, 
  "Z_computed": 0.03406016021070989
}