{
  "duration": 78.42325901985168, 
  "neval": 40683, 
  "Z_computed_err": 0.015077638355926558, 
  "Z_computed": 0.03240687446750295
}