{
  "duration": 68.33640813827515, 
  "neval": 39426, 
  "Z_computed_err": 0.012340645428666273, 
  "Z_computed": 0.05689405694991062
}