{
  "duration": 82.94953989982605, 
  "neval": 41134, 
  "Z_computed_err": 0.01139396308825888, 
  "Z_computed": 0.02409759422748451
}