{
  "duration": 92.92263793945312, 
  "neval": 41975, 
  "Z_computed_err": 0.009682134408593774, 
  "Z_computed": 0.010319151383031746
}