{
  "duration": 76.42008805274963, 
  "neval": 39878, 
  "Z_computed_err": 0.04155188182114905, 
  "Z_computed": 0.08732393714189488
}