{
  "duration": 84.10020422935486, 
  "neval": 38752, 
  "Z_computed_err": 0.009787392485806902, 
  "Z_computed": 0.030349390587332607
}