{
  "duration": 71.25766587257385, 
  "neval": 37261, 
  "Z_computed_err": 0.012221405960261639, 
  "Z_computed": 0.03470004805665993
}