{
  "duration": 75.82136106491089, 
  "neval": 43782, 
  "Z_computed_err": 0.009509616020424692, 
  "Z_computed": 0.010762183660901623
}