{
  "neval": 2424, 
  "Z_computed_err": 0.18342809498308846, 
  "Z_computed": 0.25787174146246794
}