{
  "neval": 2293, 
  "Z_computed_err": 0.184153079239974, 
  "Z_computed": 0.21031452891416022
}