{
  "neval": 1898, 
  "Z_computed_err": 0.18628183738817622, 
  "Z_computed": 0.12097999352523636
}