{
  "neval": 2410, 
  "Z_computed_err": 0.18116642506330852, 
  "Z_computed": 0.2442327041520647
}