{
  "failed": false, 
  "Z_computed_err": 0.13754302861036516, 
  "Z_computed": -1.6160318704424033, 
  "neval": 2947
}