{
  "duration": 70.05808210372925, 
  "niterations": 5747, 
  "Z_computed_err": 0.49958566423716655, 
  "Z_computed": -0.016086138189552953, 
  "neval": 106457
}