{
  "duration": 50.32639789581299, 
  "niterations": 5529, 
  "Z_computed_err": 0.49922928626255386, 
  "Z_computed": 0.3244082580444925, 
  "neval": 109175
}