{
  "duration": 63.80245804786682, 
  "niterations": 5645, 
  "Z_computed_err": 0.49982063899608387, 
  "Z_computed": -0.18463143076061372, 
  "neval": 103767
}