{
  "duration": 77.31668305397034, 
  "niterations": 5739, 
  "Z_computed_err": 0.4996122892602396, 
  "Z_computed": 0.022107650271856388, 
  "neval": 117398
}