{
  "duration": 65.39773297309875, 
  "niterations": 5437, 
  "Z_computed_err": 0.49922944745383946, 
  "Z_computed": 0.048843839447972937, 
  "neval": 104355
}