{
  "duration": 65.46752119064331, 
  "niterations": 5667, 
  "Z_computed_err": 0.4996725945824947, 
  "Z_computed": -0.047579899806251616, 
  "neval": 102650
}