{
  "duration": 73.79518580436707, 
  "niterations": 5656, 
  "Z_computed_err": 0.49922025341635634, 
  "Z_computed": 0.0674816692382192, 
  "neval": 112003
}