{
  "duration": 64.2859160900116, 
  "niterations": 5751, 
  "Z_computed_err": 0.4996240087295768, 
  "Z_computed": -0.21494470718772862, 
  "neval": 110788
}