{
  "duration": 71.40432381629944, 
  "niterations": 5556, 
  "Z_computed_err": 0.4993461074297787, 
  "Z_computed": 0.016093594140345658, 
  "neval": 109943
}