{
  "duration": 69.90595602989197, 
  "niterations": 5579, 
  "Z_computed_err": 0.4992794675510668, 
  "Z_computed": 0.2166960387084664, 
  "neval": 108923
}