{
  "duration": 9.130633115768433, 
  "niterations": 4722, 
  "Z_computed_err": 0.49953841724452785, 
  "Z_computed": -4.099022591468293, 
  "neval": 13333
}