{
  "duration": 8.114938020706177, 
  "niterations": 4768, 
  "Z_computed_err": 0.49960896873848243, 
  "Z_computed": -4.14233533549329, 
  "neval": 13406
}