{
  "duration": 8.959293127059937, 
  "niterations": 4790, 
  "Z_computed_err": 0.4995876885917906, 
  "Z_computed": -4.163886066436945, 
  "neval": 13883
}