{
  "duration": 8.467210054397583, 
  "niterations": 4670, 
  "Z_computed_err": 0.4995044322694421, 
  "Z_computed": -4.045793938359863, 
  "neval": 12757
}