{
  "duration": 8.674088954925537, 
  "niterations": 4727, 
  "Z_computed_err": 0.4997790028004831, 
  "Z_computed": -4.104439505267868, 
  "neval": 12551
}