{
  "duration": 9.18203592300415, 
  "niterations": 4806, 
  "Z_computed_err": 0.49971417228336973, 
  "Z_computed": -4.178751060531653, 
  "neval": 12618
}