{
  "duration": 8.674098014831543, 
  "niterations": 4684, 
  "Z_computed_err": 0.49951243881738017, 
  "Z_computed": -4.057213166527788, 
  "neval": 12887
}