{
  "duration": 9.154088973999023, 
  "niterations": 4675, 
  "Z_computed_err": 0.4998671818304622, 
  "Z_computed": -4.0495819375870274, 
  "neval": 12932
}