{
  "duration": 9.230793952941895, 
  "niterations": 4838, 
  "Z_computed_err": 0.49997429128491055, 
  "Z_computed": -4.213571793037725, 
  "neval": 13044
}