{
  "duration": 9.045792818069458, 
  "niterations": 4659, 
  "Z_computed_err": 0.4999001747156853, 
  "Z_computed": -4.038030924424501, 
  "neval": 13011
}