{
  "duration": 3.903542995452881, 
  "niterations": 1655, 
  "Z_computed_err": 0.4990067580652246, 
  "Z_computed": 0.7973405841926545, 
  "neval": 5465
}