{
  "duration": 3.9108428955078125, 
  "niterations": 1710, 
  "Z_computed_err": 0.49893929702221884, 
  "Z_computed": 0.6654628046772282, 
  "neval": 5105
}