{
  "duration": 3.3997130393981934, 
  "niterations": 1664, 
  "Z_computed_err": 0.4991435965085384, 
  "Z_computed": 0.7740916734324855, 
  "neval": 4891
}