{
  "duration": 3.5572011470794678, 
  "niterations": 1651, 
  "Z_computed_err": 0.4993488332106154, 
  "Z_computed": 0.8084858323271226, 
  "neval": 4984
}