{
  "duration": 3.6120212078094482, 
  "niterations": 1709, 
  "Z_computed_err": 0.4998115577170338, 
  "Z_computed": 0.6629938852152881, 
  "neval": 4989
}