{
  "duration": 3.602465867996216, 
  "niterations": 1645, 
  "Z_computed_err": 0.49924915286799215, 
  "Z_computed": 0.8243599663494219, 
  "neval": 5225
}