{
  "duration": 3.851919174194336, 
  "niterations": 1671, 
  "Z_computed_err": 0.49939209355934044, 
  "Z_computed": 0.7577205752375767, 
  "neval": 5464
}