{
  "duration": 3.4609291553497314, 
  "niterations": 1681, 
  "Z_computed_err": 0.49954449796336026, 
  "Z_computed": 0.7315402327318777, 
  "neval": 5010
}