{
  "duration": 3.604055881500244, 
  "niterations": 1663, 
  "Z_computed_err": 0.499847354668833, 
  "Z_computed": 0.7755046665263587, 
  "neval": 4910
}