{
  "duration": 3.003814935684204, 
  "niterations": 1638, 
  "Z_computed_err": 0.49883708555615824, 
  "Z_computed": 0.8412014600803762, 
  "neval": 5396
}