{
  "failed": false, 
  "Z_computed_err": 0.13911762799543373, 
  "Z_computed": -0.3083882591879832, 
  "neval": 1000
}