{
  "failed": false, 
  "Z_computed_err": 0.1319850804286233, 
  "Z_computed": 0.1599036305119881, 
  "neval": 1000
}