{
  "failed": false, 
  "Z_computed_err": 0.13479017557531991, 
  "Z_computed": -0.06014833375955309, 
  "neval": 1000
}