{
  "failed": false, 
  "Z_computed_err": 0.12920759595176165, 
  "Z_computed": 0.035806764147255386, 
  "neval": 1000
}