{
  "failed": false, 
  "Z_computed_err": 0.14569051933942798, 
  "Z_computed": -0.1808426160066089, 
  "neval": 1000
}