{
  "failed": false, 
  "Z_computed_err": 0.14260314681312583, 
  "Z_computed": -0.15378172436239343, 
  "neval": 1000
}