{
  "duration": 8.10885214805603, 
  "neval": 6126, 
  "Z_computed_err": 0.0772325109836365, 
  "Z_computed": 0.09339114983562055
}