{
  "duration": 7.550227880477905, 
  "neval": 5634, 
  "Z_computed_err": 0.07827827786029126, 
  "Z_computed": -0.08125925821330883
}