{
  "duration": 4.644855976104736, 
  "neval": 6098, 
  "Z_computed_err": 0.07640503325190139, 
  "Z_computed": 0.07165178285919971
}