{
  "duration": 4.644411087036133, 
  "neval": 6207, 
  "Z_computed_err": 0.07616816848552023, 
  "Z_computed": 0.07380736337537737
}