{
  "duration": 4.408550024032593, 
  "neval": 5602, 
  "Z_computed_err": 0.0782824927360269, 
  "Z_computed": -0.056152880740732034
}