{
  "duration": 4.7677671909332275, 
  "neval": 5491, 
  "Z_computed_err": 0.07927726405070741, 
  "Z_computed": -0.07285988698194289
}