{
  "duration": 5.01549506187439, 
  "neval": 6052, 
  "Z_computed_err": 0.07750860995733766, 
  "Z_computed": 0.049138477783153514
}