{
  "duration": 4.797162055969238, 
  "neval": 5833, 
  "Z_computed_err": 0.07792901446782251, 
  "Z_computed": -0.0023121513044443765
}