{
  "duration": 5.04576301574707, 
  "neval": 5521, 
  "Z_computed_err": 0.07954595575502468, 
  "Z_computed": -0.1089313756031036
}