{
  "duration": 4.38489294052124, 
  "neval": 6022, 
  "Z_computed_err": 0.07637916894967103, 
  "Z_computed": 0.09188061022940264
}