{
  "duration": 11.59834098815918, 
  "neval": 20494, 
  "Z_computed_err": 0.034239060849755656, 
  "Z_computed": 5.838836668157833
}