{
  "duration": 13.37244200706482, 
  "neval": 20814, 
  "Z_computed_err": 0.011811929893235993, 
  "Z_computed": 5.122190811613165
}