{
  "duration": 11.389455080032349, 
  "neval": 19540, 
  "Z_computed_err": 0.022288053677125306, 
  "Z_computed": 5.228060509283576
}