{
  "duration": 12.373486042022705, 
  "neval": 20694, 
  "Z_computed_err": 0.012175971723785473, 
  "Z_computed": 5.13536688264442
}