{
  "duration": 12.95185899734497, 
  "neval": 19980, 
  "Z_computed_err": 0.03267505294379914, 
  "Z_computed": 5.2533735934447785
}