{
  "duration": 11.999890089035034, 
  "neval": 21586, 
  "Z_computed_err": 0.03014930234661058, 
  "Z_computed": 5.7419682498126345
}