{
  "duration": 13.432814121246338, 
  "neval": 21287, 
  "Z_computed_err": 0.031432362073079124, 
  "Z_computed": 5.678923299343434
}