{
  "duration": 11.944698095321655, 
  "neval": 19299, 
  "Z_computed_err": 0.011672574867169397, 
  "Z_computed": 5.124488266276259
}