{
  "duration": 11.415486097335815, 
  "neval": 19053, 
  "Z_computed_err": 0.030024444844297275, 
  "Z_computed": 5.564900469440111
}