{
  "duration": 12.139507055282593, 
  "neval": 19556, 
  "Z_computed_err": 0.03133435241863662, 
  "Z_computed": 5.701728696376081
}