{
  "duration": 263.4440848827362, 
  "niterations": 12639, 
  "Z_computed_err": 0.4998603824075709, 
  "Z_computed": -1.2955550167639078, 
  "neval": 143300
}