{
  "duration": 209.08450198173523, 
  "niterations": 12377, 
  "Z_computed_err": 0.4998737017498036, 
  "Z_computed": -1.478799368940245, 
  "neval": 110480
}