{
  "duration": 4115.256446123123, 
  "niterations": 12922, 
  "Z_computed_err": 3.393425387760072, 
  "Z_computed": -1.017895529625362, 
  "neval": 2004232
}