{
  "duration": 84.81324315071106, 
  "niterations": 11352, 
  "Z_computed_err": 0.49993288993441093, 
  "Z_computed": -1.4378389349493264, 
  "neval": 54829
}