{
  "duration": 75.19337320327759, 
  "niterations": 10893, 
  "Z_computed_err": 0.4998849980179654, 
  "Z_computed": -1.5408902794799166, 
  "neval": 42388
}