{
  "duration": 3213.944077014923, 
  "niterations": 14822, 
  "Z_computed_err": 1.4670006266341031, 
  "Z_computed": -1.156393406713137, 
  "neval": 2000116
}