{
  "duration": 44.15107703208923, 
  "niterations": 10447, 
  "Z_computed_err": 0.49974391396855317, 
  "Z_computed": -1.7185403393218712, 
  "neval": 32974
}