{
  "duration": 48.14490795135498, 
  "niterations": 10557, 
  "Z_computed_err": 0.49962647052310405, 
  "Z_computed": -1.5908024281253255, 
  "neval": 32384
}