{
  "duration": 181.27114701271057, 
  "niterations": 12487, 
  "Z_computed_err": 0.4999268679266656, 
  "Z_computed": -1.3136788274187012, 
  "neval": 117522
}