{
  "duration": 2.360244035720825, 
  "neval": 7026, 
  "Z_computed_err": 0.02806836516821216, 
  "Z_computed": -5.288365931176103
}