{
  "duration": 2.021981954574585, 
  "neval": 6862, 
  "Z_computed_err": 0.028084174879802335, 
  "Z_computed": -4.971378915401466
}