{
  "duration": 2.83341908454895, 
  "neval": 7306, 
  "Z_computed_err": 0.021540388442173607, 
  "Z_computed": -5.269704481379746
}