{
  "duration": 2.2171239852905273, 
  "neval": 7220, 
  "Z_computed_err": 0.02306869913153746, 
  "Z_computed": -5.194988802566639
}