{
  "duration": 2.262230157852173, 
  "neval": 7282, 
  "Z_computed_err": 0.028126925692390475, 
  "Z_computed": -5.189228989096336
}