{
  "duration": 2.690563917160034, 
  "neval": 7264, 
  "Z_computed_err": 0.02378602834079072, 
  "Z_computed": -5.247375639835769
}