{
  "duration": 2.716999053955078, 
  "neval": 7365, 
  "Z_computed_err": 0.02455601912404763, 
  "Z_computed": -5.2493872381641
}