{
  "duration": 2.6835639476776123, 
  "neval": 7233, 
  "Z_computed_err": 0.020515335743102107, 
  "Z_computed": -5.188921363220223
}