{
  "duration": 2.176482915878296, 
  "neval": 6678, 
  "Z_computed_err": 0.024263323287325844, 
  "Z_computed": -4.718575834839708
}