{
  "duration": 2.0437209606170654, 
  "neval": 7997, 
  "Z_computed_err": 0.02366341308764586, 
  "Z_computed": -5.217031467910946
}