{
  "duration": 43.269619941711426, 
  "niterations": 5594, 
  "Z_computed_err": 0.4998486428048946, 
  "Z_computed": -0.03163741214628663, 
  "neval": 296883
}