{
  "duration": 153.89961409568787, 
  "niterations": 5544, 
  "Z_computed_err": 0.4997980543057674, 
  "Z_computed": 0.014446444493674878, 
  "neval": 310039
}