{
  "duration": 142.69271612167358, 
  "niterations": 5616, 
  "Z_computed_err": 0.4999653367831637, 
  "Z_computed": 0.002549153439220712, 
  "neval": 282152
}