{
  "duration": 142.4000141620636, 
  "niterations": 5705, 
  "Z_computed_err": 0.4997129277655534, 
  "Z_computed": -0.14252434852213997, 
  "neval": 291807
}