{
  "duration": 157.8699929714203, 
  "niterations": 5577, 
  "Z_computed_err": 0.4996087924957906, 
  "Z_computed": 0.01638784264645607, 
  "neval": 295906
}