{
  "duration": 158.91769409179688, 
  "niterations": 5599, 
  "Z_computed_err": 0.4994213928137655, 
  "Z_computed": -0.006192407306065979, 
  "neval": 301926
}