{
  "duration": 166.60138702392578, 
  "niterations": 5639, 
  "Z_computed_err": 0.4999968137144365, 
  "Z_computed": 0.06780819616288175, 
  "neval": 320626
}