{
  "duration": 24.16215205192566, 
  "niterations": 4950, 
  "Z_computed_err": 0.49937319919065015, 
  "Z_computed": -11.694135458113935, 
  "neval": 92682
}