{
  "duration": 21.66083598136902, 
  "niterations": 4796, 
  "Z_computed_err": 0.49993590459027715, 
  "Z_computed": -11.33322037760977, 
  "neval": 85307
}