{
  "duration": 21.22352910041809, 
  "niterations": 4894, 
  "Z_computed_err": 0.4992468490563732, 
  "Z_computed": -11.596227759697907, 
  "neval": 83062
}