{
  "duration": 21.687103986740112, 
  "niterations": 4901, 
  "Z_computed_err": 0.499947161371061, 
  "Z_computed": -11.666780849421041, 
  "neval": 85985
}