{
  "duration": 21.73848795890808, 
  "niterations": 4889, 
  "Z_computed_err": 0.49998620448045117, 
  "Z_computed": -11.604328866747275, 
  "neval": 89944
}