{
  "duration": 21.838633060455322, 
  "niterations": 4758, 
  "Z_computed_err": 0.4992846839469338, 
  "Z_computed": -11.279498131406896, 
  "neval": 84833
}