{
  "duration": 21.18517279624939, 
  "niterations": 4845, 
  "Z_computed_err": 0.4993531847427761, 
  "Z_computed": -11.415285262845568, 
  "neval": 81838
}