{
  "duration": 22.271045923233032, 
  "niterations": 4836, 
  "Z_computed_err": 0.4992828899350875, 
  "Z_computed": -11.47269459816984, 
  "neval": 85102
}