{
  "duration": 22.609776973724365, 
  "niterations": 4982, 
  "Z_computed_err": 0.4997380115644084, 
  "Z_computed": -11.839813454916378, 
  "neval": 86501
}