{
  "duration": 20.741251945495605, 
  "niterations": 4834, 
  "Z_computed_err": 0.4996537218259822, 
  "Z_computed": -11.504544080742741, 
  "neval": 89266
}