{
  "duration": 4.761528015136719, 
  "neval": 11162, 
  "Z_computed_err": 0.012173461716141856, 
  "Z_computed": 0.006968899388047603
}