{
  "duration": 4.141545057296753, 
  "neval": 8450, 
  "Z_computed_err": 0.013323766065758559, 
  "Z_computed": 0.0025114178515545224
}