{
  "duration": 3.900761842727661, 
  "neval": 10174, 
  "Z_computed_err": 0.011991104528111423, 
  "Z_computed": 0.0026579355451558585
}