{
  "duration": 4.446210145950317, 
  "neval": 10856, 
  "Z_computed_err": 0.011430542206750063, 
  "Z_computed": 0.0005351468281914758
}