{
  "duration": 3.905776023864746, 
  "neval": 9110, 
  "Z_computed_err": 0.012420813178688761, 
  "Z_computed": 0.0012228242362177285
}