{
  "duration": 3.1488568782806396, 
  "neval": 10436, 
  "Z_computed_err": 0.011585348678220003, 
  "Z_computed": -0.0012524397571099287
}