{
  "duration": 4.620543956756592, 
  "neval": 11579, 
  "Z_computed_err": 0.01226822920564592, 
  "Z_computed": -0.0038221526585251126
}