{
  "duration": 4.294028043746948, 
  "neval": 9493, 
  "Z_computed_err": 0.012992015362530461, 
  "Z_computed": 0.0003977165865354441
}