{
  "duration": 3.723015069961548, 
  "neval": 9942, 
  "Z_computed_err": 0.012805647161630154, 
  "Z_computed": -0.011512740417443542
}