{
  "duration": 4.003623008728027, 
  "neval": 9561, 
  "Z_computed_err": 0.012292141531674983, 
  "Z_computed": 0.005885692205146462
}