{
  "duration": 2.4842300415039062, 
  "neval": 6925, 
  "Z_computed_err": 0.10133410447243327, 
  "Z_computed": -5.305844359212062
}