{
  "duration": 2.4913198947906494, 
  "neval": 6749, 
  "Z_computed_err": 0.10173582595097796, 
  "Z_computed": -5.389392062263988
}