{
  "duration": 2.6317641735076904, 
  "neval": 7757, 
  "Z_computed_err": 0.09859556037013985, 
  "Z_computed": -5.097067711885695
}