{
  "duration": 2.332537889480591, 
  "neval": 7127, 
  "Z_computed_err": 0.09930869867493151, 
  "Z_computed": -5.154061010617484
}