{
  "duration": 2.6895809173583984, 
  "neval": 7149, 
  "Z_computed_err": 0.10089843528710561, 
  "Z_computed": -5.2882217125902455
}