{
  "duration": 2.140650987625122, 
  "neval": 6653, 
  "Z_computed_err": 0.10167845918822929, 
  "Z_computed": -5.342474013551218
}