{
  "duration": 2.2069199085235596, 
  "neval": 7268, 
  "Z_computed_err": 0.09857567937025301, 
  "Z_computed": -5.094563968086335
}