{
  "duration": 2.3588922023773193, 
  "neval": 7580, 
  "Z_computed_err": 0.09921615163797402, 
  "Z_computed": -5.132085163076446
}