{
  "duration": 2.331338882446289, 
  "neval": 7142, 
  "Z_computed_err": 0.10035477861958714, 
  "Z_computed": -5.222082438174629
}