{
  "duration": 1.4834718704223633, 
  "neval": 7611, 
  "Z_computed_err": 0.09909591269547764, 
  "Z_computed": -5.136280619641046
}