{
  "duration": 16.994506120681763, 
  "niterations": 5472, 
  "Z_computed_err": 0.49971404634632144, 
  "Z_computed": 0.29329885610037726, 
  "neval": 12187
}