{
  "duration": 16.43927001953125, 
  "niterations": 5599, 
  "Z_computed_err": 0.49971495885494166, 
  "Z_computed": 0.16287333469198115, 
  "neval": 12159
}