{
  "duration": 15.969999074935913, 
  "niterations": 5591, 
  "Z_computed_err": 0.49967900747681293, 
  "Z_computed": 0.17106141172107422, 
  "neval": 12002
}