{
  "duration": 15.25982403755188, 
  "niterations": 5538, 
  "Z_computed_err": 0.4996657043518676, 
  "Z_computed": 0.22492348244372856, 
  "neval": 11896
}