{
  "neval": 33203, 
  "Z_computed_err": 0.06778691116414282, 
  "Z_computed": -1.6928392261377059
}