{
  "neval": 36970, 
  "Z_computed_err": 0.07203308557020026, 
  "Z_computed": -1.5679701044199452
}