{
  "neval": 34504, 
  "Z_computed_err": 0.07572763977156047, 
  "Z_computed": -0.8434114100996178
}