{
  "neval": 46412, 
  "Z_computed_err": 0.07898501295040157, 
  "Z_computed": -1.308195632270024
}