{
  "neval": 28558, 
  "Z_computed_err": 0.06831840305735538, 
  "Z_computed": -1.757942832294493
}