{
  "neval": 33813, 
  "Z_computed_err": 0.06747606455515195, 
  "Z_computed": -1.6697086520448283
}