{
  "neval": 41829, 
  "Z_computed_err": 0.07258923906874282, 
  "Z_computed": -1.4129211100560333
}