{
  "neval": 31858, 
  "Z_computed_err": 0.06778617350914853, 
  "Z_computed": -1.70116728534989
}