{
  "neval": 43398, 
  "Z_computed_err": 0.07380178650356152, 
  "Z_computed": -1.3620177231324042
}