{
  "neval": 32250, 
  "Z_computed_err": 0.06980316925612189, 
  "Z_computed": -1.7270358577453315
}