{
  "failed": false, 
  "Z_computed_err": 0.11832397137814232, 
  "Z_computed": 0.84837105874129515, 
  "neval": 3890
}