{
  "duration": 125.43304896354675, 
  "niterations": 11458, 
  "Z_computed_err": 0.49931216814778423, 
  "Z_computed": -1.9541498684341447, 
  "neval": 352639
}