{
  "duration": 133.4452669620514, 
  "niterations": 11981, 
  "Z_computed_err": 0.49986523742715633, 
  "Z_computed": -1.8632162674953778, 
  "neval": 372383
}