{
  "duration": 110.3595130443573, 
  "niterations": 11928, 
  "Z_computed_err": 0.49951431614649666, 
  "Z_computed": -1.8741598696388961, 
  "neval": 318816
}