{
  "duration": 178.67864394187927, 
  "niterations": 12304, 
  "Z_computed_err": 0.4997494552251478, 
  "Z_computed": -1.8256375358826056, 
  "neval": 484001
}