{
  "duration": 171.57320189476013, 
  "niterations": 12103, 
  "Z_computed_err": 0.49960822027796437, 
  "Z_computed": -1.82583105758403, 
  "neval": 435574
}