{
  "duration": 187.29564690589905, 
  "niterations": 12434, 
  "Z_computed_err": 0.4997357814904866, 
  "Z_computed": -1.7101146499982776, 
  "neval": 491531
}