{
  "neval": 704231, 
  "Z_computed_err": 0.4999777539558202, 
  "Z_computed": -5.888513816430214
}