{
  "neval": 572475, 
  "Z_computed_err": 0.49983617115575657, 
  "Z_computed": -5.792957758284924
}