{
  "neval": 656985, 
  "Z_computed_err": 0.4998845847645659, 
  "Z_computed": -5.859312517279384
}