{
  "neval": 646740, 
  "Z_computed_err": 0.49996104082282733, 
  "Z_computed": -5.871972976528578
}