{
  "neval": 602730, 
  "Z_computed_err": 0.4998365626405311, 
  "Z_computed": -5.824544097636853
}