{
  "neval": 514921, 
  "Z_computed_err": 0.4999344704729305, 
  "Z_computed": -5.714842815570433
}