{
  "neval": 536901, 
  "Z_computed_err": 0.4998698480621404, 
  "Z_computed": -5.7722985388691965
}