{
  "neval": 576778, 
  "Z_computed_err": 0.49996238589810293, 
  "Z_computed": -5.8129851412941544
}