{
  "neval": 547261, 
  "Z_computed_err": 0.4999198297117747, 
  "Z_computed": -5.7698570256825
}