{
  "neval": 570668, 
  "Z_computed_err": 0.4999124754387311, 
  "Z_computed": -5.787663138105416
}