{
  "duration": 14.609328985214233, 
  "neval": 15494, 
  "Z_computed_err": 0.01066669603276429, 
  "Z_computed": 0.054034045251722826
}