{
  "duration": 13.412807941436768, 
  "neval": 13663, 
  "Z_computed_err": 0.010425577816369732, 
  "Z_computed": 0.024983794044840964
}