{
  "duration": 19.256954193115234, 
  "neval": 14710, 
  "Z_computed_err": 0.010547193145555174, 
  "Z_computed": 0.06629987528073844
}