{
  "duration": 20.459842920303345, 
  "neval": 14799, 
  "Z_computed_err": 0.010513145403597374, 
  "Z_computed": 0.046913190351056996
}