{
  "duration": 13.669580936431885, 
  "neval": 14811, 
  "Z_computed_err": 0.010481314684036411, 
  "Z_computed": 0.03814385744281864
}