{
  "duration": 16.061288118362427, 
  "neval": 14786, 
  "Z_computed_err": 0.010359985362376247, 
  "Z_computed": 0.06589985900457856
}