{
  "duration": 17.640453100204468, 
  "neval": 14654, 
  "Z_computed_err": 0.010193371368964357, 
  "Z_computed": 0.03544642916073204
}