{
  "duration": 15.533096075057983, 
  "neval": 14020, 
  "Z_computed_err": 0.010543220153085892, 
  "Z_computed": 0.03762848071043064
}