{
  "duration": 15.478867053985596, 
  "neval": 13763, 
  "Z_computed_err": 0.010365790550412918, 
  "Z_computed": -0.0013242786625405538
}