{
  "duration": 13.864579916000366, 
  "neval": 15069, 
  "Z_computed_err": 0.010387655505046004, 
  "Z_computed": 0.03082124903135341
}