{
  "duration": 0.8691368103027344, 
  "failed": false, 
  "Z_computed_err": 0.13355682406622102, 
  "Z_computed": -0.0297474472970149, 
  "neval": 5089
}