{
  "duration": 1.005600929260254, 
  "failed": false, 
  "Z_computed_err": 0.13355682406622102, 
  "Z_computed": -0.0297474472970149, 
  "neval": 5089
}