{
  "duration": 70.90834593772888, 
  "neval": 43096, 
  "Z_computed_err": 0.009137192869691573, 
  "Z_computed": -11.653603868294192
}