{
  "duration": 71.0453679561615, 
  "neval": 38921, 
  "Z_computed_err": 0.00935315572714315, 
  "Z_computed": -11.655869735132981
}