{
  "duration": 67.44912195205688, 
  "neval": 40416, 
  "Z_computed_err": 0.009548090624811855, 
  "Z_computed": -11.649513248979856
}