{
  "duration": 67.74971795082092, 
  "neval": 46461, 
  "Z_computed_err": 0.008729873157036265, 
  "Z_computed": -11.643975052273921
}