{
  "duration": 67.92312788963318, 
  "neval": 40403, 
  "Z_computed_err": 0.00911044799266469, 
  "Z_computed": -11.642591980111314
}