{
  "duration": 37.807836055755615, 
  "neval": 43198, 
  "Z_computed_err": 0.008912563479960934, 
  "Z_computed": -11.643982899312363
}