{
  "duration": 38.71194791793823, 
  "neval": 43584, 
  "Z_computed_err": 0.008966575610123897, 
  "Z_computed": -11.630872876355511
}