{
  "duration": 38.86037802696228, 
  "neval": 40345, 
  "Z_computed_err": 0.009243362679170851, 
  "Z_computed": -11.652068030992782
}