{
  "duration": 36.739952087402344, 
  "neval": 42946, 
  "Z_computed_err": 0.01045236315370439, 
  "Z_computed": -11.638697065323258
}