{
  "duration": 20.00386095046997, 
  "neval": 44091, 
  "Z_computed_err": 0.008727817008432299, 
  "Z_computed": -11.64444493924008
}