{
  "duration": 0.4893929958343506, 
  "failed": false, 
  "Z_computed_err": 0.3762704047430203, 
  "Z_computed": 5.136129369319094, 
  "neval": 2535
}