{
  "duration": 132.45946502685547, 
  "neval": 48903, 
  "Z_computed_err": 0.010094416364096007, 
  "Z_computed": 0.01550532945229041
}