{
  "duration": 118.11798596382141, 
  "neval": 42596, 
  "Z_computed_err": 0.008724899997856745, 
  "Z_computed": 0.019655818317837234
}