{
  "duration": 128.81289196014404, 
  "neval": 45425, 
  "Z_computed_err": 0.02191431115934861, 
  "Z_computed": 0.047637322117975577
}