{
  "duration": 129.33562588691711, 
  "neval": 43325, 
  "Z_computed_err": 0.008620887488354349, 
  "Z_computed": 0.025365219123965957
}