{
  "duration": 117.64654803276062, 
  "neval": 42577, 
  "Z_computed_err": 0.008798170296693957, 
  "Z_computed": 0.018001883697016264
}