{
  "duration": 113.05033493041992, 
  "neval": 41390, 
  "Z_computed_err": 0.008617860052801364, 
  "Z_computed": 0.01514595593584897
}