{
  "duration": 100.69007611274719, 
  "neval": 41808, 
  "Z_computed_err": 0.022885608966341134, 
  "Z_computed": 0.03341495143376757
}