{
  "duration": 102.06917905807495, 
  "neval": 40558, 
  "Z_computed_err": 0.026044713373812433, 
  "Z_computed": 0.04419609120453185
}