{
  "duration": 116.34024691581726, 
  "neval": 42290, 
  "Z_computed_err": 0.015602699846694372, 
  "Z_computed": 0.03786016044804907
}