{
  "duration": 107.47486686706543, 
  "neval": 45589, 
  "Z_computed_err": 0.00843000535347583, 
  "Z_computed": 0.0070897676291120934
}