{
  "duration": 0.19907593727111816, 
  "failed": false, 
  "Z_computed_err": 0.04101095291715939, 
  "Z_computed": -4.1981996763797484, 
  "neval": 2196
}