{
  "duration": 4.494314908981323, 
  "neval": 7829, 
  "Z_computed_err": 0.017361632224679336, 
  "Z_computed": -0.0027715588504550284
}