{
  "duration": 3.580249071121216, 
  "neval": 7146, 
  "Z_computed_err": 0.016413662935670835, 
  "Z_computed": 0.011981742059727706
}