{
  "duration": 3.08742618560791, 
  "neval": 8430, 
  "Z_computed_err": 0.016870610556963404, 
  "Z_computed": 0.029849699576657725
}