{
  "duration": 2.8518669605255127, 
  "neval": 7211, 
  "Z_computed_err": 0.016986465004595844, 
  "Z_computed": -0.0006135905768623619
}