{
  "duration": 2.723262071609497, 
  "neval": 7546, 
  "Z_computed_err": 0.01768196274632904, 
  "Z_computed": -0.010514867915570061
}