{
  "duration": 5.704268932342529, 
  "neval": 16933, 
  "Z_computed_err": 0.009777968174573427, 
  "Z_computed": -0.0023237464409871086
}