{
  "neval": 19390, 
  "Z_computed_err": 0.060099565802483886, 
  "Z_computed": 0.05538875314322136
}