{
  "neval": 16985, 
  "Z_computed_err": 0.008990253015590444, 
  "Z_computed": -0.00891609089539677
}