{
  "neval": 15958, 
  "Z_computed_err": 0.009927846431462037, 
  "Z_computed": -0.015453300196222144
}