{
  "neval": 17752, 
  "Z_computed_err": 0.009867028732826943, 
  "Z_computed": -0.017057201998660104
}