{
  "neval": 18390, 
  "Z_computed_err": 0.00899961845910668, 
  "Z_computed": -0.004102688439513902
}