{
  "neval": 17385, 
  "Z_computed_err": 0.014701835532851601, 
  "Z_computed": 0.006134491189706369
}