{
  "neval": 17640, 
  "Z_computed_err": 0.00898750327630378, 
  "Z_computed": -0.01067993588882322
}