{
  "neval": 15791, 
  "Z_computed_err": 0.010095955539899516, 
  "Z_computed": -0.012130053079237145
}