{
  "neval": 18293, 
  "Z_computed_err": 0.00980534555718007, 
  "Z_computed": -0.012680548614700282
}