{
  "duration": 1.7803142070770264, 
  "niterations": 944, 
  "Z_computed_err": 0.49970126291755934, 
  "Z_computed": 0.0323778781575889, 
  "neval": 2022
}