{
  "duration": 1.9803099632263184, 
  "niterations": 948, 
  "Z_computed_err": 0.499520120939274, 
  "Z_computed": 0.019924038553649482, 
  "neval": 1978
}