{
  "duration": 1.7046220302581787, 
  "niterations": 969, 
  "Z_computed_err": 0.499160435213687, 
  "Z_computed": -0.03294399383852895, 
  "neval": 2006
}