{
  "duration": 1.5653190612792969, 
  "niterations": 953, 
  "Z_computed_err": 0.4995022094698285, 
  "Z_computed": 0.006180228922966282, 
  "neval": 1965
}