{
  "duration": 1.4425489902496338, 
  "niterations": 958, 
  "Z_computed_err": 0.4996725250692762, 
  "Z_computed": -0.003660775640559611, 
  "neval": 2001
}