{
  "neval": 2002512, 
  "Z_computed_err": 272.429574316574, 
  "Z_computed": -13.032949705996147
}