{
  "neval": 2004369, 
  "Z_computed_err": 267.85984396353444, 
  "Z_computed": -18.370807598259372
}