{
  "neval": 2000254, 
  "Z_computed_err": 279.35151034437536, 
  "Z_computed": -14.585754174583235
}