{
  "neval": 2007795, 
  "Z_computed_err": 246.3899603009158, 
  "Z_computed": -36.231761926691341
}