{
  "neval": 2013572, 
  "Z_computed_err": 266.32359753869883, 
  "Z_computed": -12.473041167777275
}