{
  "neval": 2008646, 
  "Z_computed_err": 284.2020822153921, 
  "Z_computed": -10.2501399318363
}