{
  "neval": 2006136, 
  "Z_computed_err": 262.2106240857732, 
  "Z_computed": -20.108749216162401
}