{
  "neval": 2013162, 
  "Z_computed_err": 271.48857225154734, 
  "Z_computed": -20.296460972061382
}