{
  "neval": 2001029, 
  "Z_computed_err": 256.54219057109685, 
  "Z_computed": -35.942968513509172
}