{
  "neval": 2001807, 
  "Z_computed_err": 266.5056278725069, 
  "Z_computed": -17.855754298961827
}