{
  "neval": 85801, 
  "Z_computed_err": 0.39915926773878163, 
  "Z_computed": 0.367920506048398
}