{
  "neval": 67389, 
  "Z_computed_err": 0.48901922657877916, 
  "Z_computed": 0.16854351368127254
}