{
  "neval": 76761, 
  "Z_computed_err": 0.43948065476332326, 
  "Z_computed": 0.2861694922689857
}