{
  "neval": 70785, 
  "Z_computed_err": 0.4802596737700307, 
  "Z_computed": 0.18574596377269217
}