{
  "neval": 80414, 
  "Z_computed_err": 0.40445210614396837, 
  "Z_computed": 0.3529541624105501
}