{
  "neval": 42070, 
  "Z_computed_err": 0.3164046912457175, 
  "Z_computed": 0.08375683868760313
}