{
  "neval": 23514, 
  "Z_computed_err": 0.49960942210188986, 
  "Z_computed": 0.3185659222122376
}