{
  "neval": 29587, 
  "Z_computed_err": 0.4997138946600879, 
  "Z_computed": 0.21640552041112043
}