{
  "duration": 1.1409189701080322, 
  "failed": false, 
  "Z_computed_err": 0.34105650851652347, 
  "Z_computed": -0.877480198373057, 
  "neval": 8005
}