{
  "duration": 0.6714169979095459, 
  "failed": false, 
  "Z_computed_err": 0.2522928618642992, 
  "Z_computed": -1.6456281952767196, 
  "neval": 5005
}