{
  "duration": 0.5572271347045898, 
  "failed": false, 
  "Z_computed_err": 0.33891126573939445, 
  "Z_computed": -2.2731410771696146, 
  "neval": 4000
}