{
  "duration": 0.5497028827667236, 
  "failed": false, 
  "Z_computed_err": 0.38742387288972946, 
  "Z_computed": -1.8826840491794072, 
  "neval": 4007
}