{
  "duration": 0.456082820892334, 
  "failed": false, 
  "Z_computed_err": 0.3748679978367777, 
  "Z_computed": -1.640609727578592, 
  "neval": 3000
}