{
  "duration": 0.38410496711730957, 
  "failed": false, 
  "Z_computed_err": 0.29229865866622595, 
  "Z_computed": -1.7469235006046853, 
  "neval": 3000
}