{
  "duration": 0.8362240791320801, 
  "failed": false, 
  "Z_computed_err": 0.337281244632361, 
  "Z_computed": -1.9546184678057619, 
  "neval": 8003
}