{
  "duration": 0.6543099880218506, 
  "failed": false, 
  "Z_computed_err": 0.40416402355958736, 
  "Z_computed": -1.2838715440667454, 
  "neval": 6001
}