{
  "duration": 0.4313077926635742, 
  "failed": false, 
  "Z_computed_err": 0.38996534842977604, 
  "Z_computed": -1.3533245136522198, 
  "neval": 4006
}