{
  "duration": 0.7291390895843506, 
  "failed": false, 
  "Z_computed_err": 0.3697421638613647, 
  "Z_computed": -2.3435043041368453, 
  "neval": 8026
}