{
  "duration": 13.560806035995483, 
  "niterations": 4072, 
  "Z_computed_err": 0.49945985595277265, 
  "Z_computed": 0.8048008816613406, 
  "neval": 14487
}