{
  "duration": 11.5905020236969, 
  "niterations": 4092, 
  "Z_computed_err": 0.499475375249056, 
  "Z_computed": 0.7876439114024599, 
  "neval": 14339
}