{
  "duration": 13.030056953430176, 
  "niterations": 4141, 
  "Z_computed_err": 0.49990386490642313, 
  "Z_computed": 0.7352086257850751, 
  "neval": 13286
}