{
  "duration": 11.751897096633911, 
  "niterations": 4132, 
  "Z_computed_err": 0.499899440917711, 
  "Z_computed": 0.7456450599247403, 
  "neval": 14126
}