{
  "duration": 6.115586042404175, 
  "niterations": 2107, 
  "Z_computed_err": 0.4998156747317695, 
  "Z_computed": -0.14897191449707092, 
  "neval": 7377
}