{
  "duration": 6.981673955917358, 
  "niterations": 2096, 
  "Z_computed_err": 0.49902719640384574, 
  "Z_computed": -0.13546849278087292, 
  "neval": 6986
}