{
  "duration": 6.8673601150512695, 
  "niterations": 2032, 
  "Z_computed_err": 0.49977187774646914, 
  "Z_computed": 0.024496338510895277, 
  "neval": 6724
}