{
  "duration": 7.076277017593384, 
  "niterations": 2035, 
  "Z_computed_err": 0.4998153749039992, 
  "Z_computed": 0.019593456512587794, 
  "neval": 6817
}