{
  "duration": 6.9362688064575195, 
  "niterations": 2041, 
  "Z_computed_err": 0.4993329916538491, 
  "Z_computed": 0.002828118060553529, 
  "neval": 7054
}