{
  "duration": 6.41670298576355, 
  "niterations": 1962, 
  "Z_computed_err": 0.4995177199201459, 
  "Z_computed": 0.18222590666059313, 
  "neval": 6669
}