{
  "duration": 6.432327032089233, 
  "niterations": 1981, 
  "Z_computed_err": 0.49930928285642934, 
  "Z_computed": 0.15288165660739306, 
  "neval": 7436
}