{
  "duration": 7.0871758460998535, 
  "niterations": 4967, 
  "Z_computed_err": 0.49968569689566783, 
  "Z_computed": -4.005707800972228, 
  "neval": 14691
}