{
  "duration": 7.008272886276245, 
  "niterations": 5008, 
  "Z_computed_err": 0.4995668152928216, 
  "Z_computed": -4.0435474929336355, 
  "neval": 15057
}