{
  "duration": 6.95254111289978, 
  "niterations": 4996, 
  "Z_computed_err": 0.4996114181693604, 
  "Z_computed": -4.033698058818353, 
  "neval": 14289
}