{
  "duration": 6.571919918060303, 
  "niterations": 4946, 
  "Z_computed_err": 0.49988511867071866, 
  "Z_computed": -3.9896496424549417, 
  "neval": 14181
}