{
  "duration": 6.7032790184021, 
  "niterations": 5020, 
  "Z_computed_err": 0.49954834329326836, 
  "Z_computed": -4.060704858380889, 
  "neval": 14526
}