{
  "duration": 6.45606803894043, 
  "niterations": 5042, 
  "Z_computed_err": 0.4995387281809717, 
  "Z_computed": -4.077703147083359, 
  "neval": 14415
}