{
  "duration": 6.682646036148071, 
  "niterations": 5000, 
  "Z_computed_err": 0.49999759899366447, 
  "Z_computed": -4.041235204471917, 
  "neval": 13957
}