{
  "duration": 6.908283948898315, 
  "niterations": 5016, 
  "Z_computed_err": 0.4997578506538836, 
  "Z_computed": -4.05474098640365, 
  "neval": 14614
}