{
  "duration": 6.829335927963257, 
  "niterations": 4990, 
  "Z_computed_err": 0.499942013879319, 
  "Z_computed": -4.030651648363767, 
  "neval": 14929
}