{
  "duration": 6.3343939781188965, 
  "niterations": 4899, 
  "Z_computed_err": 0.49980549407280994, 
  "Z_computed": -3.9358280374198356, 
  "neval": 14200
}