{
  "duration": 0.1366279125213623, 
  "failed": false, 
  "Z_computed_err": 0.07779587497900695, 
  "Z_computed": 0.1266519342311128, 
  "neval": 1000
}