{
  "duration": 0.18062496185302734, 
  "failed": false, 
  "Z_computed_err": 0.07539554864547776, 
  "Z_computed": 0.11673710934331721, 
  "neval": 1000
}