{
  "duration": 0.16738510131835938, 
  "failed": false, 
  "Z_computed_err": 0.08172623062287375, 
  "Z_computed": -0.012204337507860392, 
  "neval": 1000
}