{
  "duration": 0.16446304321289062, 
  "failed": false, 
  "Z_computed_err": 0.08149158686874833, 
  "Z_computed": -0.11255721574487866, 
  "neval": 1000
}