{
  "duration": 0.13805389404296875, 
  "failed": false, 
  "Z_computed_err": 0.07667901650187833, 
  "Z_computed": 0.024501207810981668, 
  "neval": 1000
}