{
  "duration": 0.1637439727783203, 
  "failed": false, 
  "Z_computed_err": 0.07753866117444506, 
  "Z_computed": 0.02217543228903511, 
  "neval": 1000
}