{
  "duration": 0.16336488723754883, 
  "failed": false, 
  "Z_computed_err": 0.0816661749028834, 
  "Z_computed": -0.009628919359210128, 
  "neval": 1000
}