{
  "duration": 2.714670181274414, 
  "failed": false, 
  "Z_computed_err": 0.3913347674860077, 
  "Z_computed": -19.147244212637766, 
  "neval": 22000
}