{
  "duration": 1.0688891410827637, 
  "failed": false, 
  "Z_computed_err": 0.35157017143509606, 
  "Z_computed": -16.53062701459385, 
  "neval": 10000
}