{
  "duration": 0.39321017265319824, 
  "failed": false, 
  "Z_computed_err": 0.2846831009856743, 
  "Z_computed": -14.597295075332557, 
  "neval": 2500
}