{
  "duration": 1.8874328136444092, 
  "failed": false, 
  "Z_computed_err": 0.35337864585089385, 
  "Z_computed": -16.196797570472548, 
  "neval": 13500
}