{
  "duration": 1.8508379459381104, 
  "failed": false, 
  "Z_computed_err": 0.197100517162891, 
  "Z_computed": -15.67059446416747, 
  "neval": 17500
}