{
  "duration": 1.7534708976745605, 
  "failed": false, 
  "Z_computed_err": 0.3870784533593721, 
  "Z_computed": -18.49175222481446, 
  "neval": 17500
}