{
  "duration": 0.5526909828186035, 
  "failed": false, 
  "Z_computed_err": 0.29380239490117077, 
  "Z_computed": -12.413632665466986, 
  "neval": 4500
}