{
  "duration": 0.7946288585662842, 
  "failed": false, 
  "Z_computed_err": 0.2227767775894396, 
  "Z_computed": -13.654075488087368, 
  "neval": 7000
}