{
  "duration": 0.46309709548950195, 
  "failed": false, 
  "Z_computed_err": 0.3849269694118167, 
  "Z_computed": -11.878475493821384, 
  "neval": 4500
}