{
  "duration": 1.3304460048675537, 
  "failed": false, 
  "Z_computed_err": 0.38322659633534784, 
  "Z_computed": -16.813552388152864, 
  "neval": 13500
}