{
  "duration": 8.998499870300293, 
  "neval": 6963, 
  "Z_computed_err": 0.019312537486723277, 
  "Z_computed": -4.162480270095603
}