{
  "duration": 8.980645895004272, 
  "neval": 6665, 
  "Z_computed_err": 0.019240166654788015, 
  "Z_computed": -4.171763484212318
}