{
  "duration": 9.217089891433716, 
  "neval": 6334, 
  "Z_computed_err": 0.019519695084293055, 
  "Z_computed": -4.174030960571757
}