{
  "duration": 8.899975061416626, 
  "neval": 7350, 
  "Z_computed_err": 0.019874577411660252, 
  "Z_computed": -4.183775354975002
}