{
  "duration": 9.209280014038086, 
  "neval": 6387, 
  "Z_computed_err": 0.019282206261488237, 
  "Z_computed": -4.181476742912529
}