{
  "duration": 6.221674919128418, 
  "neval": 6245, 
  "Z_computed_err": 0.019731983828176126, 
  "Z_computed": -4.131765215028303
}