{
  "duration": 6.1069982051849365, 
  "neval": 6577, 
  "Z_computed_err": 0.01897899784432174, 
  "Z_computed": -4.173504795542558
}