{
  "duration": 6.6217780113220215, 
  "neval": 6611, 
  "Z_computed_err": 0.019134561859335337, 
  "Z_computed": -4.195070251810316
}