{
  "duration": 6.125996112823486, 
  "neval": 6567, 
  "Z_computed_err": 0.019179108761932268, 
  "Z_computed": -4.190274602243848
}