{
  "duration": 7.033793210983276, 
  "neval": 6952, 
  "Z_computed_err": 0.01927229622380949, 
  "Z_computed": -4.182491859553787
}