{
  "duration": 3.6420609951019287, 
  "niterations": 2295, 
  "Z_computed_err": 0.498952152225146, 
  "Z_computed": 0.09741699813216086, 
  "neval": 5561
}