{
  "duration": 3.663266897201538, 
  "niterations": 2326, 
  "Z_computed_err": 0.49984036665897963, 
  "Z_computed": 0.020777338703690425, 
  "neval": 5572
}