{
  "duration": 5.86928915977478, 
  "niterations": 2397, 
  "Z_computed_err": 0.49920171555092624, 
  "Z_computed": -0.14132036485961608, 
  "neval": 6084
}