{
  "duration": 3.5183258056640625, 
  "niterations": 2303, 
  "Z_computed_err": 0.49907584964551355, 
  "Z_computed": 0.08499755476092533, 
  "neval": 5580
}