{
  "duration": 3.5966899394989014, 
  "niterations": 2317, 
  "Z_computed_err": 0.49899448191123, 
  "Z_computed": 0.05277131890133979, 
  "neval": 5611
}