{
  "duration": 4.999011039733887, 
  "niterations": 2355, 
  "Z_computed_err": 0.49976671563711983, 
  "Z_computed": -0.05073290088568143, 
  "neval": 5864
}