{
  "duration": 3.8288450241088867, 
  "niterations": 2294, 
  "Z_computed_err": 0.49909979323808984, 
  "Z_computed": 0.10362878635235992, 
  "neval": 5654
}