{
  "neval": 2391, 
  "Z_computed_err": 0.03407336639344642, 
  "Z_computed": 0.00586046775938425
}