{
  "neval": 2327, 
  "Z_computed_err": 0.03419258545928174, 
  "Z_computed": 0.0028834315960256235
}