{
  "neval": 2228, 
  "Z_computed_err": 0.03737492985661664, 
  "Z_computed": 0.019573721696640383
}