{
  "neval": 2108, 
  "Z_computed_err": 0.0359517257962084, 
  "Z_computed": -0.024128104668091368
}