{
  "neval": 2226, 
  "Z_computed_err": 0.03464709516033468, 
  "Z_computed": 0.007971477009700748
}