{
  "neval": 2297, 
  "Z_computed_err": 0.035521730722556696, 
  "Z_computed": 0.002381568144652688
}