{
  "neval": 1906, 
  "Z_computed_err": 0.03555520344585065, 
  "Z_computed": 0.04760745471975865
}