{
  "neval": 2124, 
  "Z_computed_err": 0.0374901662452643, 
  "Z_computed": 0.04773791712419096
}