{
  "duration": 0.16751480102539062, 
  "failed": false, 
  "Z_computed_err": 0.17248232952114062, 
  "Z_computed": -4.7634388177991385, 
  "neval": 1000
}