{
  "duration": 0.18791985511779785, 
  "failed": false, 
  "Z_computed_err": 0.14648217941539077, 
  "Z_computed": -4.311809347479364, 
  "neval": 1000
}