{
  "duration": 0.1834869384765625, 
  "failed": false, 
  "Z_computed_err": 0.17057907391241223, 
  "Z_computed": -4.663379142253168, 
  "neval": 1000
}