{
  "duration": 0.23440003395080566, 
  "failed": false, 
  "Z_computed_err": 0.15964590625153363, 
  "Z_computed": -4.568128219359312, 
  "neval": 1000
}