{
  "duration": 0.2085251808166504, 
  "failed": false, 
  "Z_computed_err": 0.14956140622968306, 
  "Z_computed": -4.310549901822488, 
  "neval": 1000
}