{
  "neval": 12077, 
  "Z_computed_err": 0.10683658949288026, 
  "Z_computed": -1.7867584933333591
}