{
  "neval": 11110, 
  "Z_computed_err": 0.10268536976892674, 
  "Z_computed": -1.9275962558301252
}