{
  "neval": 10011, 
  "Z_computed_err": 0.09941011991288061, 
  "Z_computed": -2.02871539846503
}