{
  "neval": 10543, 
  "Z_computed_err": 0.10087816809188148, 
  "Z_computed": -1.988561830127286
}