{
  "neval": 10573, 
  "Z_computed_err": 0.10322218299193785, 
  "Z_computed": -1.9843807828235385
}