{
  "neval": 11982, 
  "Z_computed_err": 0.10112220726316845, 
  "Z_computed": -1.7941018209736883
}