{
  "neval": 12162, 
  "Z_computed_err": 0.09774945876922947, 
  "Z_computed": -1.8203014949402538
}