{
  "neval": 14551, 
  "Z_computed_err": 0.11061051027243615, 
  "Z_computed": -1.5911969835027022
}