{
  "neval": 16842, 
  "Z_computed_err": 0.11061693657059696, 
  "Z_computed": -1.447893169013293
}