{
  "neval": 11935, 
  "Z_computed_err": 0.10411473563750162, 
  "Z_computed": -1.8447310704340785
}