{
  "duration": 0.24558401107788086, 
  "failed": false, 
  "Z_computed_err": 0.39794947201562936, 
  "Z_computed": -4.200524729103816, 
  "neval": 3705
}