{
  "duration": 7.241204023361206, 
  "niterations": 3771, 
  "Z_computed_err": 0.49952677024215236, 
  "Z_computed": -0.06599360149909511, 
  "neval": 8141
}