{
  "duration": 6.595184087753296, 
  "niterations": 3738, 
  "Z_computed_err": 0.4996139135695612, 
  "Z_computed": -0.03415693063126159, 
  "neval": 7683
}