{
  "duration": 6.9201600551605225, 
  "niterations": 3673, 
  "Z_computed_err": 0.4998335956426425, 
  "Z_computed": 0.03515821669590332, 
  "neval": 7925
}