{
  "duration": 7.09771990776062, 
  "niterations": 3663, 
  "Z_computed_err": 0.49986266935499557, 
  "Z_computed": 0.040248795330371144, 
  "neval": 7566
}