{
  "duration": 7.403745889663696, 
  "niterations": 3825, 
  "Z_computed_err": 0.49950555487240733, 
  "Z_computed": -0.1207468066834744, 
  "neval": 8036
}