{
  "duration": 6.392241954803467, 
  "niterations": 3607, 
  "Z_computed_err": 0.49951341741253374, 
  "Z_computed": 0.0973944178595599, 
  "neval": 7676
}