{
  "duration": 7.310044050216675, 
  "niterations": 3750, 
  "Z_computed_err": 0.4996233771950292, 
  "Z_computed": -0.046984398064628376, 
  "neval": 7835
}