{
  "duration": 7.447666168212891, 
  "niterations": 3742, 
  "Z_computed_err": 0.4999894157454451, 
  "Z_computed": -0.03436099804280653, 
  "neval": 7765
}