{
  "duration": 7.116166114807129, 
  "niterations": 3602, 
  "Z_computed_err": 0.49950178150561414, 
  "Z_computed": 0.09951027810795318, 
  "neval": 7798
}