{
  "duration": 7.493849992752075, 
  "niterations": 3669, 
  "Z_computed_err": 0.4999424021589192, 
  "Z_computed": 0.03402877719726364, 
  "neval": 7906
}