{
  "neval": 22592, 
  "Z_computed_err": 0.058663274582051526, 
  "Z_computed": 0.2519492685153271
}