{
  "neval": 22236, 
  "Z_computed_err": 0.058479108791816, 
  "Z_computed": 0.24864568699661727
}