{
  "neval": 22538, 
  "Z_computed_err": 0.058216968799354646, 
  "Z_computed": 0.2868852276870181
}