{
  "neval": 22212, 
  "Z_computed_err": 0.058415499490236826, 
  "Z_computed": 0.23287338967100327
}