{
  "neval": 22178, 
  "Z_computed_err": 0.058793515246366584, 
  "Z_computed": 0.2657606434910065
}