{
  "duration": 6.160995006561279, 
  "niterations": 2321, 
  "Z_computed_err": 0.49928820338088276, 
  "Z_computed": 0.03346347702367584, 
  "neval": 5350
}