{
  "duration": 5.457839012145996, 
  "niterations": 2269, 
  "Z_computed_err": 0.4995722137327551, 
  "Z_computed": 0.16656377216342738, 
  "neval": 5438
}