{
  "duration": 5.99596095085144, 
  "niterations": 2271, 
  "Z_computed_err": 0.49932555087895175, 
  "Z_computed": 0.15716852471244505, 
  "neval": 5412
}