{
  "failed": false, 
  "Z_computed_err": 0.27671057073479455, 
  "Z_computed": -0.11953766475281558, 
  "neval": 40588
}