{
  "duration": 39.7917959690094, 
  "neval": 49390, 
  "Z_computed_err": 0.09320376010878959, 
  "Z_computed": 0.2294187648480467
}