{
  "neval": 43184, 
  "Z_computed_err": 0.09394320149026758, 
  "Z_computed": -0.0013315541425049677
}