{
  "neval": 46674, 
  "Z_computed_err": 0.0932433117998368, 
  "Z_computed": 0.11354664947751768
}