{
  "neval": 47099, 
  "Z_computed_err": 0.09309590660474029, 
  "Z_computed": 0.13876430198398998
}