{
  "neval": 45164, 
  "Z_computed_err": 0.09365163927725777, 
  "Z_computed": 0.0965121392251626
}