{
  "neval": 45843, 
  "Z_computed_err": 0.09365438340790304, 
  "Z_computed": 0.07377023036155109
}