{
  "neval": 44474, 
  "Z_computed_err": 0.09394885830779803, 
  "Z_computed": 0.05068227612297405
}