{
  "neval": 44780, 
  "Z_computed_err": 0.09355263861210643, 
  "Z_computed": 0.06813114388022487
}