{
  "neval": 48645, 
  "Z_computed_err": 0.09321965068015906, 
  "Z_computed": 0.2253000903506983
}