{
  "neval": 47092, 
  "Z_computed_err": 0.09331884952138385, 
  "Z_computed": 0.16437145708501671
}