{
  "duration": 0.6939198970794678, 
  "neval": 1742, 
  "Z_computed_err": 0.20459475576338648, 
  "Z_computed": 5.024317046797491
}