{
  "duration": 0.7487459182739258, 
  "neval": 2198, 
  "Z_computed_err": 0.20179272168243936, 
  "Z_computed": 5.0486936154938755
}