{
  "duration": 0.6882858276367188, 
  "neval": 2021, 
  "Z_computed_err": 0.1983605024371197, 
  "Z_computed": 5.317531785123123
}