{
  "duration": 0.7083518505096436, 
  "neval": 1993, 
  "Z_computed_err": 0.1966086440004888, 
  "Z_computed": 5.277173244802142
}