{
  "duration": 0.7529678344726562, 
  "neval": 1978, 
  "Z_computed_err": 0.20160134364041812, 
  "Z_computed": 5.117947530478085
}