{
  "duration": 0.5932819843292236, 
  "neval": 2005, 
  "Z_computed_err": 0.19899754164406497, 
  "Z_computed": 5.352260891716411
}