{
  "duration": 0.7164521217346191, 
  "neval": 2111, 
  "Z_computed_err": 0.1947479602147548, 
  "Z_computed": 5.2694113146967165
}