{
  "duration": 0.7714381217956543, 
  "neval": 2045, 
  "Z_computed_err": 0.19828119786914145, 
  "Z_computed": 5.380184712989483
}