{
  "duration": 0.4939610958099365, 
  "neval": 1968, 
  "Z_computed_err": 0.20145220184927698, 
  "Z_computed": 5.119623298914731
}