{
  "duration": 0.646061897277832, 
  "neval": 2034, 
  "Z_computed_err": 0.19469142083724542, 
  "Z_computed": 5.359548913431188
}