{
  "duration": 45.599841833114624, 
  "neval": 52190, 
  "Z_computed_err": 0.018508304696758505, 
  "Z_computed": 0.009272276693024365
}