{
  "duration": 49.09458303451538, 
  "neval": 53754, 
  "Z_computed_err": 0.010516628230964088, 
  "Z_computed": 0.00999247135185273
}