{
  "duration": 47.456000089645386, 
  "neval": 52138, 
  "Z_computed_err": 0.04126769297841627, 
  "Z_computed": 0.07946141009588689
}