{
  "duration": 47.51927089691162, 
  "neval": 53321, 
  "Z_computed_err": 0.01118614636692005, 
  "Z_computed": 0.014258821729742362
}