{
  "duration": 47.89649701118469, 
  "neval": 50775, 
  "Z_computed_err": 0.018692236068013457, 
  "Z_computed": 0.020670269506955073
}