{
  "duration": 48.4007670879364, 
  "neval": 52748, 
  "Z_computed_err": 0.016387127367769715, 
  "Z_computed": 0.015725361804325152
}