{
  "duration": 49.473994970321655, 
  "neval": 53676, 
  "Z_computed_err": 0.012459886166192948, 
  "Z_computed": 0.03689319410086032
}