{
  "duration": 52.687381982803345, 
  "neval": 51297, 
  "Z_computed_err": 0.01891856993880343, 
  "Z_computed": 0.06719343404829316
}