{
  "duration": 50.60938286781311, 
  "neval": 51720, 
  "Z_computed_err": 0.011635152518546526, 
  "Z_computed": 0.06180083784963461
}