{
  "duration": 49.27950692176819, 
  "neval": 56466, 
  "Z_computed_err": 0.06698044963135494, 
  "Z_computed": 0.047453411517017756
}