{
  "failed": false, 
  "Z_computed_err": 0.1216368807816679, 
  "Z_computed": 0.80107928692134989, 
  "neval": 1000
}