{
  "failed": false, 
  "Z_computed_err": 0.11953106198100638, 
  "Z_computed": 0.74666360652171559, 
  "neval": 1000
}