{
  "failed": false, 
  "Z_computed_err": 0.12371350602463171, 
  "Z_computed": 0.7205766745788742, 
  "neval": 1000
}