{
  "failed": false, 
  "Z_computed_err": 0.12527319827002015, 
  "Z_computed": 0.57041357047459829, 
  "neval": 1000
}