{
  "failed": false, 
  "Z_computed_err": 0.11548210887981147, 
  "Z_computed": 0.69716549394574256, 
  "neval": 1000
}