{
  "duration": 10.56742811203003, 
  "niterations": 5108, 
  "Z_computed_err": 0.49959593509105504, 
  "Z_computed": -0.06703137212036149, 
  "neval": 13132
}