{
  "duration": 10.067453861236572, 
  "niterations": 5055, 
  "Z_computed_err": 0.4999056444094546, 
  "Z_computed": -0.019848615808736803, 
  "neval": 12719
}