{
  "duration": 9.646027088165283, 
  "niterations": 5045, 
  "Z_computed_err": 0.49998892707039705, 
  "Z_computed": -0.0020312966917112618, 
  "neval": 12637
}