{
  "duration": 10.20257019996643, 
  "niterations": 5054, 
  "Z_computed_err": 0.4998008826823265, 
  "Z_computed": -0.0031472249326504748, 
  "neval": 12668
}