{
  "duration": 10.065831184387207, 
  "niterations": 5040, 
  "Z_computed_err": 0.49966032060731097, 
  "Z_computed": 0.005024613068908253, 
  "neval": 12795
}