{
  "duration": 9.533642053604126, 
  "niterations": 4996, 
  "Z_computed_err": 0.49980373326230876, 
  "Z_computed": 0.032851003965436325, 
  "neval": 12555
}