{
  "duration": 10.007971048355103, 
  "niterations": 5080, 
  "Z_computed_err": 0.4997402067774631, 
  "Z_computed": -0.04584161796698829, 
  "neval": 12694
}