{
  "duration": 9.814589977264404, 
  "niterations": 5103, 
  "Z_computed_err": 0.49991005199830113, 
  "Z_computed": -0.05704740870413392, 
  "neval": 12786
}