{
  "duration": 9.860643148422241, 
  "niterations": 5001, 
  "Z_computed_err": 0.49984579332783374, 
  "Z_computed": 0.03870689322367236, 
  "neval": 12328
}