{
  "duration": 7.407135963439941, 
  "niterations": 5009, 
  "Z_computed_err": 0.49998585376618854, 
  "Z_computed": 0.02907520328066448, 
  "neval": 12055
}