{
  "duration": 16.82924795150757, 
  "niterations": 4935, 
  "Z_computed_err": 0.4995920352463931, 
  "Z_computed": -4.627141133309886, 
  "neval": 14616
}