{
  "duration": 16.51710081100464, 
  "niterations": 5024, 
  "Z_computed_err": 0.4995980981240913, 
  "Z_computed": -4.7158377013169215, 
  "neval": 15096
}