{
  "duration": 15.305399894714355, 
  "niterations": 4851, 
  "Z_computed_err": 0.4996597464365982, 
  "Z_computed": -4.544065458083348, 
  "neval": 14641
}