{
  "duration": 15.263082027435303, 
  "niterations": 4838, 
  "Z_computed_err": 0.4995529129290447, 
  "Z_computed": -4.53147418148554, 
  "neval": 15459
}