{
  "duration": 15.837544918060303, 
  "niterations": 4786, 
  "Z_computed_err": 0.4996915407511408, 
  "Z_computed": -4.480175861738496, 
  "neval": 13843
}