{
  "duration": 17.21271514892578, 
  "niterations": 4959, 
  "Z_computed_err": 0.4998560608039191, 
  "Z_computed": -4.650220922738627, 
  "neval": 15870
}