{
  "duration": 16.19922184944153, 
  "niterations": 4958, 
  "Z_computed_err": 0.49955233902634694, 
  "Z_computed": -4.6522727949916804, 
  "neval": 16376
}