{
  "duration": 16.048125982284546, 
  "niterations": 4903, 
  "Z_computed_err": 0.4997816704682302, 
  "Z_computed": -4.597506127402646, 
  "neval": 14694
}