{
  "duration": 15.062171936035156, 
  "niterations": 4894, 
  "Z_computed_err": 0.49975533609770295, 
  "Z_computed": -4.588153017659056, 
  "neval": 14895
}