{
  "duration": 14.729362964630127, 
  "niterations": 4897, 
  "Z_computed_err": 0.49948827722747186, 
  "Z_computed": -4.589889627647054, 
  "neval": 14685
}