{
  "failed": false, 
  "Z_computed_err": 0.04163555134376179, 
  "Z_computed": -0.013357402916405739, 
  "neval": 1000
}