{
  "failed": false, 
  "Z_computed_err": 0.040617517741869016, 
  "Z_computed": 0.023449709494631817, 
  "neval": 1000
}