{
  "failed": false, 
  "Z_computed_err": 0.0430558959746226, 
  "Z_computed": -0.04235667519811804, 
  "neval": 1000
}