{
  "failed": false, 
  "Z_computed_err": 0.04108231834182824, 
  "Z_computed": 0.04467360120095305, 
  "neval": 1000
}