{
  "failed": false, 
  "Z_computed_err": 0.042568707801722665, 
  "Z_computed": -0.03911549050737578, 
  "neval": 1000
}