{
  "duration": 6433.141546010971, 
  "niterations": 9211, 
  "Z_computed_err": 24.402211928270646, 
  "Z_computed": -1.6830089659461418, 
  "neval": 2005005
}