{
  "duration": 6361.5248939991, 
  "niterations": 8661, 
  "Z_computed_err": 24.89667529216149, 
  "Z_computed": -2.891683738647457, 
  "neval": 2000267
}