{
  "duration": 6451.08949303627, 
  "niterations": 9411, 
  "Z_computed_err": 22.657902989262986, 
  "Z_computed": -2.141284267838305, 
  "neval": 2000838
}