{
  "duration": 6086.745738983154, 
  "niterations": 9283, 
  "Z_computed_err": 25.386976811102837, 
  "Z_computed": -0.06879271243061247, 
  "neval": 2000122
}