{
  "duration": 5806.454010009766, 
  "niterations": 9713, 
  "Z_computed_err": 21.39876374540269, 
  "Z_computed": -1.7187852382793685, 
  "neval": 2000877
}