{
  "duration": 6369.4424040317535, 
  "niterations": 8861, 
  "Z_computed_err": 26.192144188034284, 
  "Z_computed": -0.5653396935959688, 
  "neval": 2000945
}