{
  "duration": 6520.417413949966, 
  "niterations": 8979, 
  "Z_computed_err": 29.221529911364993, 
  "Z_computed": 2.064515012265971, 
  "neval": 2002175
}