{
  "duration": 6383.3705468177795, 
  "niterations": 9242, 
  "Z_computed_err": 21.034943410107616, 
  "Z_computed": -2.96623716013012, 
  "neval": 2000051
}