{
  "duration": 6239.289220094681, 
  "niterations": 8847, 
  "Z_computed_err": 26.968824895654606, 
  "Z_computed": -1.9728775955307758, 
  "neval": 2000058
}