{
  "duration": 6394.611359834671, 
  "niterations": 8651, 
  "Z_computed_err": 24.78035508359688, 
  "Z_computed": -3.2082469731407004, 
  "neval": 2005111
}