{
  "duration": 0.1629469394683838, 
  "failed": false, 
  "Z_computed_err": 0.07618382747859223, 
  "Z_computed": 0.06212365323867693, 
  "neval": 1000
}