{
  "duration": 0.5567240715026855, 
  "failed": false, 
  "Z_computed_err": 0.19535842342854082, 
  "Z_computed": 4.647692354176793, 
  "neval": 4000
}