{
  "duration": 0.15097618103027344, 
  "failed": false, 
  "Z_computed_err": 0.08266944664481217, 
  "Z_computed": -0.08678514868536281, 
  "neval": 1000
}