{
  "duration": 0.10775494575500488, 
  "failed": false, 
  "Z_computed_err": 0.07668022155748919, 
  "Z_computed": 0.02451688134316037, 
  "neval": 1000
}