{
  "duration": 16.75658392906189, 
  "neval": 39270, 
  "Z_computed_err": 0.22585587310652794, 
  "Z_computed": -25.227788970522443
}