{
  "duration": 20.7897629737854, 
  "neval": 36535, 
  "Z_computed_err": 0.056365747892082124, 
  "Z_computed": -25.37007376128136
}