{
  "duration": 18.769351959228516, 
  "neval": 39413, 
  "Z_computed_err": 0.016868019007887466, 
  "Z_computed": -25.39019836433409
}