{
  "duration": 18.95908498764038, 
  "neval": 36098, 
  "Z_computed_err": 0.011590626037624344, 
  "Z_computed": -25.45752531735608
}