{
  "duration": 21.698933124542236, 
  "neval": 38806, 
  "Z_computed_err": 0.16371002834157145, 
  "Z_computed": -25.28014694658662
}