{
  "duration": 19.39748191833496, 
  "neval": 36791, 
  "Z_computed_err": 0.011381572485550679, 
  "Z_computed": -25.46024947117629
}