{
  "duration": 19.15458607673645, 
  "neval": 38964, 
  "Z_computed_err": 0.01191431603415756, 
  "Z_computed": -25.381092217085477
}