{
  "duration": 20.909487009048462, 
  "neval": 38621, 
  "Z_computed_err": 0.010853511329283845, 
  "Z_computed": -25.45481977335815
}