{
  "duration": 16.631891012191772, 
  "neval": 34332, 
  "Z_computed_err": 0.015232244775268286, 
  "Z_computed": -25.47317155495707
}