{
  "duration": 13.872820854187012, 
  "neval": 37703, 
  "Z_computed_err": 0.011628099961093914, 
  "Z_computed": -25.450241356747547
}