{
  "duration": 1.1622600555419922, 
  "neval": 4020, 
  "Z_computed_err": 0.08037409439592126, 
  "Z_computed": 5.812284523834614
}