{
  "duration": 0.5136029720306396, 
  "neval": 1509, 
  "Z_computed_err": 0.03295507934220601, 
  "Z_computed": -0.016134398226522025
}