{
  "duration": 1.3018758296966553, 
  "neval": 4690, 
  "Z_computed_err": 0.06995705652977306, 
  "Z_computed": 5.848059222234162
}