{
  "duration": 0.5176718235015869, 
  "neval": 1327, 
  "Z_computed_err": 0.03571694651249596, 
  "Z_computed": -0.015116516863604195
}