{
  "duration": 0.38686299324035645, 
  "neval": 1234, 
  "Z_computed_err": 0.033923089950851845, 
  "Z_computed": 0.012283216552726744
}