{
  "duration": 1.012686014175415, 
  "neval": 3855, 
  "Z_computed_err": 0.08542294943627776, 
  "Z_computed": 4.767020591947929
}