{
  "duration": 0.3405189514160156, 
  "neval": 1245, 
  "Z_computed_err": 0.0340324096215028, 
  "Z_computed": 0.043790692824133594
}