{
  "duration": 0.17645001411437988, 
  "neval": 1091, 
  "Z_computed_err": 0.03128014237538378, 
  "Z_computed": 0.0013751600486856244
}