{
  "duration": 0.30047106742858887, 
  "neval": 1231, 
  "Z_computed_err": 0.03370624673619972, 
  "Z_computed": 0.00011511029560033227
}