{
  "duration": 0.34096407890319824, 
  "neval": 1338, 
  "Z_computed_err": 0.031533845706296915, 
  "Z_computed": 0.04475693297232243
}