{
  "duration": 6.642621040344238, 
  "niterations": 4974, 
  "Z_computed_err": 0.49992546261625403, 
  "Z_computed": -3.9503735653682632, 
  "neval": 14181
}