{
  "duration": 8.623126983642578, 
  "niterations": 4984, 
  "Z_computed_err": 0.49963639541156046, 
  "Z_computed": -3.9597706330796174, 
  "neval": 14444
}