{
  "duration": 8.066224813461304, 
  "niterations": 5034, 
  "Z_computed_err": 0.49997827421905244, 
  "Z_computed": -4.010223600706491, 
  "neval": 14698
}