{
  "duration": 8.207923889160156, 
  "niterations": 4913, 
  "Z_computed_err": 0.49968505912797007, 
  "Z_computed": -3.889474360672726, 
  "neval": 14598
}