{
  "duration": 7.207510948181152, 
  "niterations": 5078, 
  "Z_computed_err": 0.49989117830175855, 
  "Z_computed": -4.054937132029216, 
  "neval": 13885
}