{
  "duration": 8.73540186882019, 
  "niterations": 5054, 
  "Z_computed_err": 0.4995094312532395, 
  "Z_computed": -4.02828908212544, 
  "neval": 14280
}