{
  "duration": 8.346817016601562, 
  "niterations": 5020, 
  "Z_computed_err": 0.49959137060695075, 
  "Z_computed": -3.9955313503948786, 
  "neval": 14614
}