{
  "duration": 8.897464036941528, 
  "niterations": 5029, 
  "Z_computed_err": 0.4997394749987445, 
  "Z_computed": -4.004428088667051, 
  "neval": 14810
}