{
  "duration": 8.30374789237976, 
  "niterations": 4982, 
  "Z_computed_err": 0.4995141008158904, 
  "Z_computed": -3.9575468545196055, 
  "neval": 15125
}