{
  "duration": 6.692625045776367, 
  "niterations": 4949, 
  "Z_computed_err": 0.4999067254155449, 
  "Z_computed": -3.9253073225156965, 
  "neval": 14569
}