{
  "neval": 1142558, 
  "Z_computed_err": 0.3442682641337531, 
  "Z_computed": 235.82922769049253
}