{
  "neval": 1046571, 
  "Z_computed_err": 0.3596297949336602, 
  "Z_computed": 235.77182992992874
}