{
  "neval": 905093, 
  "Z_computed_err": 0.4326451554879807, 
  "Z_computed": 235.57215505663393
}