{
  "neval": 1274475, 
  "Z_computed_err": 0.30890987291100597, 
  "Z_computed": 235.9702393951882
}