{
  "neval": 1092619, 
  "Z_computed_err": 0.3769615820515547, 
  "Z_computed": 235.74043016546906
}