{
  "neval": 1415271, 
  "Z_computed_err": 0.3153242311937827, 
  "Z_computed": 235.9529163974356
}