{
  "neval": 995233, 
  "Z_computed_err": 0.38960026280575977, 
  "Z_computed": 235.6944961608809
}