{
  "neval": 1193455, 
  "Z_computed_err": 0.34048324434569804, 
  "Z_computed": 235.84253777224504
}