{
  "neval": 1163629, 
  "Z_computed_err": 0.32958915604624495, 
  "Z_computed": 235.87504054141002
}