{
  "neval": 953550, 
  "Z_computed_err": 0.43055770162372137, 
  "Z_computed": 235.59673396278203
}