{
  "neval": 1742, 
  "Z_computed_err": 0.03408379759591516, 
  "Z_computed": 0.055034424353144915
}