{
  "neval": 1545, 
  "Z_computed_err": 0.03471013425842826, 
  "Z_computed": 0.009250042806733
}