{
  "neval": 1735, 
  "Z_computed_err": 0.03652991393053939, 
  "Z_computed": 0.09131074116535752
}