{
  "neval": 1504, 
  "Z_computed_err": 0.03394347597688845, 
  "Z_computed": 0.03949789779180031
}