{
  "neval": 1494, 
  "Z_computed_err": 0.032473078408794535, 
  "Z_computed": 0.1084686496657903
}