{
  "neval": 1516, 
  "Z_computed_err": 0.033766394837244446, 
  "Z_computed": 0.029027402178293644
}