{
  "neval": 1535, 
  "Z_computed_err": 0.03363307282881544, 
  "Z_computed": 0.0997228903247833
}