{
  "neval": 1317, 
  "Z_computed_err": 0.03457529149826259, 
  "Z_computed": 0.03530683095794465
}