{
  "neval": 1350, 
  "Z_computed_err": 0.035639553899708784, 
  "Z_computed": -0.028458444648279832
}