{
  "neval": 1859, 
  "Z_computed_err": 0.03273238676454956, 
  "Z_computed": 0.12918056873386574
}