{
  "duration": 9.389147996902466, 
  "neval": 17767, 
  "Z_computed_err": 0.013338399632534094, 
  "Z_computed": -5.260818548192338
}