{
  "duration": 9.099825143814087, 
  "neval": 16714, 
  "Z_computed_err": 0.01433089653676735, 
  "Z_computed": -5.235049480646391
}