{
  "duration": 10.87776494026184, 
  "neval": 18315, 
  "Z_computed_err": 0.013102733232906888, 
  "Z_computed": -5.2403646401690995
}