{
  "duration": 10.464714050292969, 
  "neval": 18044, 
  "Z_computed_err": 0.013498518240824719, 
  "Z_computed": -5.270198664231655
}