{
  "duration": 8.91760802268982, 
  "neval": 17378, 
  "Z_computed_err": 0.016801846446175186, 
  "Z_computed": -4.9173632132761576
}