{
  "duration": 10.425789833068848, 
  "neval": 18309, 
  "Z_computed_err": 0.016205512761175458, 
  "Z_computed": -5.255187792616783
}