{
  "duration": 10.07872200012207, 
  "neval": 17772, 
  "Z_computed_err": 0.01378392942667377, 
  "Z_computed": -5.246376210194515
}