{
  "duration": 10.271224021911621, 
  "neval": 18174, 
  "Z_computed_err": 0.014273140111766001, 
  "Z_computed": -5.249616978645664
}