{
  "duration": 9.918499946594238, 
  "neval": 17702, 
  "Z_computed_err": 0.014214042640617635, 
  "Z_computed": -5.279208890713033
}