{
  "duration": 9.473888874053955, 
  "neval": 17678, 
  "Z_computed_err": 0.01639162278282933, 
  "Z_computed": -5.234416434788296
}