{
  "duration": 1.5651779174804688, 
  "failed": false, 
  "Z_computed_err": 1.6681598918736782, 
  "Z_computed": 46.424160193597324, 
  "neval": 16653
}