{
  "duration": 628.7464680671692, 
  "niterations": 16991, 
  "Z_computed_err": 7.742610204535475, 
  "Z_computed": -23.942829273191034, 
  "neval": 2000102
}