{
  "duration": 620.6527078151703, 
  "niterations": 18156, 
  "Z_computed_err": 7.087115074553193, 
  "Z_computed": -23.869723535702313, 
  "neval": 2000119
}