{
  "duration": 616.0550842285156, 
  "niterations": 18709, 
  "Z_computed_err": 6.195619276217016, 
  "Z_computed": -23.942745107018848, 
  "neval": 2000288
}