{
  "duration": 607.9025168418884, 
  "niterations": 18949, 
  "Z_computed_err": 5.160084623205746, 
  "Z_computed": -24.032225235627998, 
  "neval": 2000385
}