{
  "duration": 615.0460550785065, 
  "niterations": 18873, 
  "Z_computed_err": 5.038932513171513, 
  "Z_computed": -23.970040711468023, 
  "neval": 2000052
}