{
  "duration": 39231.214134931564, 
  "niterations": 18751, 
  "Z_computed_err": 5.3547802712717765, 
  "Z_computed": -23.975366669994784, 
  "neval": 2000215
}