{
  "duration": 39228.94313001633, 
  "niterations": 18900, 
  "Z_computed_err": 5.4424326327322925, 
  "Z_computed": -23.928898697980014, 
  "neval": 2000076
}