{
  "duration": 39234.09934401512, 
  "niterations": 18918, 
  "Z_computed_err": 5.544254080610589, 
  "Z_computed": -24.00889102602485, 
  "neval": 2000175
}