{
  "duration": 39236.75584101677, 
  "niterations": 18697, 
  "Z_computed_err": 5.139353814595186, 
  "Z_computed": -23.80800871208432, 
  "neval": 2000117
}