{
  "duration": 39175.446315050125, 
  "niterations": 18344, 
  "Z_computed_err": 5.423484270212003, 
  "Z_computed": -23.839285166283325, 
  "neval": 2000001
}