{
  "duration": 189.25628209114075, 
  "failed": true, 
  "Z_computed_err": 1.8347019417338615, 
  "Z_computed": -42.13095246783581, 
  "neval": 2002000
}