{
  "duration": 203.63834190368652, 
  "failed": true, 
  "Z_computed_err": 1.0213341379321221, 
  "Z_computed": -41.72094477398894, 
  "neval": 2002000
}