{
  "duration": 257.1702320575714, 
  "failed": true, 
  "Z_computed_err": 1.5316824166879144, 
  "Z_computed": -42.08677484085767, 
  "neval": 2002000
}