{
  "duration": 295.21578192710876, 
  "failed": true, 
  "Z_computed_err": 0.7814628961770822, 
  "Z_computed": -40.655112848759316, 
  "neval": 2002000
}