{
  "duration": 217.5152599811554, 
  "failed": true, 
  "Z_computed_err": 1.8348099208124822, 
  "Z_computed": -42.898932023739164, 
  "neval": 2002000
}