{
  "duration": 190.1597101688385, 
  "failed": true, 
  "Z_computed_err": 1.050964118755104, 
  "Z_computed": -41.27379550253832, 
  "neval": 2002000
}