{
  "duration": 189.15311789512634, 
  "failed": true, 
  "Z_computed_err": 1.0345441717141455, 
  "Z_computed": -41.06655857526281, 
  "neval": 2002000
}