{
  "duration": 186.34071707725525, 
  "failed": true, 
  "Z_computed_err": 1.70098607264584, 
  "Z_computed": -41.969872445215906, 
  "neval": 2002000
}