{
  "duration": 233.2728409767151, 
  "failed": true, 
  "Z_computed_err": 1.0063937946205144, 
  "Z_computed": -41.37860930645191, 
  "neval": 2002000
}