{
  "duration": 215.10534286499023, 
  "failed": true, 
  "Z_computed_err": 1.1259327884176855, 
  "Z_computed": -41.396319176771925, 
  "neval": 2002000
}