{
  "neval": 21403, 
  "Z_computed_err": 0.022474190189422164, 
  "Z_computed": -12.13444727942893
}