{
  "neval": 23651, 
  "Z_computed_err": 0.02283883271199281, 
  "Z_computed": -12.292239939644
}