{
  "neval": 24695, 
  "Z_computed_err": 0.0224683534853009, 
  "Z_computed": -12.09084160816923
}