{
  "neval": 24864, 
  "Z_computed_err": 0.023286157117744413, 
  "Z_computed": -12.11642604272771
}