{
  "neval": 22540, 
  "Z_computed_err": 0.023314500545886907, 
  "Z_computed": -12.146262515568825
}