{
  "neval": 29235, 
  "Z_computed_err": 0.023492415899236348, 
  "Z_computed": -12.065384590508534
}