{
  "neval": 24294, 
  "Z_computed_err": 0.022589086515832996, 
  "Z_computed": -12.117962111952512
}