{
  "neval": 23489, 
  "Z_computed_err": 0.02326047583551749, 
  "Z_computed": -12.20901315553462
}