{
  "neval": 30507, 
  "Z_computed_err": 0.02313254994518532, 
  "Z_computed": -12.09142073317066
}