{
  "neval": 25782, 
  "Z_computed_err": 0.022999610783703998, 
  "Z_computed": -12.157003139576304
}