{
  "duration": 10.28394103050232, 
  "niterations": 2746, 
  "Z_computed_err": 0.4999428534575901, 
  "Z_computed": -5.7818460619215815, 
  "neval": 18571
}