{
  "duration": 12.339221000671387, 
  "niterations": 2817, 
  "Z_computed_err": 0.4998317835985182, 
  "Z_computed": -5.952328537354569, 
  "neval": 21333
}