{
  "duration": 11.758600950241089, 
  "niterations": 2819, 
  "Z_computed_err": 0.49895965480689314, 
  "Z_computed": -5.953620715191636, 
  "neval": 21719
}