{
  "duration": 1.4121201038360596, 
  "niterations": 952, 
  "Z_computed_err": 0.4996281153129889, 
  "Z_computed": 0.011351190094218266, 
  "neval": 2078
}