{
  "duration": 1.326958179473877, 
  "niterations": 927, 
  "Z_computed_err": 0.4999256073512507, 
  "Z_computed": 0.0709741820314029, 
  "neval": 1968
}