{
  "duration": 1.450110912322998, 
  "niterations": 1007, 
  "Z_computed_err": 0.49992911348487906, 
  "Z_computed": -0.12204972306309773, 
  "neval": 2015
}