{
  "duration": 1.3791780471801758, 
  "niterations": 945, 
  "Z_computed_err": 0.49862781847547516, 
  "Z_computed": 0.030122434473570273, 
  "neval": 1898
}