{
  "duration": 1.3391859531402588, 
  "niterations": 937, 
  "Z_computed_err": 0.49873301840035755, 
  "Z_computed": 0.051573059672114424, 
  "neval": 2026
}