{
  "duration": 1.3138000965118408, 
  "niterations": 966, 
  "Z_computed_err": 0.49914705926413105, 
  "Z_computed": -0.02561747757693242, 
  "neval": 1980
}