{
  "duration": 1.2558369636535645, 
  "niterations": 955, 
  "Z_computed_err": 0.49906133251960144, 
  "Z_computed": 0.004780179474412864, 
  "neval": 1939
}