{
  "duration": 1.2745020389556885, 
  "niterations": 958, 
  "Z_computed_err": 0.4996236080178005, 
  "Z_computed": -0.006735978774209908, 
  "neval": 1965
}