{
  "duration": 1.2549760341644287, 
  "niterations": 952, 
  "Z_computed_err": 0.4989190931014814, 
  "Z_computed": 0.012354551571563612, 
  "neval": 1977
}