{
  "duration": 0.9964849948883057, 
  "niterations": 933, 
  "Z_computed_err": 0.4991996808342911, 
  "Z_computed": 0.056696497640131446, 
  "neval": 1975
}