{
  "neval": 23832, 
  "Z_computed_err": 0.28101014263626417, 
  "Z_computed": 0.83745204646723392
}