{
  "neval": 21516, 
  "Z_computed_err": 0.31296393607689127, 
  "Z_computed": 0.73438270280990348
}