{
  "neval": 23485, 
  "Z_computed_err": 0.3066828770849963, 
  "Z_computed": 0.75590630361912492
}