{
  "neval": 21862, 
  "Z_computed_err": 0.30973005286692373, 
  "Z_computed": 0.74610622775826529
}