{
  "neval": 22452, 
  "Z_computed_err": 0.32028370544745455, 
  "Z_computed": 0.71923912365996912
}