{
  "neval": 19971, 
  "Z_computed_err": 0.3348050489250223, 
  "Z_computed": 0.67815952162321813
}