{
  "neval": 22099, 
  "Z_computed_err": 0.3162097270629895, 
  "Z_computed": 0.72241119067998372
}