{
  "neval": 22320, 
  "Z_computed_err": 0.2876360861221124, 
  "Z_computed": 0.8138616117689168
}