{
  "neval": 21751, 
  "Z_computed_err": 0.3072052690567602, 
  "Z_computed": 0.7501792946449366
}