{
  "neval": 21993, 
  "Z_computed_err": 0.30281385457699866, 
  "Z_computed": 0.76919054204626636
}