{
  "failed": false, 
  "Z_computed_err": 0.3980349585235783, 
  "Z_computed": -4.3420520637862, 
  "neval": 4500
}