{
  "failed": false, 
  "Z_computed_err": 0.40104755826998506, 
  "Z_computed": -5.355409734981309, 
  "neval": 2500
}