{
  "failed": false, 
  "Z_computed_err": 0.37627836030511386, 
  "Z_computed": -4.435518786297388, 
  "neval": 2500
}