{
  "failed": false, 
  "Z_computed_err": 0.39392833309066955, 
  "Z_computed": -3.227860582501205, 
  "neval": 1000
}