{
  "failed": false, 
  "Z_computed_err": 0.25361519466785865, 
  "Z_computed": -3.1361707928461247, 
  "neval": 2500
}