{
  "failed": false, 
  "Z_computed_err": 0.40147097512723495, 
  "Z_computed": -1.6728676597278413, 
  "neval": 2500
}