{
  "failed": false, 
  "Z_computed_err": 0.24137513816466782, 
  "Z_computed": -3.609378885823848, 
  "neval": 2500
}