{
  "failed": false, 
  "Z_computed_err": 0.2724374307634343, 
  "Z_computed": -2.845100592531298, 
  "neval": 7000
}