{
  "failed": false, 
  "Z_computed_err": 0.3876603190452821, 
  "Z_computed": -5.611261183894492, 
  "neval": 2500
}