{
  "failed": false, 
  "Z_computed_err": 0.3939908919867259, 
  "Z_computed": -2.793785176726792, 
  "neval": 2500
}