{
  "duration": 1.887706995010376, 
  "neval": 6891, 
  "Z_computed_err": 0.08681310481025648, 
  "Z_computed": -3.9949636518400187
}