{
  "duration": 1.797132968902588, 
  "neval": 6521, 
  "Z_computed_err": 0.08828555706801337, 
  "Z_computed": -4.076928923559335
}