{
  "duration": 1.5281970500946045, 
  "neval": 5917, 
  "Z_computed_err": 0.08884358658157777, 
  "Z_computed": -4.126464623124047
}