{
  "duration": 1.5111379623413086, 
  "neval": 6829, 
  "Z_computed_err": 0.08592521634218638, 
  "Z_computed": -3.9610923864665106
}