{
  "duration": 1.6924128532409668, 
  "neval": 6218, 
  "Z_computed_err": 0.08850733481209246, 
  "Z_computed": -4.153575287871357
}