{
  "duration": 1.4673740863800049, 
  "neval": 6149, 
  "Z_computed_err": 0.08794105983906983, 
  "Z_computed": -4.125008000396336
}