{
  "duration": 1.2397339344024658, 
  "neval": 6465, 
  "Z_computed_err": 0.08840393981720739, 
  "Z_computed": -4.116332678194446
}