{
  "duration": 1.207854986190796, 
  "neval": 6712, 
  "Z_computed_err": 0.08728876294519115, 
  "Z_computed": -4.046897720467516
}