{
  "duration": 1.49430513381958, 
  "neval": 6413, 
  "Z_computed_err": 0.08767746956955112, 
  "Z_computed": -4.091181938374402
}