{
  "duration": 1.0625839233398438, 
  "neval": 6302, 
  "Z_computed_err": 0.08731789735007144, 
  "Z_computed": -4.079967488732065
}