{
  "duration": 6.02818489074707, 
  "neval": 12623, 
  "Z_computed_err": 0.04167384747318192, 
  "Z_computed": 0.053080823648623515
}