{
  "duration": 5.981223821640015, 
  "neval": 11430, 
  "Z_computed_err": 0.04275031918043737, 
  "Z_computed": -0.07606939900994537
}