{
  "duration": 6.015256881713867, 
  "neval": 12134, 
  "Z_computed_err": 0.04169997902551434, 
  "Z_computed": 0.028438795991531558
}