{
  "duration": 6.09480094909668, 
  "neval": 12111, 
  "Z_computed_err": 0.04173724907569522, 
  "Z_computed": 0.011896202709839555
}