{
  "duration": 6.187621831893921, 
  "neval": 12125, 
  "Z_computed_err": 0.04200381989046257, 
  "Z_computed": 0.0016154718593250172
}