{
  "duration": 7.177452087402344, 
  "neval": 12003, 
  "Z_computed_err": 0.04175243758591046, 
  "Z_computed": 0.026469980787825354
}