{
  "duration": 7.473232984542847, 
  "neval": 12082, 
  "Z_computed_err": 0.04161140879655787, 
  "Z_computed": 0.0359658761533364
}