{
  "duration": 7.55490779876709, 
  "neval": 12089, 
  "Z_computed_err": 0.0421837452840434, 
  "Z_computed": -0.04229744950979418
}