{
  "duration": 7.273437023162842, 
  "neval": 12178, 
  "Z_computed_err": 0.04223554387287701, 
  "Z_computed": 0.020490419904247995
}