{
  "duration": 7.306752920150757, 
  "neval": 12634, 
  "Z_computed_err": 0.041766211986293766, 
  "Z_computed": 0.03486203307283083
}