{
  "duration": 9.884776830673218, 
  "neval": 2621, 
  "Z_computed_err": 0.04713204404558405, 
  "Z_computed": 0.0002624375086710335
}