{
  "neval": 2985, 
  "Z_computed_err": 0.0480058274390033, 
  "Z_computed": -0.07536978848682695
}