{
  "neval": 2917, 
  "Z_computed_err": 0.046824655981224816, 
  "Z_computed": 0.00495073530096383
}