{
  "neval": 2896, 
  "Z_computed_err": 0.047785909130407325, 
  "Z_computed": -0.054378816195891265
}