{
  "neval": 2592, 
  "Z_computed_err": 0.0485939560404452, 
  "Z_computed": -0.020199169721551453
}