{
  "neval": 2883, 
  "Z_computed_err": 0.048816175271479016, 
  "Z_computed": -0.1148547206318118
}