{
  "neval": 3000, 
  "Z_computed_err": 0.04741201683798974, 
  "Z_computed": -0.03278034158795134
}