{
  "neval": 3133, 
  "Z_computed_err": 0.04511446463701394, 
  "Z_computed": 0.08190232364590065
}