{
  "neval": 3178, 
  "Z_computed_err": 0.04729289682656668, 
  "Z_computed": -0.04900628238372081
}