{
  "neval": 3040, 
  "Z_computed_err": 0.046546037053383386, 
  "Z_computed": 0.0061473846140199925
}