{
  "duration": 245.4305019378662, 
  "failed": true, 
  "Z_computed_err": 1.5240410340629111, 
  "Z_computed": -42.112769699212635, 
  "neval": 2002000
}