{
  "duration": 259.2387499809265, 
  "failed": true, 
  "Z_computed_err": 2.1054814286501795, 
  "Z_computed": -43.01848611621122, 
  "neval": 2002000
}