{
  "duration": 257.05019092559814, 
  "failed": true, 
  "Z_computed_err": 2.216827924112998, 
  "Z_computed": -43.02990559567678, 
  "neval": 2002000
}