{
  "duration": 249.000550031662, 
  "failed": true, 
  "Z_computed_err": 0.7484620368052646, 
  "Z_computed": -40.7617369975212, 
  "neval": 2002000
}