{
  "duration": 290.0408799648285, 
  "failed": true, 
  "Z_computed_err": 1.6099990505065662, 
  "Z_computed": -42.3325397578095, 
  "neval": 2002000
}