{
  "duration": 260.3579070568085, 
  "failed": true, 
  "Z_computed_err": 1.2384242732942141, 
  "Z_computed": -41.37872005786308, 
  "neval": 2002000
}