{
  "duration": 242.61956310272217, 
  "failed": true, 
  "Z_computed_err": 1.0153731662897982, 
  "Z_computed": -41.03592066054154, 
  "neval": 2002000
}