{
  "duration": 250.56207585334778, 
  "failed": true, 
  "Z_computed_err": 1.8814227981940377, 
  "Z_computed": -42.18638969254795, 
  "neval": 2002000
}