{
  "duration": 256.20822191238403, 
  "failed": true, 
  "Z_computed_err": 0.91035231514347, 
  "Z_computed": -41.32421931776527, 
  "neval": 2002000
}