{
  "duration": 259.16681599617004, 
  "failed": true, 
  "Z_computed_err": 0.9553093668709423, 
  "Z_computed": -41.39369614346126, 
  "neval": 2002000
}