{
  "duration": 35.27058792114258, 
  "niterations": 13161, 
  "Z_computed_err": 0.49977773056492164, 
  "Z_computed": 4.487268785147635, 
  "neval": 29503
}