{
  "duration": 36.43172001838684, 
  "niterations": 12995, 
  "Z_computed_err": 0.49984898882182494, 
  "Z_computed": 4.656513618179526, 
  "neval": 29221
}