{
  "duration": 37.621325969696045, 
  "niterations": 12998, 
  "Z_computed_err": 0.4997732457682376, 
  "Z_computed": 4.648523944094286, 
  "neval": 29662
}