{
  "duration": 38.15225791931152, 
  "niterations": 12902, 
  "Z_computed_err": 0.49974979053262425, 
  "Z_computed": 4.74886793873902, 
  "neval": 29712
}