{
  "duration": 36.84374284744263, 
  "niterations": 12998, 
  "Z_computed_err": 0.499984400844386, 
  "Z_computed": 4.6489351556571386, 
  "neval": 29202
}