{
  "duration": 39.80740690231323, 
  "niterations": 13049, 
  "Z_computed_err": 0.4997489058454081, 
  "Z_computed": 4.5975029406505445, 
  "neval": 29531
}