{
  "duration": 34.895548820495605, 
  "niterations": 13142, 
  "Z_computed_err": 0.4997209775182001, 
  "Z_computed": 4.505209982167347, 
  "neval": 29442
}