{
  "duration": 39.76666879653931, 
  "niterations": 13045, 
  "Z_computed_err": 0.49975303409721705, 
  "Z_computed": 4.605022696950248, 
  "neval": 29928
}