{
  "duration": 35.15624189376831, 
  "niterations": 12974, 
  "Z_computed_err": 0.4999116112582176, 
  "Z_computed": 4.676089006332401, 
  "neval": 28758
}