{
  "duration": 35.37952494621277, 
  "niterations": 13134, 
  "Z_computed_err": 0.49993293262060945, 
  "Z_computed": 4.514110970862326, 
  "neval": 29459
}