{
  "duration": 14.199300050735474, 
  "niterations": 4977, 
  "Z_computed_err": 0.4996257501226159, 
  "Z_computed": -4.014206533669411, 
  "neval": 12022
}