{
  "duration": 14.237979888916016, 
  "niterations": 5050, 
  "Z_computed_err": 0.4997635781438011, 
  "Z_computed": -4.088806733304524, 
  "neval": 12480
}