{
  "duration": 13.14862585067749, 
  "niterations": 5038, 
  "Z_computed_err": 0.49964853703279843, 
  "Z_computed": -4.07688037945241, 
  "neval": 11731
}