{
  "duration": 13.198560953140259, 
  "niterations": 4995, 
  "Z_computed_err": 0.4999828060454999, 
  "Z_computed": -4.032326771604892, 
  "neval": 12108
}