{
  "duration": 14.090407133102417, 
  "niterations": 4939, 
  "Z_computed_err": 0.49986530463043216, 
  "Z_computed": -3.9718792032275814, 
  "neval": 12212
}