{
  "duration": 13.113653898239136, 
  "niterations": 5048, 
  "Z_computed_err": 0.49956446202388893, 
  "Z_computed": -4.085983561775811, 
  "neval": 11682
}