{
  "duration": 12.648631811141968, 
  "niterations": 4914, 
  "Z_computed_err": 0.4996164680794128, 
  "Z_computed": -3.9532838852309293, 
  "neval": 11693
}