{
  "duration": 14.07366394996643, 
  "niterations": 5017, 
  "Z_computed_err": 0.4999101441492407, 
  "Z_computed": -4.058992065338112, 
  "neval": 11832
}