{
  "duration": 13.158663988113403, 
  "niterations": 5062, 
  "Z_computed_err": 0.4995969796844725, 
  "Z_computed": -4.097433521435104, 
  "neval": 11835
}