{
  "duration": 9.458611011505127, 
  "niterations": 4910, 
  "Z_computed_err": 0.4997956421609802, 
  "Z_computed": -3.9505015797709135, 
  "neval": 11423
}