{
  "neval": 22205, 
  "Z_computed_err": 0.38309898330299946, 
  "Z_computed": 0.81824021399640734
}