{
  "neval": 21906, 
  "Z_computed_err": 0.39363064832753514, 
  "Z_computed": 0.79644036438446486
}