{
  "neval": 22932, 
  "Z_computed_err": 0.4000629816630699, 
  "Z_computed": 0.78442535974408312
}