{
  "neval": 22251, 
  "Z_computed_err": 0.4084376437146771, 
  "Z_computed": 0.76248607888829012
}