{
  "neval": 22424, 
  "Z_computed_err": 0.41140629122790295, 
  "Z_computed": 0.7573596309318944
}