{
  "neval": 22046, 
  "Z_computed_err": 0.40642841725950707, 
  "Z_computed": 0.7686891112998151
}