{
  "neval": 21006, 
  "Z_computed_err": 0.4207595499637647, 
  "Z_computed": 0.72894811672810533
}