{
  "neval": 22693, 
  "Z_computed_err": 0.38459001666761183, 
  "Z_computed": 0.81296104084474408
}