{
  "neval": 22574, 
  "Z_computed_err": 0.4091163798006123, 
  "Z_computed": 0.76160793845971875
}