{
  "neval": 22006, 
  "Z_computed_err": 0.40668579741329525, 
  "Z_computed": 0.76638893497852978
}