{
  "duration": 7.041737079620361, 
  "neval": 12271, 
  "Z_computed_err": 0.010005368716441237, 
  "Z_computed": 0.00267352324076383
}