{
  "duration": 6.899085998535156, 
  "neval": 11537, 
  "Z_computed_err": 0.009945607708492779, 
  "Z_computed": -0.00647671456242057
}