{
  "duration": 6.588001012802124, 
  "neval": 12147, 
  "Z_computed_err": 0.010061060469479965, 
  "Z_computed": -0.0004283979133188639
}