{
  "duration": 6.8899009227752686, 
  "neval": 12030, 
  "Z_computed_err": 0.010341778201281064, 
  "Z_computed": -0.00212193450796174
}