{
  "duration": 7.039679050445557, 
  "neval": 12069, 
  "Z_computed_err": 0.010070650070023529, 
  "Z_computed": -0.0022237103162515933
}