{
  "duration": 5.6491241455078125, 
  "neval": 12444, 
  "Z_computed_err": 0.009801605016756707, 
  "Z_computed": -0.004389516257335398
}