{
  "duration": 5.989780902862549, 
  "neval": 12289, 
  "Z_computed_err": 0.009948809290961584, 
  "Z_computed": 0.0030750210821249117
}