{
  "duration": 10.205288887023926, 
  "neval": 19882, 
  "Z_computed_err": 0.005638833755607468, 
  "Z_computed": -0.010835538995874966
}