{
  "duration": 5.8807971477508545, 
  "neval": 12197, 
  "Z_computed_err": 0.009877073269545395, 
  "Z_computed": 0.004386628692852564
}