{
  "duration": 5.572642803192139, 
  "neval": 12511, 
  "Z_computed_err": 0.009772698408266075, 
  "Z_computed": -0.003760192091865096
}