{
  "duration": 10.08179497718811, 
  "failed": false, 
  "Z_computed_err": 0.05071202470738578, 
  "Z_computed": -3.6630067293003004, 
  "neval": 23046
}