{
  "neval": 10135, 
  "Z_computed_err": 0.039044243687207256, 
  "Z_computed": -1.791372048653072
}