{
  "neval": 11254, 
  "Z_computed_err": 0.022684696021003807, 
  "Z_computed": -1.7222214379474445
}