{
  "neval": 10397, 
  "Z_computed_err": 0.01619060070030326, 
  "Z_computed": -1.8324295679534242
}