{
  "neval": 11780, 
  "Z_computed_err": 0.10422339405214369, 
  "Z_computed": -1.5023517578184589
}