{
  "neval": 11554, 
  "Z_computed_err": 0.027360778668849214, 
  "Z_computed": -1.6327233366504692
}