{
  "neval": 12277, 
  "Z_computed_err": 0.011550198188198904, 
  "Z_computed": -1.7340169507078838
}