{
  "neval": 17070, 
  "Z_computed_err": 0.11290725114671168, 
  "Z_computed": -1.3540969177690545
}