{
  "neval": 12533, 
  "Z_computed_err": 0.07611680202050933, 
  "Z_computed": -1.5327500480070382
}