{
  "neval": 12425, 
  "Z_computed_err": 0.08871771947377137, 
  "Z_computed": -1.620290571136684
}