{
  "neval": 11701, 
  "Z_computed_err": 0.1334063798791003, 
  "Z_computed": -1.5468975139833538
}