{
  "duration": 1.628964900970459, 
  "neval": 4986, 
  "Z_computed_err": 0.016035047949350026, 
  "Z_computed": -0.010075596973815723
}