{
  "duration": 1.5754449367523193, 
  "neval": 4608, 
  "Z_computed_err": 0.01638270453872378, 
  "Z_computed": -0.013078534081546746
}