{
  "duration": 1.5700769424438477, 
  "neval": 5138, 
  "Z_computed_err": 0.01611279665384075, 
  "Z_computed": 0.013842269163058394
}