{
  "duration": 1.7001168727874756, 
  "neval": 4979, 
  "Z_computed_err": 0.015854292208047287, 
  "Z_computed": -0.01066194417465256
}