{
  "duration": 1.530163049697876, 
  "neval": 4823, 
  "Z_computed_err": 0.01621735220952777, 
  "Z_computed": -0.019477728560809867
}