{
  "duration": 1.46891188621521, 
  "neval": 5081, 
  "Z_computed_err": 0.015410192042247674, 
  "Z_computed": 0.014938538539563022
}