{
  "duration": 1.4612979888916016, 
  "neval": 5471, 
  "Z_computed_err": 0.014419810092786978, 
  "Z_computed": 0.006500651439934545
}