{
  "duration": 1.454463005065918, 
  "neval": 5049, 
  "Z_computed_err": 0.015486529543300487, 
  "Z_computed": -0.01504384075219602
}