{
  "duration": 1.4234619140625, 
  "neval": 4450, 
  "Z_computed_err": 0.01579510726559764, 
  "Z_computed": 0.0035275357098037154
}