{
  "duration": 1.5807180404663086, 
  "neval": 5308, 
  "Z_computed_err": 0.016076147622344095, 
  "Z_computed": -0.0053219080823900455
}