{
  "duration": 1.0678839683532715, 
  "failed": false, 
  "Z_computed_err": 0.0906589343162909, 
  "Z_computed": -2.4805816479539295, 
  "neval": 11215
}