{
  "duration": 11.748878955841064, 
  "niterations": 5443, 
  "Z_computed_err": 0.4999098699660951, 
  "Z_computed": 0.3117127718247778, 
  "neval": 10899
}