{
  "duration": 11.625010013580322, 
  "niterations": 5570, 
  "Z_computed_err": 0.4998913759789668, 
  "Z_computed": 0.1893043356622435, 
  "neval": 10875
}