{
  "duration": 12.109167098999023, 
  "niterations": 5533, 
  "Z_computed_err": 0.4998934399517122, 
  "Z_computed": 0.2263803773914229, 
  "neval": 10978
}