{
  "duration": 12.553230047225952, 
  "niterations": 5591, 
  "Z_computed_err": 0.49973554111914215, 
  "Z_computed": 0.1674091121141677, 
  "neval": 10989
}