{
  "failed": false, 
  "Z_computed_err": 0.39586792576412133, 
  "Z_computed": 0.76630405077799679, 
  "neval": 6435
}