{
  "duration": 48174.63285398483, 
  "niterations": 12691, 
  "Z_computed_err": 0.668784611883884, 
  "Z_computed": -0.08486301519310008, 
  "neval": 20053620
}