{
  "duration": 47743.658069849014, 
  "niterations": 13734, 
  "Z_computed_err": 0.43464250330414383, 
  "Z_computed": 0.4762779920253081, 
  "neval": 20000216
}