{
  "duration": 47865.927600860596, 
  "niterations": 13683, 
  "Z_computed_err": 0.30006751650775687, 
  "Z_computed": -0.5318636427303883, 
  "neval": 20001114
}