{
  "duration": 46760.366398096085, 
  "niterations": 21325, 
  "Z_computed_err": 0.13108897094008434, 
  "Z_computed": 0.1884012675968792, 
  "neval": 20000402
}