{
  "duration": 47343.310186862946, 
  "niterations": 14063, 
  "Z_computed_err": 0.4975667886510886, 
  "Z_computed": 0.5235096797943375, 
  "neval": 20007788
}