{
  "duration": 47760.709788799286, 
  "niterations": 14268, 
  "Z_computed_err": 0.3542846686016962, 
  "Z_computed": 0.8982382059610254, 
  "neval": 20001980
}