{
  "duration": 46478.9450879097, 
  "niterations": 23553, 
  "Z_computed_err": 0.1316306727600257, 
  "Z_computed": -0.038735604342961305, 
  "neval": 19775583
}