{
  "duration": 41668.63230204582, 
  "niterations": 23377, 
  "Z_computed_err": 0.13168143489356887, 
  "Z_computed": -0.04164356400610193, 
  "neval": 17792157
}