{
  "duration": 47836.522242069244, 
  "niterations": 13593, 
  "Z_computed_err": 0.19392229575631975, 
  "Z_computed": -1.1293287171700663, 
  "neval": 20004742
}