{
  "duration": 47583.30349087715, 
  "niterations": 13416, 
  "Z_computed_err": 0.39151510800122985, 
  "Z_computed": 0.06339025752881791, 
  "neval": 20002392
}