{
  "duration": 28.679626941680908, 
  "neval": 16226, 
  "Z_computed_err": 0.05365568031700096, 
  "Z_computed": -4.115760315277109
}