{
  "duration": 27.66283392906189, 
  "neval": 15922, 
  "Z_computed_err": 0.05342550704242472, 
  "Z_computed": -4.147405455754125
}