{
  "duration": 28.325452089309692, 
  "neval": 15764, 
  "Z_computed_err": 0.053938343764341604, 
  "Z_computed": -4.137425277668043
}