{
  "duration": 27.46440601348877, 
  "neval": 16647, 
  "Z_computed_err": 0.053801352386665474, 
  "Z_computed": -4.13863458319883
}