{
  "duration": 27.191995859146118, 
  "neval": 16212, 
  "Z_computed_err": 0.05372431741142609, 
  "Z_computed": -4.153506356808712
}