{
  "duration": 24.483080863952637, 
  "neval": 15664, 
  "Z_computed_err": 0.053877460538012595, 
  "Z_computed": -4.176344217894945
}