{
  "duration": 24.193729877471924, 
  "neval": 16618, 
  "Z_computed_err": 0.053452272094268845, 
  "Z_computed": -4.133281886913441
}