{
  "duration": 27.695564031600952, 
  "neval": 15221, 
  "Z_computed_err": 0.05426258493590384, 
  "Z_computed": -4.203782032142973
}