{
  "duration": 25.008345127105713, 
  "neval": 15187, 
  "Z_computed_err": 0.0545617967641034, 
  "Z_computed": -4.24307547508297
}