{
  "duration": 25.095423936843872, 
  "neval": 16378, 
  "Z_computed_err": 0.053730640886559204, 
  "Z_computed": -4.140086366875905
}