{
  "duration": 137.50941109657288, 
  "neval": 199114, 
  "Z_computed_err": 0.006307738168889963, 
  "Z_computed": -23.94420431387621
}