{
  "duration": 129.48966002464294, 
  "neval": 179593, 
  "Z_computed_err": 0.006013865685631957, 
  "Z_computed": -24.00530900475861
}