{
  "duration": 140.49608397483826, 
  "neval": 203788, 
  "Z_computed_err": 0.006293736743569281, 
  "Z_computed": -23.947048495222862
}