{
  "duration": 135.4941520690918, 
  "neval": 207744, 
  "Z_computed_err": 0.006376923900312949, 
  "Z_computed": -24.006370591764153
}