{
  "duration": 135.0367510318756, 
  "neval": 189915, 
  "Z_computed_err": 0.005614684884983087, 
  "Z_computed": -24.00502897352875
}