{
  "duration": 136.53666996955872, 
  "neval": 194058, 
  "Z_computed_err": 0.006854420760930415, 
  "Z_computed": -23.97751576594647
}