{
  "duration": 129.43906617164612, 
  "neval": 174779, 
  "Z_computed_err": 0.005986437070899321, 
  "Z_computed": -24.004908236216842
}