{
  "duration": 120.25589394569397, 
  "neval": 174205, 
  "Z_computed_err": 0.006385018544550259, 
  "Z_computed": -24.005842501326672
}