{
  "duration": 130.50712609291077, 
  "neval": 198635, 
  "Z_computed_err": 0.0055072380727472425, 
  "Z_computed": -24.03234256848832
}