{
  "duration": 105.34177708625793, 
  "neval": 208753, 
  "Z_computed_err": 0.006688654362282298, 
  "Z_computed": -23.993088347081894
}