{
  "duration": 15240.260028123856, 
  "niterations": 14682, 
  "Z_computed_err": 9.843216171822304, 
  "Z_computed": 0.2984172983985705, 
  "neval": 2001152
}