{
  "duration": 11818.81780219078, 
  "niterations": 23168, 
  "Z_computed_err": 0.4999492717639574, 
  "Z_computed": 0.037832516282447784, 
  "neval": 1797743
}