{
  "duration": 10219.643904924393, 
  "niterations": 23203, 
  "Z_computed_err": 0.4997243770989278, 
  "Z_computed": 0.07515277991930441, 
  "neval": 1601989
}