{
  "duration": 12183.875397920609, 
  "niterations": 21968, 
  "Z_computed_err": 1.0137818693482448, 
  "Z_computed": 0.03897969581494241, 
  "neval": 2000066
}