{
  "duration": 11515.32709980011, 
  "niterations": 23310, 
  "Z_computed_err": 0.4999601293548206, 
  "Z_computed": -0.14791260223722016, 
  "neval": 1782836
}