{
  "duration": 7798.60084605217, 
  "niterations": 23177, 
  "Z_computed_err": 0.49994446393001885, 
  "Z_computed": 0.12110816938304324, 
  "neval": 1620555
}