{
  "duration": 9362.8595058918, 
  "niterations": 16138, 
  "Z_computed_err": 7.11278983912541, 
  "Z_computed": -0.11641886524375006, 
  "neval": 2000168
}