{
  "duration": 7892.260821819305, 
  "niterations": 23040, 
  "Z_computed_err": 0.4998315855120068, 
  "Z_computed": -0.1167318563510589, 
  "neval": 1793574
}