{
  "duration": 10514.673131942749, 
  "niterations": 19248, 
  "Z_computed_err": 2.8813467223704703, 
  "Z_computed": -0.021507702911094422, 
  "neval": 2000023
}