{
  "duration": 9598.659934997559, 
  "niterations": 22950, 
  "Z_computed_err": 0.4998226866270843, 
  "Z_computed": 0.16294337826889185, 
  "neval": 1986530
}