{
  "duration": 1.3501880168914795, 
  "failed": false, 
  "Z_computed_err": 0.060503744734435996, 
  "Z_computed": -0.016935848800648176, 
  "neval": 7931
}