{
  "duration": 0.9678459167480469, 
  "failed": false, 
  "Z_computed_err": 0.09867388842348968, 
  "Z_computed": -3.539512486935854, 
  "neval": 1000
}