{
  "duration": 1.0476830005645752, 
  "failed": false, 
  "Z_computed_err": 0.10826493816093885, 
  "Z_computed": -3.7920434097992888, 
  "neval": 1000
}