{
  "duration": 1.1800808906555176, 
  "failed": false, 
  "Z_computed_err": 0.12361580750234058, 
  "Z_computed": -4.060112864753247, 
  "neval": 1000
}