{
  "duration": 0.9471399784088135, 
  "failed": false, 
  "Z_computed_err": 0.11525169530704815, 
  "Z_computed": -3.815309434782629, 
  "neval": 1000
}