{
  "duration": 0.9755299091339111, 
  "failed": false, 
  "Z_computed_err": 0.1072918879752498, 
  "Z_computed": -3.7096029344020964, 
  "neval": 1000
}