{
  "duration": 0.9965329170227051, 
  "failed": false, 
  "Z_computed_err": 0.10814002156405067, 
  "Z_computed": -3.726358064527911, 
  "neval": 1000
}