{
  "neval": 5960, 
  "Z_computed_err": 0.08272021705497191, 
  "Z_computed": 0.6989769753823832
}