{
  "neval": 5745, 
  "Z_computed_err": 0.08342790096933347, 
  "Z_computed": 0.6204930837376406
}