{
  "neval": 5930, 
  "Z_computed_err": 0.08317014433970732, 
  "Z_computed": 0.7097801371639817
}