{
  "neval": 6554, 
  "Z_computed_err": 0.0798815963737363, 
  "Z_computed": 0.8735499246547851
}