{
  "neval": 5885, 
  "Z_computed_err": 0.08227650860331957, 
  "Z_computed": 0.7102398716715025
}