{
  "neval": 6674, 
  "Z_computed_err": 0.07935643291717125, 
  "Z_computed": 0.8909711616075009
}