{
  "neval": 6110, 
  "Z_computed_err": 0.08019480664701473, 
  "Z_computed": 0.8291759870535403
}