{
  "neval": 6145, 
  "Z_computed_err": 0.08181458797162017, 
  "Z_computed": 0.7516085165579386
}