{
  "neval": 6054, 
  "Z_computed_err": 0.08184534450093817, 
  "Z_computed": 0.743543265689078
}