{
  "neval": 6064, 
  "Z_computed_err": 0.08310317995923676, 
  "Z_computed": 0.6524254970721962
}