{
  "duration": 0.5705161094665527, 
  "failed": false, 
  "Z_computed_err": 0.34804824858327876, 
  "Z_computed": -11.455363447926912, 
  "neval": 4000
}