{
  "duration": 0.3034989833831787, 
  "failed": false, 
  "Z_computed_err": 0.34847882301021116, 
  "Z_computed": -12.524076803601156, 
  "neval": 3000
}