{
  "duration": 0.22046613693237305, 
  "failed": false, 
  "Z_computed_err": 0.3772636242203653, 
  "Z_computed": -13.818778332056779, 
  "neval": 2000
}