{
  "duration": 0.41569995880126953, 
  "failed": false, 
  "Z_computed_err": 0.34201362008601777, 
  "Z_computed": -11.970562152669663, 
  "neval": 4000
}