{
  "duration": 0.5938050746917725, 
  "failed": false, 
  "Z_computed_err": 0.3028410374132342, 
  "Z_computed": -11.783161528764117, 
  "neval": 4000
}