{
  "duration": 0.394711971282959, 
  "failed": false, 
  "Z_computed_err": 0.37815031876977123, 
  "Z_computed": -12.649860891409352, 
  "neval": 4000
}