{
  "duration": 0.29944586753845215, 
  "failed": false, 
  "Z_computed_err": 0.3242421137953446, 
  "Z_computed": -12.664332392495565, 
  "neval": 3000
}