{
  "duration": 0.47576093673706055, 
  "failed": false, 
  "Z_computed_err": 0.29175200398337786, 
  "Z_computed": -12.655976490668179, 
  "neval": 5000
}