{
  "duration": 0.7284631729125977, 
  "failed": false, 
  "Z_computed_err": 0.2970709076881324, 
  "Z_computed": -11.744432693428884, 
  "neval": 8000
}