{
  "duration": 0.38663387298583984, 
  "failed": false, 
  "Z_computed_err": 0.37792692126883054, 
  "Z_computed": -12.495404968788204, 
  "neval": 4000
}