{
  "duration": 12.942443132400513, 
  "neval": 5857, 
  "Z_computed_err": 0.2758734232061902, 
  "Z_computed": 0.6213185815975375
}