{
  "duration": 10.113748788833618, 
  "neval": 4743, 
  "Z_computed_err": 0.2821487018743813, 
  "Z_computed": 0.19691788136600552
}