{
  "duration": 11.210106134414673, 
  "neval": 4856, 
  "Z_computed_err": 0.27897941895869577, 
  "Z_computed": 0.2931199979121011
}