{
  "duration": 11.77001404762268, 
  "neval": 4921, 
  "Z_computed_err": 0.27978679842959914, 
  "Z_computed": 0.5048969137747834
}