{
  "duration": 12.098866939544678, 
  "neval": 5422, 
  "Z_computed_err": 0.27855850151068945, 
  "Z_computed": 0.492054475295188
}