{
  "duration": 13.772000074386597, 
  "neval": 5423, 
  "Z_computed_err": 0.2791998907540259, 
  "Z_computed": 0.5128733512391458
}