{
  "duration": 11.731571197509766, 
  "neval": 5086, 
  "Z_computed_err": 0.28132944437184576, 
  "Z_computed": 0.3017334913639388
}