{
  "duration": 10.565295934677124, 
  "neval": 4202, 
  "Z_computed_err": 0.28576828233754703, 
  "Z_computed": -0.03498559027276576
}