{
  "duration": 11.503693103790283, 
  "neval": 4273, 
  "Z_computed_err": 0.2838655634021941, 
  "Z_computed": 0.20207588805947246
}