{
  "duration": 10.568152904510498, 
  "neval": 4465, 
  "Z_computed_err": 0.2776253930505371, 
  "Z_computed": 0.22697723369657186
}