{
  "neval": 2257, 
  "Z_computed_err": 0.18373184958735317, 
  "Z_computed": -1.8301732543607065
}