{
  "neval": 2177, 
  "Z_computed_err": 0.023454213729233064, 
  "Z_computed": -2.054802085673216
}