{
  "neval": 2342, 
  "Z_computed_err": 0.023417261636866138, 
  "Z_computed": -2.071592657930045
}