{
  "neval": 2807, 
  "Z_computed_err": 0.021220502319142562, 
  "Z_computed": -1.844508650656688
}