{
  "neval": 2459, 
  "Z_computed_err": 0.0589329490384908, 
  "Z_computed": -1.8374470368886708
}