{
  "neval": 2263, 
  "Z_computed_err": 0.05426985072783061, 
  "Z_computed": -1.7984386460397568
}