{
  "neval": 4927, 
  "Z_computed_err": 0.021934349219375898, 
  "Z_computed": -1.5160425078672126
}