{
  "neval": 2542, 
  "Z_computed_err": 0.31074020641449696, 
  "Z_computed": -1.4810001192262587
}