{
  "neval": 3589, 
  "Z_computed_err": 0.6852490204449747, 
  "Z_computed": -0.3977437240157808
}