{
  "neval": 2445, 
  "Z_computed_err": 0.02416078581873377, 
  "Z_computed": -2.0890266314988652
}