{
  "duration": 4.970434904098511, 
  "niterations": 1630, 
  "Z_computed_err": 0.4997518867351503, 
  "Z_computed": 0.8574031466514332, 
  "neval": 7335
}