{
  "duration": 4.417425870895386, 
  "niterations": 1691, 
  "Z_computed_err": 0.49996791114979894, 
  "Z_computed": 0.7083774367174988, 
  "neval": 8399
}