{
  "duration": 4.888880968093872, 
  "niterations": 1659, 
  "Z_computed_err": 0.4990573026774625, 
  "Z_computed": 0.7913674184674085, 
  "neval": 8053
}