{
  "duration": 5.027815103530884, 
  "niterations": 1684, 
  "Z_computed_err": 0.49921863291543084, 
  "Z_computed": 0.7286221626114336, 
  "neval": 7570
}