{
  "duration": 4.573347091674805, 
  "niterations": 1712, 
  "Z_computed_err": 0.49904780235863655, 
  "Z_computed": 0.660055851634182, 
  "neval": 7632
}