{
  "duration": 4.487968921661377, 
  "niterations": 1722, 
  "Z_computed_err": 0.49931632814609234, 
  "Z_computed": 0.6358630136417248, 
  "neval": 7379
}