{
  "duration": 4.573471784591675, 
  "niterations": 1692, 
  "Z_computed_err": 0.4992775115116672, 
  "Z_computed": 0.7059737202443027, 
  "neval": 7178
}