{
  "duration": 5.267210006713867, 
  "niterations": 1685, 
  "Z_computed_err": 0.49937637550460473, 
  "Z_computed": 0.7244577850337723, 
  "neval": 7195
}