{
  "duration": 15.9234778881073, 
  "niterations": 5620, 
  "Z_computed_err": 0.4995227312448167, 
  "Z_computed": -5.302637997323337, 
  "neval": 16418
}