{
  "duration": 18.329973936080933, 
  "niterations": 5632, 
  "Z_computed_err": 0.49990899831346713, 
  "Z_computed": -5.31390475227978, 
  "neval": 17094
}