{
  "duration": 18.19843602180481, 
  "niterations": 5630, 
  "Z_computed_err": 0.4995428484552049, 
  "Z_computed": -5.311553089980778, 
  "neval": 17688
}