{
  "duration": 16.329264879226685, 
  "niterations": 5478, 
  "Z_computed_err": 0.49995003750932354, 
  "Z_computed": -5.163143739391347, 
  "neval": 16014
}