{
  "duration": 16.763455152511597, 
  "niterations": 5566, 
  "Z_computed_err": 0.499523061747003, 
  "Z_computed": -5.247218674440848, 
  "neval": 18200
}