{
  "duration": 18.651240825653076, 
  "niterations": 5680, 
  "Z_computed_err": 0.4997804866036003, 
  "Z_computed": -5.361113964190491, 
  "neval": 16929
}