{
  "duration": 18.875356912612915, 
  "niterations": 5678, 
  "Z_computed_err": 0.4998489063834888, 
  "Z_computed": -5.359167134250224, 
  "neval": 16057
}