{
  "duration": 15.854529857635498, 
  "niterations": 5643, 
  "Z_computed_err": 0.4998205488473364, 
  "Z_computed": -5.32616940455934, 
  "neval": 17689
}