{
  "duration": 18.941245079040527, 
  "niterations": 5537, 
  "Z_computed_err": 0.4999452067616146, 
  "Z_computed": -5.2191983708968275, 
  "neval": 16480
}