{
  "duration": 16.299792766571045, 
  "niterations": 5522, 
  "Z_computed_err": 0.4997935464326048, 
  "Z_computed": -5.202553272826091, 
  "neval": 15839
}