{
  "neval": 200812, 
  "Z_computed_err": 0.40231461822043224, 
  "Z_computed": 0.2877100355484242
}