{
  "neval": 178169, 
  "Z_computed_err": 0.4475331833422841, 
  "Z_computed": 0.18500576635341734
}