{
  "neval": 175251, 
  "Z_computed_err": 0.4668260413492278, 
  "Z_computed": 0.1474148193613874
}