{
  "neval": 195969, 
  "Z_computed_err": 0.39713118748991894, 
  "Z_computed": 0.2920434594422104
}