{
  "neval": 195003, 
  "Z_computed_err": 0.39902371085312327, 
  "Z_computed": 0.2890081894595059
}