{
  "duration": 8.552186965942383, 
  "niterations": 5046, 
  "Z_computed_err": 0.4999077474051532, 
  "Z_computed": -0.0002115007458781817, 
  "neval": 15849
}