{
  "duration": 15.232327938079834, 
  "niterations": 5018, 
  "Z_computed_err": 0.49953461944225447, 
  "Z_computed": 0.021739382682255334, 
  "neval": 15252
}