{
  "duration": 17.793628931045532, 
  "niterations": 5104, 
  "Z_computed_err": 0.49953939736839187, 
  "Z_computed": -0.06008313178815476, 
  "neval": 15344
}