{
  "duration": 19.182647943496704, 
  "niterations": 5009, 
  "Z_computed_err": 0.4996062088207022, 
  "Z_computed": 0.029763986996561423, 
  "neval": 15504
}