{
  "duration": 16.72342610359192, 
  "niterations": 4982, 
  "Z_computed_err": 0.4996154082666243, 
  "Z_computed": 0.04915201697770526, 
  "neval": 15041
}