{
  "duration": 16.984090089797974, 
  "niterations": 4993, 
  "Z_computed_err": 0.4998686946041998, 
  "Z_computed": 0.05121556494309345, 
  "neval": 15371
}