{
  "duration": 11.559571981430054, 
  "neval": 18645, 
  "Z_computed_err": 0.01107374699777231, 
  "Z_computed": 0.018027127833602868
}