{
  "duration": 9.28796100616455, 
  "neval": 17783, 
  "Z_computed_err": 0.010704578293621541, 
  "Z_computed": 0.016797585839585842
}