{
  "duration": 10.859869956970215, 
  "neval": 20559, 
  "Z_computed_err": 0.010907274924020625, 
  "Z_computed": 0.0023893021352491594
}