{
  "duration": 11.64489221572876, 
  "neval": 19751, 
  "Z_computed_err": 0.011032829630118169, 
  "Z_computed": -0.0017231415863020179
}