{
  "duration": 8.74072790145874, 
  "neval": 17611, 
  "Z_computed_err": 0.011208737721353187, 
  "Z_computed": 0.016349052967345776
}