{
  "neval": 21670, 
  "Z_computed_err": 0.01107522802883516, 
  "Z_computed": 0.0091666038630942
}