{
  "neval": 23004, 
  "Z_computed_err": 0.011208929601529345, 
  "Z_computed": 0.00363018227353356
}