{
  "neval": 22566, 
  "Z_computed_err": 0.011121836008715715, 
  "Z_computed": 0.014690102253494177
}