{
  "neval": 21503, 
  "Z_computed_err": 0.011213004823324369, 
  "Z_computed": -0.011060987665294572
}