{
  "neval": 22636, 
  "Z_computed_err": 0.011185029964388136, 
  "Z_computed": 0.005957359731572804
}