{
  "duration": 2.484822988510132, 
  "neval": 8676, 
  "Z_computed_err": 0.16894969686176103, 
  "Z_computed": 3.8912675965744064
}