{
  "duration": 2.1680221557617188, 
  "neval": 7733, 
  "Z_computed_err": 0.1661111091097631, 
  "Z_computed": 4.513484213183505
}