{
  "duration": 1.9976139068603516, 
  "neval": 8801, 
  "Z_computed_err": 0.1612588178057095, 
  "Z_computed": 5.017319950536612
}