{
  "duration": 2.461510181427002, 
  "neval": 8277, 
  "Z_computed_err": 0.1627648883755576, 
  "Z_computed": 4.914845027385909
}