{
  "duration": 2.2245259284973145, 
  "neval": 7878, 
  "Z_computed_err": 0.1639829064117344, 
  "Z_computed": 4.695269316398554
}