{
  "duration": 1.2696919441223145, 
  "neval": 5096, 
  "Z_computed_err": 0.06662319417190089, 
  "Z_computed": 0.03862005674949672
}