{
  "duration": 2.363387107849121, 
  "neval": 8883, 
  "Z_computed_err": 0.16426184075943465, 
  "Z_computed": 4.656189021612161
}