{
  "duration": 2.410349130630493, 
  "neval": 8095, 
  "Z_computed_err": 0.16184273380813655, 
  "Z_computed": 5.1805422272382655
}