{
  "duration": 2.133419990539551, 
  "neval": 7801, 
  "Z_computed_err": 0.16217921612463665, 
  "Z_computed": 4.912784447331061
}