{
  "duration": 2.119537830352783, 
  "neval": 6704, 
  "Z_computed_err": 0.06487833284690019, 
  "Z_computed": 0.0991026512437839
}