{
  "duration": 3.924622058868408, 
  "niterations": 2405, 
  "Z_computed_err": 0.4999417613178201, 
  "Z_computed": -0.04827880238491801, 
  "neval": 4967
}