{
  "duration": 3.5869410037994385, 
  "niterations": 2318, 
  "Z_computed_err": 0.4995790552954228, 
  "Z_computed": 0.03744132401929117, 
  "neval": 4892
}