{
  "duration": 3.9435670375823975, 
  "niterations": 2371, 
  "Z_computed_err": 0.49945904863745744, 
  "Z_computed": -0.014734865973686576, 
  "neval": 4897
}