{
  "duration": 3.7288098335266113, 
  "niterations": 2326, 
  "Z_computed_err": 0.4994332247989184, 
  "Z_computed": 0.030705300420172915, 
  "neval": 4946
}