{
  "duration": 3.748972177505493, 
  "niterations": 2339, 
  "Z_computed_err": 0.4995800207376605, 
  "Z_computed": 0.01831708086992797, 
  "neval": 4912
}