{
  "duration": 3.6553521156311035, 
  "niterations": 2347, 
  "Z_computed_err": 0.49984139750877027, 
  "Z_computed": 0.008299687801396465, 
  "neval": 4927
}