{
  "duration": 3.830678939819336, 
  "niterations": 2362, 
  "Z_computed_err": 0.49963002230345316, 
  "Z_computed": -0.005942837459774395, 
  "neval": 4911
}