{
  "duration": 3.884476900100708, 
  "niterations": 2382, 
  "Z_computed_err": 0.4994328700202408, 
  "Z_computed": -0.026363204203635957, 
  "neval": 4896
}