{
  "duration": 3.711703062057495, 
  "niterations": 2295, 
  "Z_computed_err": 0.4998783590554738, 
  "Z_computed": 0.0609639041525106, 
  "neval": 4961
}