{
  "duration": 3.3187520503997803, 
  "niterations": 2339, 
  "Z_computed_err": 0.49961790123324235, 
  "Z_computed": 0.01698987824631581, 
  "neval": 4882
}