{
  "duration": 2.257565975189209, 
  "neval": 6973, 
  "Z_computed_err": 0.08457225949950799, 
  "Z_computed": -4.096165070306806
}