{
  "duration": 2.2699460983276367, 
  "neval": 6498, 
  "Z_computed_err": 0.08580570621477644, 
  "Z_computed": -4.227478586900081
}