{
  "duration": 2.2986979484558105, 
  "neval": 6361, 
  "Z_computed_err": 0.08612322146747893, 
  "Z_computed": -4.18126626042736
}