{
  "duration": 2.2876768112182617, 
  "neval": 6753, 
  "Z_computed_err": 0.08369820852631951, 
  "Z_computed": -4.110458292429791
}