{
  "duration": 2.263730049133301, 
  "neval": 6445, 
  "Z_computed_err": 0.0857709243890412, 
  "Z_computed": -4.197636590513696
}