{
  "duration": 1.739609956741333, 
  "neval": 6333, 
  "Z_computed_err": 0.08534089683873874, 
  "Z_computed": -4.199671916298629
}