{
  "duration": 1.8097529411315918, 
  "neval": 6802, 
  "Z_computed_err": 0.08576250882495164, 
  "Z_computed": -4.166159709059305
}