{
  "duration": 1.8203811645507812, 
  "neval": 6709, 
  "Z_computed_err": 0.08553574304536377, 
  "Z_computed": -4.17248887966831
}