{
  "duration": 1.790369987487793, 
  "neval": 6223, 
  "Z_computed_err": 0.0860486908793181, 
  "Z_computed": -4.260105542001769
}