{
  "duration": 3.1630301475524902, 
  "neval": 6378, 
  "Z_computed_err": 0.08482381825077433, 
  "Z_computed": -4.156390128429546
}