{
  "duration": 129.40021991729736, 
  "niterations": 5003, 
  "Z_computed_err": 0.4996850827442401, 
  "Z_computed": 0.00465418375661211, 
  "neval": 481737
}