{
  "duration": 89.90509510040283, 
  "niterations": 5020, 
  "Z_computed_err": 0.49967779851156346, 
  "Z_computed": -0.1343657711994615, 
  "neval": 378421
}