{
  "duration": 106.23965811729431, 
  "niterations": 5043, 
  "Z_computed_err": 0.49944100298203287, 
  "Z_computed": -0.03861995584033209, 
  "neval": 422562
}