{
  "duration": 108.79363203048706, 
  "niterations": 4915, 
  "Z_computed_err": 0.4999027434337938, 
  "Z_computed": 0.09391015639276659, 
  "neval": 419971
}