{
  "duration": 74.15665292739868, 
  "niterations": 4833, 
  "Z_computed_err": 0.49932875063832016, 
  "Z_computed": 0.09970061715902012, 
  "neval": 317870
}