{
  "duration": 122.26585984230042, 
  "niterations": 5021, 
  "Z_computed_err": 0.49979859074290245, 
  "Z_computed": -0.003469605767540007, 
  "neval": 467262
}