{
  "duration": 112.6213059425354, 
  "niterations": 5134, 
  "Z_computed_err": 0.4999946912057701, 
  "Z_computed": -0.2888241290319487, 
  "neval": 444353
}