{
  "duration": 122.73980402946472, 
  "niterations": 5016, 
  "Z_computed_err": 0.49975770166760985, 
  "Z_computed": -0.04358104778406987, 
  "neval": 470902
}