{
  "duration": 118.56481695175171, 
  "niterations": 4949, 
  "Z_computed_err": 0.49964864782840435, 
  "Z_computed": 0.31598815038367173, 
  "neval": 464452
}