{
  "duration": 124.36100387573242, 
  "niterations": 5018, 
  "Z_computed_err": 0.4994516730413825, 
  "Z_computed": -0.03697417682284449, 
  "neval": 454094
}