{
  "duration": 985.9375858306885, 
  "neval": 209231, 
  "Z_computed_err": 0.38330728841793565, 
  "Z_computed": 0.5289526783973785
}