{
  "duration": 1026.6817989349365, 
  "neval": 220893, 
  "Z_computed_err": 0.011857574072349431, 
  "Z_computed": 0.03998697337499868
}