{
  "duration": 944.4934740066528, 
  "neval": 198702, 
  "Z_computed_err": 0.11713169850367214, 
  "Z_computed": 0.4537596702757455
}