{
  "duration": 989.144024848938, 
  "neval": 210187, 
  "Z_computed_err": 0.39378731551249013, 
  "Z_computed": 0.5956253548659689
}