{
  "duration": 1021.8694880008698, 
  "neval": 217043, 
  "Z_computed_err": 0.009131073267819674, 
  "Z_computed": 0.04944506004815159
}