{
  "duration": 20546.879359960556, 
  "neval": 194079, 
  "Z_computed_err": 0.047726261625528524, 
  "Z_computed": 0.10984027569147604
}