{
  "duration": 20538.64223408699, 
  "neval": 187269, 
  "Z_computed_err": 0.03868457760827265, 
  "Z_computed": 0.12157988653471982
}