{
  "duration": 20548.302194833755, 
  "neval": 192016, 
  "Z_computed_err": 0.06044868820780614, 
  "Z_computed": 0.14798398703098287
}