{
  "duration": 20570.620711803436, 
  "neval": 200295, 
  "Z_computed_err": 0.019468330725016705, 
  "Z_computed": 0.08613707537635473
}