{
  "duration": 20611.113415002823, 
  "neval": 208715, 
  "Z_computed_err": 0.00957712463714521, 
  "Z_computed": 0.07081918024196775
}