{
  "duration": 10.075130939483643, 
  "neval": 17687, 
  "Z_computed_err": 0.13548129073406381, 
  "Z_computed": -2.8325871130424938
}