{
  "duration": 8.502301931381226, 
  "neval": 17121, 
  "Z_computed_err": 0.13308102265043162, 
  "Z_computed": -2.8933105841211795
}