{
  "duration": 11.432300806045532, 
  "neval": 24943, 
  "Z_computed_err": 0.14817225819096036, 
  "Z_computed": -2.4532931381582506
}