{
  "duration": 8.858757019042969, 
  "neval": 18097, 
  "Z_computed_err": 0.1392172247674014, 
  "Z_computed": -2.8903014782700853
}