{
  "duration": 12.038626909255981, 
  "neval": 26795, 
  "Z_computed_err": 0.1556799808064335, 
  "Z_computed": -2.3982925872945273
}