{
  "duration": 9.408053159713745, 
  "neval": 24439, 
  "Z_computed_err": 0.14332594898561768, 
  "Z_computed": -2.467500984631838
}