{
  "duration": 15.315229892730713, 
  "neval": 31962, 
  "Z_computed_err": 0.16219577363688994, 
  "Z_computed": -2.1484878223768042
}