{
  "duration": 10.637155055999756, 
  "neval": 22521, 
  "Z_computed_err": 0.13950762386667864, 
  "Z_computed": -2.5367777550564625
}