{
  "duration": 9.932058095932007, 
  "neval": 20143, 
  "Z_computed_err": 0.1363217619256472, 
  "Z_computed": -2.6831616814614754
}