{
  "duration": 11.79435396194458, 
  "neval": 24464, 
  "Z_computed_err": 0.14815108150295697, 
  "Z_computed": -2.4356687843980915
}