{
  "duration": 16.853534936904907, 
  "niterations": 5539, 
  "Z_computed_err": 0.49996054629950715, 
  "Z_computed": 0.22267826108669064, 
  "neval": 12254
}