{
  "duration": 16.527745008468628, 
  "niterations": 5470, 
  "Z_computed_err": 0.4999438889797113, 
  "Z_computed": 0.2914060661118804, 
  "neval": 12144
}