{
  "duration": 16.084205865859985, 
  "niterations": 5496, 
  "Z_computed_err": 0.49957033267452844, 
  "Z_computed": 0.2631585418963097, 
  "neval": 12042
}