{
  "duration": 17.938857078552246, 
  "niterations": 5622, 
  "Z_computed_err": 0.4996366219225441, 
  "Z_computed": 0.14055097509038453, 
  "neval": 11994
}