{
  "duration": 0.1644129753112793, 
  "failed": false, 
  "Z_computed_err": 0.22348012806995143, 
  "Z_computed": -5.173416410803957, 
  "neval": 1000
}