{
  "duration": 0.14647197723388672, 
  "failed": false, 
  "Z_computed_err": 0.24438816551259013, 
  "Z_computed": -5.481625481096331, 
  "neval": 1000
}