{
  "duration": 0.1677110195159912, 
  "failed": false, 
  "Z_computed_err": 0.25385452800164643, 
  "Z_computed": -5.511355495436026, 
  "neval": 1000
}