{
  "duration": 0.16715383529663086, 
  "failed": false, 
  "Z_computed_err": 0.27927295206885994, 
  "Z_computed": -5.83991319814861, 
  "neval": 1000
}