{
  "duration": 0.1464979648590088, 
  "failed": false, 
  "Z_computed_err": 0.277872965025618, 
  "Z_computed": -5.680828389909758, 
  "neval": 1000
}