{
  "duration": 0.16674590110778809, 
  "failed": false, 
  "Z_computed_err": 0.22704522716220765, 
  "Z_computed": -5.395181943766356, 
  "neval": 1000
}