{
  "duration": 0.13106203079223633, 
  "failed": false, 
  "Z_computed_err": 0.25667417116755153, 
  "Z_computed": -5.612829212749123, 
  "neval": 1000
}