{
  "duration": 0.2980489730834961, 
  "failed": false, 
  "Z_computed_err": 0.22287378649296302, 
  "Z_computed": 0.002688056960390225, 
  "neval": 1000
}