{
  "duration": 0.4717700481414795, 
  "failed": false, 
  "Z_computed_err": 0.23454418198511928, 
  "Z_computed": -0.3402876569008637, 
  "neval": 1000
}