{
  "duration": 0.4008347988128662, 
  "failed": false, 
  "Z_computed_err": 0.21073158721598037, 
  "Z_computed": -0.19989832957477915, 
  "neval": 1000
}