{
  "neval": 22578, 
  "Z_computed_err": 0.013367407228149978, 
  "Z_computed": -5.832599767775769
}