{
  "neval": 21601, 
  "Z_computed_err": 0.013084954681059897, 
  "Z_computed": -5.818850878239869
}