{
  "neval": 22439, 
  "Z_computed_err": 0.013608588672176765, 
  "Z_computed": -5.824708067453121
}