{
  "neval": 20758, 
  "Z_computed_err": 0.014340056953023752, 
  "Z_computed": -5.824562510672993
}