{
  "neval": 21213, 
  "Z_computed_err": 0.011323862227731905, 
  "Z_computed": -5.834135425183013
}