{
  "neval": 22893, 
  "Z_computed_err": 0.030416884639155577, 
  "Z_computed": -5.766753396511149
}