{
  "neval": 23138, 
  "Z_computed_err": 0.013220862702684872, 
  "Z_computed": -5.783051138854439
}