{
  "neval": 20601, 
  "Z_computed_err": 0.013882160067711672, 
  "Z_computed": -5.8040838895198625
}