{
  "neval": 20896, 
  "Z_computed_err": 0.02568623279846023, 
  "Z_computed": -5.728331936565137
}