{
  "neval": 21315, 
  "Z_computed_err": 0.012417216699327615, 
  "Z_computed": -5.830122351146522
}