{
  "duration": 294.49097895622253, 
  "niterations": 9199, 
  "Z_computed_err": 0.4994879849670436, 
  "Z_computed": -22.968444025800675, 
  "neval": 1884573
}