{
  "duration": 325.1244761943817, 
  "niterations": 9313, 
  "Z_computed_err": 0.4994437790056847, 
  "Z_computed": -23.41530205650445, 
  "neval": 1875476
}