{
  "duration": 258.2827160358429, 
  "niterations": 9465, 
  "Z_computed_err": 0.49958971390484874, 
  "Z_computed": -23.32573020884467, 
  "neval": 1808303
}