{
  "duration": 309.00216007232666, 
  "niterations": 9292, 
  "Z_computed_err": 0.4997666430031136, 
  "Z_computed": -22.86507223720482, 
  "neval": 1972982
}