{
  "duration": 283.09014987945557, 
  "niterations": 9271, 
  "Z_computed_err": 0.4993840093577907, 
  "Z_computed": -23.10783502974362, 
  "neval": 1712789
}