{
  "duration": 302.092157125473, 
  "niterations": 9283, 
  "Z_computed_err": 0.4997269736110511, 
  "Z_computed": -23.071069284065885, 
  "neval": 1890387
}