{
  "duration": 333.7818911075592, 
  "niterations": 9001, 
  "Z_computed_err": 0.8422877483979213, 
  "Z_computed": -23.395591206771098, 
  "neval": 2000341
}