{
  "duration": 347.6356830596924, 
  "niterations": 9483, 
  "Z_computed_err": 0.49979418586698315, 
  "Z_computed": -23.335440055975067, 
  "neval": 1944187
}