{
  "duration": 349.4899981021881, 
  "niterations": 9392, 
  "Z_computed_err": 0.49987420931690496, 
  "Z_computed": -22.93927282006635, 
  "neval": 1950201
}