{
  "duration": 329.18348598480225, 
  "niterations": 9110, 
  "Z_computed_err": 0.49950532247560014, 
  "Z_computed": -22.735740124610484, 
  "neval": 1832538
}