{
  "duration": 226.37382793426514, 
  "niterations": 12639, 
  "Z_computed_err": 0.49986038240757036, 
  "Z_computed": -1.2955550167639078, 
  "neval": 143300
}