{
  "duration": 175.3417809009552, 
  "niterations": 12377, 
  "Z_computed_err": 0.49987370174980406, 
  "Z_computed": -1.478799368940245, 
  "neval": 110480
}