{
  "duration": 3737.1919391155243, 
  "niterations": 12922, 
  "Z_computed_err": 3.3934253877600726, 
  "Z_computed": -1.0178955296253624, 
  "neval": 2004232
}