{
  "duration": 79.47043299674988, 
  "niterations": 11352, 
  "Z_computed_err": 0.49993288993441076, 
  "Z_computed": -1.4378389349493261, 
  "neval": 54829
}