{
  "duration": 2053.189922094345, 
  "niterations": 11104, 
  "Z_computed_err": 4.2146850352366085, 
  "Z_computed": -1.0709822318127402, 
  "neval": 2000303
}