{
  "duration": 2833.1700270175934, 
  "niterations": 14822, 
  "Z_computed_err": 1.4670006266341036, 
  "Z_computed": -1.1563934067131374, 
  "neval": 2000116
}