{
  "duration": 34.714308977127075, 
  "niterations": 10447, 
  "Z_computed_err": 0.4997439139685532, 
  "Z_computed": -1.7185403393218708, 
  "neval": 32974
}