{
  "duration": 39.88795304298401, 
  "niterations": 10557, 
  "Z_computed_err": 0.4996264705231039, 
  "Z_computed": -1.5908024281253252, 
  "neval": 32384
}