{
  "duration": 165.3781599998474, 
  "niterations": 12487, 
  "Z_computed_err": 0.4999268679266654, 
  "Z_computed": -1.3136788274187012, 
  "neval": 117522
}