{
  "duration": 1.0002491474151611, 
  "neval": 5121, 
  "Z_computed_err": 0.020338829537486173, 
  "Z_computed": -2.454430676676163
}