{
  "duration": 1.0686609745025635, 
  "neval": 3505, 
  "Z_computed_err": 0.0218609395139359, 
  "Z_computed": -3.039339403753401
}