{
  "duration": 1.1038827896118164, 
  "neval": 6049, 
  "Z_computed_err": 0.025357666069290543, 
  "Z_computed": -2.512965321504722
}