{
  "duration": 0.9036228656768799, 
  "neval": 3284, 
  "Z_computed_err": 0.01947147981069812, 
  "Z_computed": -2.9749098564781598
}