{
  "duration": 1.0782480239868164, 
  "neval": 5580, 
  "Z_computed_err": 0.01879303236028519, 
  "Z_computed": -2.489499587011661
}