{
  "duration": 0.7714569568634033, 
  "neval": 3861, 
  "Z_computed_err": 0.06817147181416419, 
  "Z_computed": -2.768012844434107
}