{
  "duration": 1.1893119812011719, 
  "neval": 4343, 
  "Z_computed_err": 0.01922154642442394, 
  "Z_computed": -2.849218664301351
}