{
  "duration": 0.6993820667266846, 
  "neval": 2994, 
  "Z_computed_err": 0.01816519144331393, 
  "Z_computed": -3.0196094822740545
}