{
  "duration": 1.9346139430999756, 
  "neval": 9458, 
  "Z_computed_err": 0.013237771670517928, 
  "Z_computed": -2.1519093111584926
}