{
  "duration": 1.7767670154571533, 
  "neval": 5527, 
  "Z_computed_err": 0.017411184726548765, 
  "Z_computed": -2.435717663015247
}