{
  "neval": 6174, 
  "Z_computed_err": 0.07691413703480594, 
  "Z_computed": 0.09615928056607215
}