{
  "neval": 5609, 
  "Z_computed_err": 0.07835345203591342, 
  "Z_computed": -0.06054392733458519
}