{
  "neval": 5977, 
  "Z_computed_err": 0.07589900206318405, 
  "Z_computed": 0.12241144444790011
}