{
  "neval": 6172, 
  "Z_computed_err": 0.07599960046269676, 
  "Z_computed": 0.10060860652107478
}