{
  "neval": 5699, 
  "Z_computed_err": 0.07862476033750214, 
  "Z_computed": -0.06674571728197166
}