{
  "neval": 5527, 
  "Z_computed_err": 0.07915051636065314, 
  "Z_computed": -0.09418237691069499
}