{
  "neval": 5829, 
  "Z_computed_err": 0.07745546976165256, 
  "Z_computed": 0.0013884906131408842
}