{
  "neval": 5762, 
  "Z_computed_err": 0.07815629618536332, 
  "Z_computed": -0.06161911241459442
}