{
  "neval": 5734, 
  "Z_computed_err": 0.07860423369716527, 
  "Z_computed": -0.01475697019092815
}