{
  "neval": 5914, 
  "Z_computed_err": 0.07629919491758042, 
  "Z_computed": 0.10606217016146152
}