{
  "neval": 55694, 
  "Z_computed_err": 0.270398199225495, 
  "Z_computed": 0.7742240762921504
}