{
  "neval": 51268, 
  "Z_computed_err": 0.30522439046161026, 
  "Z_computed": 0.67585450737526487
}