{
  "neval": 56214, 
  "Z_computed_err": 0.2864331986758136, 
  "Z_computed": 0.72421946732997067
}