{
  "neval": 55925, 
  "Z_computed_err": 0.28105696990457724, 
  "Z_computed": 0.74109869474253021
}