{
  "neval": 54198, 
  "Z_computed_err": 0.276482986876784, 
  "Z_computed": 0.75374843446768502
}