{
  "neval": 56385, 
  "Z_computed_err": 0.2565696043465456, 
  "Z_computed": 0.81638551931764591
}