{
  "neval": 50477, 
  "Z_computed_err": 0.31120851948573885, 
  "Z_computed": 0.65864115509035237
}