{
  "neval": 54950, 
  "Z_computed_err": 0.270830383290941, 
  "Z_computed": 0.76991388088347801
}