{
  "neval": 52228, 
  "Z_computed_err": 0.30078761957761707, 
  "Z_computed": 0.68271381035772705
}