{
  "neval": 54553, 
  "Z_computed_err": 0.2726399756059806, 
  "Z_computed": 0.76749709929416188
}