{
  "duration": 7.392890930175781, 
  "neval": 16491, 
  "Z_computed_err": 0.011973593337105097, 
  "Z_computed": -4.021468838791563
}