{
  "duration": 6.21212100982666, 
  "neval": 16233, 
  "Z_computed_err": 0.011981453134710673, 
  "Z_computed": -3.9837437745862836
}