{
  "duration": 5.580750942230225, 
  "neval": 15748, 
  "Z_computed_err": 0.011314899495711805, 
  "Z_computed": -4.003745882502259
}