{
  "duration": 6.772370100021362, 
  "neval": 16752, 
  "Z_computed_err": 0.011562090846304619, 
  "Z_computed": -3.9749654114055555
}