{
  "duration": 5.506585121154785, 
  "neval": 16135, 
  "Z_computed_err": 0.011760793388584503, 
  "Z_computed": -4.001869018520958
}