{
  "duration": 6.501348972320557, 
  "neval": 16014, 
  "Z_computed_err": 0.01135496348853619, 
  "Z_computed": -3.993948734177897
}