{
  "duration": 6.165717124938965, 
  "neval": 16707, 
  "Z_computed_err": 0.011602378981305395, 
  "Z_computed": -4.01634641166264
}