{
  "duration": 5.754425048828125, 
  "neval": 15518, 
  "Z_computed_err": 0.011751605296650633, 
  "Z_computed": -3.996286967551518
}