{
  "duration": 5.730359077453613, 
  "neval": 16456, 
  "Z_computed_err": 0.011657415262746069, 
  "Z_computed": -4.012071624345199
}