{
  "duration": 6.284219026565552, 
  "neval": 16758, 
  "Z_computed_err": 0.01179411886648544, 
  "Z_computed": -4.018832267896875
}