{
  "neval": 894, 
  "Z_computed_err": 0.4198672946633833, 
  "Z_computed": 0.04815063947718322
}