{
  "neval": 742, 
  "Z_computed_err": 0.4996411308526259, 
  "Z_computed": -0.12757850270481735
}