{
  "neval": 757, 
  "Z_computed_err": 0.49742297357015397, 
  "Z_computed": -0.13039699479306108
}