{
  "neval": 736, 
  "Z_computed_err": 0.4549759194290482, 
  "Z_computed": -0.023540549895183106
}