{
  "neval": 742, 
  "Z_computed_err": 0.3988422435545258, 
  "Z_computed": 0.06931459857316934
}