{
  "neval": 711, 
  "Z_computed_err": 0.4722035181966398, 
  "Z_computed": -0.05248551972470315
}