{
  "neval": 959, 
  "Z_computed_err": 0.33797516614216117, 
  "Z_computed": 0.22232471963953607
}