{
  "neval": 760, 
  "Z_computed_err": 0.40297873227933034, 
  "Z_computed": 0.0544479685048431
}