{
  "neval": 710, 
  "Z_computed_err": 0.4575601134903875, 
  "Z_computed": -0.021048810824795865
}