{
  "neval": 784, 
  "Z_computed_err": 0.44607340365860965, 
  "Z_computed": -0.027480709946702066
}