{
  "duration": 22.671014070510864, 
  "failed": false, 
  "Z_computed_err": 0.3897192963196141, 
  "Z_computed": -1.2920347500585023, 
  "neval": 15015
}