{
  "duration": 19.732433795928955, 
  "niterations": 4352, 
  "Z_computed_err": 0.49951148284043656, 
  "Z_computed": 0.8276709815841782, 
  "neval": 16787
}