{
  "duration": 16.30633282661438, 
  "niterations": 4437, 
  "Z_computed_err": 0.49991373079512824, 
  "Z_computed": 0.7461533989493304, 
  "neval": 16092
}