{
  "duration": 14.945761919021606, 
  "niterations": 4406, 
  "Z_computed_err": 0.4999943959708443, 
  "Z_computed": 0.7751970447769188, 
  "neval": 15845
}