{
  "duration": 15.98719596862793, 
  "niterations": 4375, 
  "Z_computed_err": 0.4999053521212067, 
  "Z_computed": 0.8011565934050835, 
  "neval": 15284
}