{
  "duration": 0.9315738677978516, 
  "neval": 1358, 
  "Z_computed_err": 0.041372281005546296, 
  "Z_computed": -0.8357797491045759
}