{
  "duration": 0.6100869178771973, 
  "neval": 1171, 
  "Z_computed_err": 0.04758501408577542, 
  "Z_computed": -0.8039903615041534
}