{
  "duration": 0.606071949005127, 
  "neval": 1507, 
  "Z_computed_err": 0.045216974034950765, 
  "Z_computed": -0.9283154929541205
}