{
  "duration": 0.9148170948028564, 
  "neval": 1434, 
  "Z_computed_err": 0.05973403096297057, 
  "Z_computed": -0.920013057037989
}