{
  "duration": 0.9487590789794922, 
  "neval": 1451, 
  "Z_computed_err": 0.051331892349961813, 
  "Z_computed": -0.868025174443529
}