{
  "duration": 0.7251760959625244, 
  "neval": 1293, 
  "Z_computed_err": 0.04537658998800403, 
  "Z_computed": -0.9705615194623392
}