{
  "duration": 0.6987090110778809, 
  "neval": 1566, 
  "Z_computed_err": 0.05611139252222943, 
  "Z_computed": -1.148803225467559
}