{
  "duration": 0.7022929191589355, 
  "neval": 1197, 
  "Z_computed_err": 0.047208095133664384, 
  "Z_computed": -0.9777206584601408
}