{
  "duration": 0.7010250091552734, 
  "neval": 1718, 
  "Z_computed_err": 0.046636189030967015, 
  "Z_computed": -0.8737929427066113
}