{
  "duration": 0.5235488414764404, 
  "neval": 1823, 
  "Z_computed_err": 0.04952264117833811, 
  "Z_computed": -0.9923931166059282
}