{
  "duration": 1.898071050643921, 
  "neval": 7613, 
  "Z_computed_err": 0.029582774494829413, 
  "Z_computed": 0.007963756069430346
}