{
  "neval": 5834, 
  "Z_computed_err": 0.030238448735803315, 
  "Z_computed": -0.049184049671236206
}