{
  "neval": 7668, 
  "Z_computed_err": 0.029367692475879982, 
  "Z_computed": 0.014103509497414601
}