{
  "neval": 5568, 
  "Z_computed_err": 0.029644825110487744, 
  "Z_computed": 0.016089293260535528
}