{
  "neval": 7462, 
  "Z_computed_err": 0.030430754858229124, 
  "Z_computed": -0.020251125896160144
}