{
  "neval": 7551, 
  "Z_computed_err": 0.03024056323983019, 
  "Z_computed": -0.04564396271267983
}