{
  "neval": 7542, 
  "Z_computed_err": 0.02947537274089987, 
  "Z_computed": 0.019260977933584934
}