{
  "neval": 7349, 
  "Z_computed_err": 0.02942670396032877, 
  "Z_computed": 0.015409782782502398
}