{
  "neval": 7255, 
  "Z_computed_err": 0.03018883917905021, 
  "Z_computed": -0.04700928517908547
}