{
  "neval": 7625, 
  "Z_computed_err": 0.02955866404497394, 
  "Z_computed": 0.01848997864397425
}