{
  "duration": 4.651988983154297, 
  "neval": 11502, 
  "Z_computed_err": 0.10384575582830233, 
  "Z_computed": 0.15771364589302792
}