{
  "duration": 3.250624895095825, 
  "neval": 8246, 
  "Z_computed_err": 0.10738689657232547, 
  "Z_computed": -0.2627865377638245
}