{
  "duration": 3.5228068828582764, 
  "neval": 9403, 
  "Z_computed_err": 0.10497191890644858, 
  "Z_computed": -0.06496015481563194
}