{
  "duration": 3.89544677734375, 
  "neval": 10496, 
  "Z_computed_err": 0.10457053701028562, 
  "Z_computed": 0.06708470830074927
}