{
  "duration": 2.4690980911254883, 
  "neval": 9301, 
  "Z_computed_err": 0.1061154396699854, 
  "Z_computed": -0.08855468669450743
}