{
  "duration": 4.369038105010986, 
  "neval": 10328, 
  "Z_computed_err": 0.1034111400073648, 
  "Z_computed": 0.03787039580976375
}