{
  "duration": 4.4054930210113525, 
  "neval": 11054, 
  "Z_computed_err": 0.10337180449458346, 
  "Z_computed": 0.12499766705254371
}