{
  "duration": 3.9060680866241455, 
  "neval": 9331, 
  "Z_computed_err": 0.10713494447348079, 
  "Z_computed": -0.09056392114018832
}