{
  "duration": 4.558581829071045, 
  "neval": 9767, 
  "Z_computed_err": 0.10607339799766051, 
  "Z_computed": -0.0537162798293153
}