{
  "duration": 3.5607688426971436, 
  "neval": 9991, 
  "Z_computed_err": 0.10551930045741054, 
  "Z_computed": -0.02371249914752769
}