{
  "duration": 9.625025987625122, 
  "niterations": 4099, 
  "Z_computed_err": 0.4997300588600643, 
  "Z_computed": 0.7763601370480528, 
  "neval": 11362
}