{
  "duration": 10.342720985412598, 
  "niterations": 4261, 
  "Z_computed_err": 0.4999851620380873, 
  "Z_computed": 0.6186756406166047, 
  "neval": 11434
}