{
  "duration": 9.509017944335938, 
  "niterations": 4124, 
  "Z_computed_err": 0.4998008107241847, 
  "Z_computed": 0.7541377470590312, 
  "neval": 11022
}