{
  "duration": 10.374269008636475, 
  "niterations": 4161, 
  "Z_computed_err": 0.4997859404595718, 
  "Z_computed": 0.7178526254733114, 
  "neval": 11528
}