{
  "duration": 9.71523404121399, 
  "niterations": 4180, 
  "Z_computed_err": 0.4995750172110552, 
  "Z_computed": 0.6982732349661918, 
  "neval": 10781
}