{
  "duration": 9.124642848968506, 
  "niterations": 4052, 
  "Z_computed_err": 0.49965595877566804, 
  "Z_computed": 0.8234110943196374, 
  "neval": 10525
}