{
  "duration": 9.742601156234741, 
  "niterations": 4247, 
  "Z_computed_err": 0.49986110189254684, 
  "Z_computed": 0.6314655556938265, 
  "neval": 11120
}