{
  "duration": 9.805159091949463, 
  "niterations": 4164, 
  "Z_computed_err": 0.49974499413892715, 
  "Z_computed": 0.714025396750932, 
  "neval": 10941
}