{
  "duration": 9.321577072143555, 
  "niterations": 4122, 
  "Z_computed_err": 0.4995727121728586, 
  "Z_computed": 0.7554424142896662, 
  "neval": 10534
}