{
  "duration": 7.129852056503296, 
  "niterations": 4073, 
  "Z_computed_err": 0.4996773593512976, 
  "Z_computed": 0.8050988342179068, 
  "neval": 11281
}