{
  "duration": 0.4632270336151123, 
  "neval": 1621, 
  "Z_computed_err": 0.04608122456358326, 
  "Z_computed": -4.492420951294968
}