{
  "duration": 0.671799898147583, 
  "neval": 1969, 
  "Z_computed_err": 0.04253874896245403, 
  "Z_computed": -4.5699383435731935
}