{
  "duration": 0.4917299747467041, 
  "neval": 1644, 
  "Z_computed_err": 0.04317559249613526, 
  "Z_computed": -4.619913896019672
}