{
  "duration": 0.5238311290740967, 
  "neval": 1768, 
  "Z_computed_err": 0.04916164623613355, 
  "Z_computed": -4.457813293306485
}