{
  "duration": 0.4876708984375, 
  "neval": 1434, 
  "Z_computed_err": 0.04174039073234524, 
  "Z_computed": -4.499752105887159
}