{
  "duration": 0.4480149745941162, 
  "neval": 1526, 
  "Z_computed_err": 0.045322931164404806, 
  "Z_computed": -4.524241026626754
}