{
  "duration": 0.40004801750183105, 
  "neval": 1955, 
  "Z_computed_err": 0.04042649764570097, 
  "Z_computed": -4.588673799594913
}