{
  "duration": 0.5819709300994873, 
  "neval": 1786, 
  "Z_computed_err": 0.041263567211480556, 
  "Z_computed": -4.551337865188377
}