{
  "duration": 0.502465009689331, 
  "neval": 1527, 
  "Z_computed_err": 0.04289691463999543, 
  "Z_computed": -4.542323007399325
}