{
  "duration": 0.49506688117980957, 
  "neval": 1776, 
  "Z_computed_err": 0.04052058454170517, 
  "Z_computed": -4.609089318371023
}