{
  "duration": 8.72459077835083, 
  "neval": 19263, 
  "Z_computed_err": 0.021443904247996557, 
  "Z_computed": 0.14398282681222876
}