{
  "duration": 9.387227058410645, 
  "neval": 20814, 
  "Z_computed_err": 0.02411048262020724, 
  "Z_computed": 0.1502202698592256
}