{
  "duration": 9.484771966934204, 
  "neval": 20458, 
  "Z_computed_err": 0.015579236392543926, 
  "Z_computed": 0.10941700293014883
}