{
  "duration": 9.241352081298828, 
  "neval": 18477, 
  "Z_computed_err": 0.014937050405753764, 
  "Z_computed": 0.11129957366109865
}