{
  "duration": 9.86188292503357, 
  "neval": 19223, 
  "Z_computed_err": 0.03045568609467656, 
  "Z_computed": 0.1483849521687161
}