{
  "duration": 10.27602219581604, 
  "neval": 20683, 
  "Z_computed_err": 0.01143348535145427, 
  "Z_computed": 0.08043428973371622
}