{
  "duration": 9.118319988250732, 
  "neval": 22498, 
  "Z_computed_err": 0.01976855945861756, 
  "Z_computed": 0.1017977555253562
}