{
  "duration": 11.007827043533325, 
  "neval": 17234, 
  "Z_computed_err": 0.039287418027088454, 
  "Z_computed": 0.2102865644090246
}