{
  "duration": 9.211804151535034, 
  "neval": 18142, 
  "Z_computed_err": 0.02245019975581366, 
  "Z_computed": 0.13764012768288206
}