{
  "duration": 9.486829042434692, 
  "neval": 19370, 
  "Z_computed_err": 0.015413803708959506, 
  "Z_computed": 0.12084223008487927
}