{
  "failed": false, 
  "Z_computed_err": 0.8825459908389348, 
  "Z_computed": -566.19071869357174, 
  "neval": 7815
}