{
  "duration": 0.8270468711853027, 
  "failed": false, 
  "Z_computed_err": 0.11498120575655957, 
  "Z_computed": 0.09910457157672728, 
  "neval": 1000
}