{
  "duration": 0.9927210807800293, 
  "failed": false, 
  "Z_computed_err": 0.12094860800553028, 
  "Z_computed": -0.08462981006631126, 
  "neval": 1000
}