{
  "duration": 0.8226640224456787, 
  "failed": false, 
  "Z_computed_err": 0.1219520415561276, 
  "Z_computed": -0.14604630874745075, 
  "neval": 1000
}