{
  "duration": 0.7960391044616699, 
  "failed": false, 
  "Z_computed_err": 0.11738351193914118, 
  "Z_computed": 0.03564196404665515, 
  "neval": 1000
}