{
  "duration": 0.6379890441894531, 
  "failed": false, 
  "Z_computed_err": 0.10344751823296189, 
  "Z_computed": 0.25459815591787743, 
  "neval": 1000
}