{
  "duration": 0.7377488613128662, 
  "failed": false, 
  "Z_computed_err": 0.11386584355390522, 
  "Z_computed": -0.06087512222950168, 
  "neval": 1000
}