{
  "duration": 1.4462449550628662, 
  "niterations": 401, 
  "Z_computed_err": 0.49107651254982015, 
  "Z_computed": -0.9905660283911992, 
  "neval": 1082
}