{
  "duration": 1.378053903579712, 
  "niterations": 401, 
  "Z_computed_err": 0.49099734288479774, 
  "Z_computed": -0.9905629291882243, 
  "neval": 1086
}