{
  "duration": 1.4970929622650146, 
  "niterations": 401, 
  "Z_computed_err": 0.491101448329195, 
  "Z_computed": -0.9905796880427953, 
  "neval": 1072
}