{
  "duration": 1.4246461391448975, 
  "niterations": 401, 
  "Z_computed_err": 0.4917828470814039, 
  "Z_computed": -0.990528970448954, 
  "neval": 1159
}