{
  "duration": 1.7653381824493408, 
  "niterations": 401, 
  "Z_computed_err": 0.49116606478718877, 
  "Z_computed": -0.9905526468860694, 
  "neval": 1077
}