{
  "duration": 1.2639729976654053, 
  "niterations": 401, 
  "Z_computed_err": 0.4912963386448221, 
  "Z_computed": -0.9905602954896908, 
  "neval": 1094
}