{
  "duration": 1.5051608085632324, 
  "niterations": 401, 
  "Z_computed_err": 0.491231200566135, 
  "Z_computed": -0.9905766790389567, 
  "neval": 1048
}