{
  "duration": 1.3946549892425537, 
  "niterations": 401, 
  "Z_computed_err": 0.49115762072288516, 
  "Z_computed": -0.9905548389543198, 
  "neval": 1130
}