{
  "duration": 1.7319979667663574, 
  "niterations": 401, 
  "Z_computed_err": 0.491585247954522, 
  "Z_computed": -0.9905639233861397, 
  "neval": 1155
}