{
  "duration": 1.4650828838348389, 
  "niterations": 401, 
  "Z_computed_err": 0.49120127110835304, 
  "Z_computed": -0.9905551451591292, 
  "neval": 1081
}