{
  "duration": 2.2558400630950928, 
  "neval": 6904, 
  "Z_computed_err": 0.018778127695677247, 
  "Z_computed": -4.027664387589601
}