{
  "duration": 1.5967378616333008, 
  "neval": 6418, 
  "Z_computed_err": 0.01884588921876805, 
  "Z_computed": -4.007217488586873
}