{
  "duration": 1.7663519382476807, 
  "neval": 6169, 
  "Z_computed_err": 0.01875272056479396, 
  "Z_computed": -3.985634169754559
}