{
  "duration": 1.7427690029144287, 
  "neval": 7296, 
  "Z_computed_err": 0.01906593533787795, 
  "Z_computed": -3.977669758386779
}