{
  "duration": 1.9462730884552002, 
  "neval": 6161, 
  "Z_computed_err": 0.018264213815793035, 
  "Z_computed": -4.025908864650767
}