{
  "duration": 1.8410770893096924, 
  "neval": 6433, 
  "Z_computed_err": 0.01875399495339488, 
  "Z_computed": -4.023422259207534
}