{
  "duration": 1.7525298595428467, 
  "neval": 6663, 
  "Z_computed_err": 0.018730692642782223, 
  "Z_computed": -4.008592349402956
}