{
  "duration": 1.5633370876312256, 
  "neval": 6611, 
  "Z_computed_err": 0.019051252190729343, 
  "Z_computed": -4.021584351253348
}