{
  "duration": 1.773838996887207, 
  "neval": 6194, 
  "Z_computed_err": 0.018426843151983754, 
  "Z_computed": -4.007360453622331
}