{
  "duration": 1.2680730819702148, 
  "neval": 6358, 
  "Z_computed_err": 0.01879282534442179, 
  "Z_computed": -3.9996063610937296
}