{
  "duration": 17.2719509601593, 
  "niterations": 5455, 
  "Z_computed_err": 0.4997546318405437, 
  "Z_computed": 0.3042085180108138, 
  "neval": 11943
}