{
  "duration": 18.150743007659912, 
  "niterations": 5472, 
  "Z_computed_err": 0.49971404634632144, 
  "Z_computed": 0.29329885610037726, 
  "neval": 12187
}