{
  "duration": 16.297659158706665, 
  "niterations": 5622, 
  "Z_computed_err": 0.4996366219225441, 
  "Z_computed": 0.14055097509038453, 
  "neval": 11994
}