{
  "duration": 17.319087982177734, 
  "niterations": 5596, 
  "Z_computed_err": 0.4997283450949462, 
  "Z_computed": 0.16527515661068024, 
  "neval": 11772
}