{
  "neval": 22451, 
  "Z_computed_err": 0.010971758765837268, 
  "Z_computed": -0.0007918320813856415
}