{
  "neval": 21816, 
  "Z_computed_err": 0.01103600768017367, 
  "Z_computed": 0.004856310354047283
}