{
  "neval": 22198, 
  "Z_computed_err": 0.011266064559965792, 
  "Z_computed": 0.008330306291348583
}