{
  "neval": 22784, 
  "Z_computed_err": 0.011269202766452163, 
  "Z_computed": 0.004052093631067709
}