{
  "neval": 22585, 
  "Z_computed_err": 0.011155493396012177, 
  "Z_computed": -0.011003713317846471
}