{
  "duration": 0.3679051399230957, 
  "failed": false, 
  "Z_computed_err": 0.18829653038749666, 
  "Z_computed": 0.19001293484878218, 
  "neval": 1000
}