{
  "duration": 0.28861403465270996, 
  "failed": false, 
  "Z_computed_err": 0.20902599955031476, 
  "Z_computed": 0.06421139508485284, 
  "neval": 1000
}