{
  "duration": 0.3377721309661865, 
  "failed": false, 
  "Z_computed_err": 0.22287378649296302, 
  "Z_computed": 0.002688056960390225, 
  "neval": 1000
}