{
  "neval": 1575, 
  "Z_computed_err": 0.16780287037575767, 
  "Z_computed": 0.650333208178654
}