{
  "neval": 2089, 
  "Z_computed_err": 0.15367198172868063, 
  "Z_computed": 1.0149092064853578
}