{
  "neval": 1635, 
  "Z_computed_err": 0.16467404050076878, 
  "Z_computed": 0.7912849062638144
}