{
  "neval": 1737, 
  "Z_computed_err": 0.15550374400566452, 
  "Z_computed": 1.0537295929505734
}