{
  "neval": 1746, 
  "Z_computed_err": 0.15964080493335708, 
  "Z_computed": 0.9330107726644428
}