{
  "neval": 2012, 
  "Z_computed_err": 0.1561136772282108, 
  "Z_computed": 0.951191834399735
}