{
  "neval": 1757, 
  "Z_computed_err": 0.15817022996299165, 
  "Z_computed": 0.9401512204617434
}