{
  "neval": 1597, 
  "Z_computed_err": 0.1696118182549984, 
  "Z_computed": 0.6060437011898571
}