{
  "neval": 1480, 
  "Z_computed_err": 0.17131886128386054, 
  "Z_computed": 0.4757699418341004
}