{
  "neval": 1887, 
  "Z_computed_err": 0.1577342032036619, 
  "Z_computed": 1.0273287306175227
}