{
  "duration": 9.111227989196777, 
  "neval": 19756, 
  "Z_computed_err": 0.1034001620555978, 
  "Z_computed": 4.715259632962886
}