{
  "duration": 8.70223093032837, 
  "neval": 18031, 
  "Z_computed_err": 0.10248155455302815, 
  "Z_computed": 4.881855306567692
}