{
  "duration": 8.696084022521973, 
  "neval": 18995, 
  "Z_computed_err": 0.10361895020889654, 
  "Z_computed": 4.559037546409002
}