{
  "duration": 9.268242120742798, 
  "neval": 18265, 
  "Z_computed_err": 0.1037375964229697, 
  "Z_computed": 4.705777230995344
}