{
  "duration": 8.389712810516357, 
  "neval": 19336, 
  "Z_computed_err": 0.10259306864082371, 
  "Z_computed": 5.102751499413369
}