{
  "duration": 8.876793146133423, 
  "neval": 18281, 
  "Z_computed_err": 0.10580559615166354, 
  "Z_computed": 4.079116600119201
}