{
  "duration": 9.2953360080719, 
  "neval": 19214, 
  "Z_computed_err": 0.10515389988745341, 
  "Z_computed": 4.3283238026376605
}