{
  "duration": 9.238353967666626, 
  "neval": 18202, 
  "Z_computed_err": 0.10310872728942981, 
  "Z_computed": 4.630127280487388
}