{
  "duration": 8.01266598701477, 
  "neval": 19010, 
  "Z_computed_err": 0.1028053945884018, 
  "Z_computed": 4.910788787231819
}