{
  "duration": 8.000746965408325, 
  "neval": 19891, 
  "Z_computed_err": 0.10472522623418742, 
  "Z_computed": 4.334050815345375
}