{
  "neval": 15189, 
  "Z_computed_err": 0.05167218284909938, 
  "Z_computed": 0.7610435171293207
}