{
  "neval": 15692, 
  "Z_computed_err": 0.05122022730367845, 
  "Z_computed": 0.8334452444408529
}