{
  "neval": 14993, 
  "Z_computed_err": 0.05193801772354286, 
  "Z_computed": 0.7178661390130997
}