{
  "neval": 15313, 
  "Z_computed_err": 0.05112814908557794, 
  "Z_computed": 0.8199972946349839
}