{
  "neval": 14739, 
  "Z_computed_err": 0.05182539291423001, 
  "Z_computed": 0.7425934359056217
}