{
  "neval": 15017, 
  "Z_computed_err": 0.05181946379574895, 
  "Z_computed": 0.7161736754880537
}