{
  "neval": 15532, 
  "Z_computed_err": 0.0509442968458846, 
  "Z_computed": 0.8335576119583581
}