{
  "neval": 14600, 
  "Z_computed_err": 0.051708113361416876, 
  "Z_computed": 0.7584044276907819
}