{
  "neval": 14498, 
  "Z_computed_err": 0.052274605790765254, 
  "Z_computed": 0.6922987096880451
}