{
  "neval": 14473, 
  "Z_computed_err": 0.05224653817881451, 
  "Z_computed": 0.6908504044096621
}