{
  "duration": 1.9055180549621582, 
  "failed": false, 
  "Z_computed_err": 0.37352003239022835, 
  "Z_computed": -28.634838523545127, 
  "neval": 17018
}