{
  "neval": 9031, 
  "Z_computed_err": 0.09269379628341878, 
  "Z_computed": 0.20590048203253367
}