{
  "neval": 8967, 
  "Z_computed_err": 0.09285553240654872, 
  "Z_computed": 0.22874008595817433
}