{
  "neval": 9311, 
  "Z_computed_err": 0.09211773290675884, 
  "Z_computed": 0.22701700272675807
}