{
  "neval": 9292, 
  "Z_computed_err": 0.09179139183997449, 
  "Z_computed": 0.289288872885402
}