{
  "duration": 0.8483150005340576, 
  "neval": 1871, 
  "Z_computed_err": 0.08933472459587931, 
  "Z_computed": 5.297266075954218
}