{
  "duration": 0.6875729560852051, 
  "neval": 2288, 
  "Z_computed_err": 0.10912949922033968, 
  "Z_computed": 5.932601642811309
}