{
  "duration": 0.671065092086792, 
  "neval": 2086, 
  "Z_computed_err": 0.038653946844919185, 
  "Z_computed": 5.152910179406333
}