{
  "duration": 0.6427412033081055, 
  "neval": 2165, 
  "Z_computed_err": 0.06696885666736786, 
  "Z_computed": 5.449371829550075
}