{
  "duration": 0.9186608791351318, 
  "neval": 2300, 
  "Z_computed_err": 0.041509680750062665, 
  "Z_computed": 5.175817651843284
}