{
  "duration": 0.6552250385284424, 
  "neval": 2414, 
  "Z_computed_err": 0.039440935928740165, 
  "Z_computed": 5.1390342451149955
}