{
  "duration": 0.7310500144958496, 
  "neval": 2303, 
  "Z_computed_err": 0.09969249278040011, 
  "Z_computed": 5.449938567360348
}