{
  "duration": 0.9570660591125488, 
  "neval": 2339, 
  "Z_computed_err": 0.035752267877079816, 
  "Z_computed": 5.123818039847111
}