{
  "duration": 0.6494090557098389, 
  "neval": 1908, 
  "Z_computed_err": 0.09088113306030234, 
  "Z_computed": 5.782796573123033
}