{
  "duration": 1.0253620147705078, 
  "neval": 2089, 
  "Z_computed_err": 0.04161026106107623, 
  "Z_computed": 5.195566799377437
}