{
  "neval": 196852, 
  "Z_computed_err": 0.4164360891239211, 
  "Z_computed": 0.2567000280166842
}