{
  "neval": 193076, 
  "Z_computed_err": 0.4083496099361008, 
  "Z_computed": 0.2708016651042005
}