{
  "neval": 188439, 
  "Z_computed_err": 0.4471232366075268, 
  "Z_computed": 0.19101032689092284
}