{
  "neval": 162171, 
  "Z_computed_err": 0.4877375090305899, 
  "Z_computed": 0.11424711920303868
}