{
  "neval": 185624, 
  "Z_computed_err": 0.4241673562241896, 
  "Z_computed": 0.22858861517497628
}