{
  "duration": 0.17350006103515625, 
  "failed": false, 
  "Z_computed_err": 0.07618382747859223, 
  "Z_computed": 0.06212365323867693, 
  "neval": 1000
}