{
  "duration": 0.40967607498168945, 
  "failed": false, 
  "Z_computed_err": 0.2797444385459267, 
  "Z_computed": 4.605234259041747, 
  "neval": 2500
}