{
  "duration": 0.1477048397064209, 
  "failed": false, 
  "Z_computed_err": 0.0755301161358411, 
  "Z_computed": 0.05778206953667284, 
  "neval": 1000
}