{
  "duration": 14.920598983764648, 
  "niterations": 4416, 
  "Z_computed_err": 0.4996565233737913, 
  "Z_computed": 0.7624322947178219, 
  "neval": 15949
}