{
  "duration": 16.111246824264526, 
  "niterations": 4388, 
  "Z_computed_err": 0.4995951556491398, 
  "Z_computed": 0.7932068390921951, 
  "neval": 16124
}