{
  "duration": 15.185449123382568, 
  "niterations": 4380, 
  "Z_computed_err": 0.4995709810268588, 
  "Z_computed": 0.8004389801687531, 
  "neval": 16227
}