{
  "duration": 12.900453805923462, 
  "niterations": 4402, 
  "Z_computed_err": 0.49986410609206655, 
  "Z_computed": 0.7765126172171849, 
  "neval": 16114
}