{
  "duration": 16.221403121948242, 
  "niterations": 4385, 
  "Z_computed_err": 0.4995985749213152, 
  "Z_computed": 0.7962086693845482, 
  "neval": 17094
}