{
  "duration": 16.214287042617798, 
  "niterations": 4335, 
  "Z_computed_err": 0.49982380332866244, 
  "Z_computed": 0.8439809367020302, 
  "neval": 16913
}