{
  "duration": 0.28354406356811523, 
  "neval": 400, 
  "Z_computed_err": NaN, 
  "Z_computed": -299.99999999999966
}