{
  "duration": 0.2116398811340332, 
  "neval": 400, 
  "Z_computed_err": NaN, 
  "Z_computed": -299.99999999999966
}