{
  "duration": 0.21740412712097168, 
  "neval": 400, 
  "Z_computed_err": NaN, 
  "Z_computed": -299.99999999999966
}