{
  "duration": 0.20168685913085938, 
  "neval": 400, 
  "Z_computed_err": NaN, 
  "Z_computed": -299.99999999999966
}