{
  "duration": 457.4054129123688, 
  "niterations": 17024, 
  "Z_computed_err": 0.4996656107200853, 
  "Z_computed": -12.003435055433188, 
  "neval": 1076943
}