{
  "duration": 482.12686920166016, 
  "niterations": 17132, 
  "Z_computed_err": 0.4996305240906995, 
  "Z_computed": -12.109794141268068, 
  "neval": 1138393
}