{
  "duration": 491.8825650215149, 
  "niterations": 17089, 
  "Z_computed_err": 0.4999704638587123, 
  "Z_computed": -12.068712789695224, 
  "neval": 1166659
}