{
  "duration": 540.1023120880127, 
  "niterations": 17183, 
  "Z_computed_err": 0.49989346449359434, 
  "Z_computed": -12.161320269311151, 
  "neval": 1280175
}