{
  "duration": 501.2108619213104, 
  "niterations": 17161, 
  "Z_computed_err": 0.4999079824038605, 
  "Z_computed": -12.140228432892041, 
  "neval": 1131382
}