{
  "duration": 486.94227504730225, 
  "niterations": 17192, 
  "Z_computed_err": 0.4996138615007164, 
  "Z_computed": -12.16933462236744, 
  "neval": 1085798
}