{
  "duration": 471.91051602363586, 
  "niterations": 17268, 
  "Z_computed_err": 0.49976432177462027, 
  "Z_computed": -12.245922360333662, 
  "neval": 1088476
}