{
  "duration": 0.17801499366760254, 
  "failed": false, 
  "Z_computed_err": 0.16539495370928847, 
  "Z_computed": -4.571364228414829, 
  "neval": 1000
}