{
  "duration": 0.20752787590026855, 
  "failed": false, 
  "Z_computed_err": 0.14964967844895405, 
  "Z_computed": -4.330458426439952, 
  "neval": 1000
}