{
  "duration": 0.15095901489257812, 
  "failed": false, 
  "Z_computed_err": 0.15525624774165525, 
  "Z_computed": -4.51438400831524, 
  "neval": 1000
}