{
  "duration": 0.1617441177368164, 
  "failed": false, 
  "Z_computed_err": 0.17325728947582508, 
  "Z_computed": -4.728996644992341, 
  "neval": 1000
}