{
  "duration": 0.18362998962402344, 
  "failed": false, 
  "Z_computed_err": 0.15155985274004014, 
  "Z_computed": -4.351154226095461, 
  "neval": 1000
}