{
  "duration": 2.62621808052063, 
  "neval": 6570, 
  "Z_computed_err": 0.1019931024940975, 
  "Z_computed": 4.900609116589505
}