{
  "duration": 3.0735089778900146, 
  "neval": 7382, 
  "Z_computed_err": 0.10043522838486565, 
  "Z_computed": 5.150248498851655
}