{
  "duration": 2.375697135925293, 
  "neval": 6894, 
  "Z_computed_err": 0.10062728729731832, 
  "Z_computed": 5.086159660136286
}