{
  "duration": 3.0676450729370117, 
  "neval": 8108, 
  "Z_computed_err": 0.09817257852820535, 
  "Z_computed": 5.356832413850561
}