{
  "duration": 2.528136968612671, 
  "neval": 7034, 
  "Z_computed_err": 0.10192836723187554, 
  "Z_computed": 5.016121654918288
}