{
  "duration": 32.800655126571655, 
  "neval": 7109, 
  "Z_computed_err": 0.09878974750586851, 
  "Z_computed": 5.184448295708196
}