{
  "duration": 2.314073085784912, 
  "neval": 7716, 
  "Z_computed_err": 0.09856137862762301, 
  "Z_computed": 5.320111578575436
}