{
  "duration": 2.376847982406616, 
  "neval": 7154, 
  "Z_computed_err": 0.10009252788223877, 
  "Z_computed": 5.095179304006565
}