{
  "duration": 32.07248115539551, 
  "neval": 7201, 
  "Z_computed_err": 0.09963166745935696, 
  "Z_computed": 5.23839901512834
}