{
  "duration": 32.41364502906799, 
  "neval": 7303, 
  "Z_computed_err": 0.10065194598850037, 
  "Z_computed": 5.144106346139796
}