{
  "duration": 1.4383418560028076, 
  "neval": 7658, 
  "Z_computed_err": 0.010136608504906025, 
  "Z_computed": -0.0015208760255682138
}