{
  "neval": 7230, 
  "Z_computed_err": 0.010600870815394311, 
  "Z_computed": 0.006198457570079958
}