{
  "neval": 7743, 
  "Z_computed_err": 0.010578123898980904, 
  "Z_computed": 0.003134282804852444
}