{
  "neval": 7531, 
  "Z_computed_err": 0.010231764776799854, 
  "Z_computed": -0.0014491846021659443
}