{
  "neval": 7566, 
  "Z_computed_err": 0.01026007092353899, 
  "Z_computed": 0.00130449597141588
}