{
  "neval": 7439, 
  "Z_computed_err": 0.010245899401547126, 
  "Z_computed": -0.009770377450659139
}