{
  "neval": 7401, 
  "Z_computed_err": 0.010209593413293425, 
  "Z_computed": 0.017339213134011298
}