{
  "neval": 7607, 
  "Z_computed_err": 0.010458490611831356, 
  "Z_computed": -0.011740719810002524
}