{
  "neval": 7339, 
  "Z_computed_err": 0.010181343505044902, 
  "Z_computed": -0.01038211381571034
}