{
  "neval": 7674, 
  "Z_computed_err": 0.010322481426854387, 
  "Z_computed": -0.0011844603320804628
}