{
  "failed": false, 
  "Z_computed_err": 0.37822043509141423, 
  "Z_computed": 0.0010621451212860602, 
  "neval": 1105
}