{
  "failed": false, 
  "Z_computed_err": 0.39573358674842274, 
  "Z_computed": -1.3873927550931975, 
  "neval": 21515
}