{
  "duration": 9110.00438117981, 
  "niterations": 3880, 
  "Z_computed_err": 17.692233364589722, 
  "Z_computed": -1.6241685933435275, 
  "neval": 2011728
}