{
  "duration": 9032.149163007736, 
  "niterations": 3719, 
  "Z_computed_err": 20.888723655690022, 
  "Z_computed": -0.4930967969376605, 
  "neval": 2000955
}