{
  "duration": 9040.613661050797, 
  "niterations": 3870, 
  "Z_computed_err": 18.112914422026, 
  "Z_computed": -2.012020630539678, 
  "neval": 2003833
}