{
  "duration": 9024.966209888458, 
  "niterations": 3885, 
  "Z_computed_err": 21.626688978811636, 
  "Z_computed": 1.5351284916505066, 
  "neval": 2000028
}