{
  "duration": 8918.098170995712, 
  "niterations": 3677, 
  "Z_computed_err": 17.748040335538978, 
  "Z_computed": -3.8656283848224358, 
  "neval": 2001624
}