{
  "duration": 8129.270627975464, 
  "niterations": 3694, 
  "Z_computed_err": 21.10773212632871, 
  "Z_computed": -1.124438796505507, 
  "neval": 2004121
}