{
  "duration": 8054.354835987091, 
  "niterations": 3493, 
  "Z_computed_err": 19.500055363254564, 
  "Z_computed": -2.5466143649668918, 
  "neval": 2014659
}