{
  "duration": 8212.954480171204, 
  "niterations": 4045, 
  "Z_computed_err": 18.862620552013944, 
  "Z_computed": -0.4692322069572228, 
  "neval": 2029226
}