{
  "duration": 8043.0000829696655, 
  "niterations": 3950, 
  "Z_computed_err": 19.358960721896164, 
  "Z_computed": -0.5581044759407939, 
  "neval": 2000539
}