{
  "duration": 8115.638426065445, 
  "niterations": 3789, 
  "Z_computed_err": 19.955282643739757, 
  "Z_computed": 0.04063418752268838, 
  "neval": 2001353
}