{
  "duration": 2.1402769088745117, 
  "neval": 6514, 
  "Z_computed_err": 0.09135714852415006, 
  "Z_computed": -4.52309147831867
}