{
  "duration": 2.8420369625091553, 
  "neval": 6263, 
  "Z_computed_err": 0.09404256363841468, 
  "Z_computed": -4.730123305649173
}