{
  "duration": 1.9395899772644043, 
  "neval": 6242, 
  "Z_computed_err": 0.09221943888672554, 
  "Z_computed": -4.59502935835208
}