{
  "duration": 2.530700206756592, 
  "neval": 6665, 
  "Z_computed_err": 0.09336473975607612, 
  "Z_computed": -4.704023724736626
}