{
  "duration": 1.9871580600738525, 
  "neval": 6125, 
  "Z_computed_err": 0.090754870682427, 
  "Z_computed": -4.482360501330968
}