{
  "duration": 2.5634279251098633, 
  "neval": 6451, 
  "Z_computed_err": 0.09177316259252877, 
  "Z_computed": -4.555574261427271
}