{
  "duration": 2.9699370861053467, 
  "neval": 6754, 
  "Z_computed_err": 0.09068248522626488, 
  "Z_computed": -4.470487182358199
}