{
  "duration": 3.0998871326446533, 
  "neval": 6168, 
  "Z_computed_err": 0.09364846748543727, 
  "Z_computed": -4.695879336403297
}