{
  "duration": 2.7054409980773926, 
  "neval": 6418, 
  "Z_computed_err": 0.09286290688372818, 
  "Z_computed": -4.604200154296957
}