{
  "duration": 2.0134239196777344, 
  "neval": 7111, 
  "Z_computed_err": 0.0897709491317209, 
  "Z_computed": -4.42290247024833
}