{
  "duration": 1.0590319633483887, 
  "failed": false, 
  "Z_computed_err": 0.35005452448475083, 
  "Z_computed": 5.1046713024083985, 
  "neval": 4008
}