{
  "duration": 0.7189338207244873, 
  "failed": false, 
  "Z_computed_err": 0.35005452448475083, 
  "Z_computed": 5.1046713024083985, 
  "neval": 4008
}