{
  "duration": 0.9839010238647461, 
  "failed": false, 
  "Z_computed_err": 0.35005452448475083, 
  "Z_computed": 5.1046713024083985, 
  "neval": 4008
}