{
  "neval": 14773, 
  "Z_computed_err": 0.010699185370382306, 
  "Z_computed": 0.06851113277504771
}