{
  "neval": 13950, 
  "Z_computed_err": 0.010415396513180247, 
  "Z_computed": 0.03230072577546017
}