{
  "neval": 14250, 
  "Z_computed_err": 0.010674062491022948, 
  "Z_computed": 0.03915547768677536
}