{
  "neval": 14644, 
  "Z_computed_err": 0.010581569203406135, 
  "Z_computed": 0.01979512756123089
}