{
  "neval": 14797, 
  "Z_computed_err": 0.010415922746714042, 
  "Z_computed": 0.09408534708465402
}