{
  "neval": 14983, 
  "Z_computed_err": 0.010278186697416765, 
  "Z_computed": 0.02235400598401678
}