{
  "neval": 15223, 
  "Z_computed_err": 0.010487833455899178, 
  "Z_computed": 0.04249670726929436
}