{
  "neval": 14139, 
  "Z_computed_err": 0.01053800544337732, 
  "Z_computed": 0.05155639913860109
}