{
  "neval": 13639, 
  "Z_computed_err": 0.01032601646623457, 
  "Z_computed": 0.015599710236149046
}