{
  "neval": 15179, 
  "Z_computed_err": 0.010413957668511303, 
  "Z_computed": 0.06519874763734275
}