{
  "neval": 5955, 
  "Z_computed_err": 0.0195687968599795, 
  "Z_computed": 0.8270901434941098
}