{
  "neval": 6234, 
  "Z_computed_err": 0.019309488518900877, 
  "Z_computed": 0.8790145814329587
}