{
  "neval": 5993, 
  "Z_computed_err": 0.020089566706361903, 
  "Z_computed": 0.9875105401856806
}