{
  "neval": 6827, 
  "Z_computed_err": 0.021308447359787427, 
  "Z_computed": 0.8858429158493041
}