{
  "neval": 6315, 
  "Z_computed_err": 0.02019499713474621, 
  "Z_computed": 0.9747702854944693
}