{
  "neval": 6885, 
  "Z_computed_err": 0.020710290594681213, 
  "Z_computed": 0.9233010254913164
}