{
  "neval": 6652, 
  "Z_computed_err": 0.019983089769565972, 
  "Z_computed": 0.8311639882833599
}