{
  "neval": 6379, 
  "Z_computed_err": 0.02059204460392377, 
  "Z_computed": 1.0010491927638567
}