{
  "neval": 6607, 
  "Z_computed_err": 0.020134349715948328, 
  "Z_computed": 0.7857794496033426
}