{
  "neval": 5931, 
  "Z_computed_err": 0.020386931967356033, 
  "Z_computed": 0.8732293191274294
}