{
  "duration": 267.7998948097229, 
  "niterations": 12481, 
  "Z_computed_err": 0.43731869447385957, 
  "Z_computed": -16.67434604581647, 
  "neval": 34625
}