{
  "duration": 383.0804879665375, 
  "niterations": 16412, 
  "Z_computed_err": 0.4957324750457233, 
  "Z_computed": -16.394180375604876, 
  "neval": 50491
}