{
  "duration": 3400.1497180461884, 
  "niterations": 62843, 
  "Z_computed_err": 0.4783612468378244, 
  "Z_computed": -4.216393781740518, 
  "neval": 902345
}