{
  "duration": 1490.6546671390533, 
  "niterations": 43579, 
  "Z_computed_err": 0.4906778299069474, 
  "Z_computed": -6.003944809353127, 
  "neval": 332604
}