{
  "duration": 1987.0089139938354, 
  "niterations": 50105, 
  "Z_computed_err": 0.4836822486377465, 
  "Z_computed": -3.7128305412259603, 
  "neval": 496986
}