{
  "duration": 262.2694230079651, 
  "niterations": 17238, 
  "Z_computed_err": 0.49979311628473294, 
  "Z_computed": -12.214879061922206, 
  "neval": 586001
}