{
  "duration": 242.98205399513245, 
  "niterations": 16968, 
  "Z_computed_err": 0.499987366413678, 
  "Z_computed": -11.949497239551995, 
  "neval": 539305
}