{
  "duration": 240.26704812049866, 
  "niterations": 17213, 
  "Z_computed_err": 0.49987710319176193, 
  "Z_computed": -12.191102559989016, 
  "neval": 548933
}