{
  "duration": 244.44450211524963, 
  "niterations": 16899, 
  "Z_computed_err": 0.4996159242351191, 
  "Z_computed": -11.87983896055163, 
  "neval": 562990
}