{
  "duration": 260.9035999774933, 
  "niterations": 17244, 
  "Z_computed_err": 0.4998044398950602, 
  "Z_computed": -12.221425176637307, 
  "neval": 599697
}