{
  "duration": 246.50826692581177, 
  "niterations": 17134, 
  "Z_computed_err": 0.49982531707065514, 
  "Z_computed": -12.113228254073297, 
  "neval": 559463
}