{
  "duration": 230.28070878982544, 
  "niterations": 17247, 
  "Z_computed_err": 0.4996672685426941, 
  "Z_computed": -12.224389854982673, 
  "neval": 529056
}