{
  "duration": 239.58018612861633, 
  "niterations": 17244, 
  "Z_computed_err": 0.49960921019147575, 
  "Z_computed": -12.221751011005075, 
  "neval": 550597
}