{
  "duration": 228.94899201393127, 
  "niterations": 17145, 
  "Z_computed_err": 0.49999301700696497, 
  "Z_computed": -12.124688086401406, 
  "neval": 522037
}