{
  "duration": 242.26359796524048, 
  "niterations": 17082, 
  "Z_computed_err": 0.4998159434496281, 
  "Z_computed": -12.060186095336492, 
  "neval": 565955
}