{
  "duration": 10.603664875030518, 
  "neval": 18812, 
  "Z_computed_err": 0.0605173974743968, 
  "Z_computed": 0.01904848730950339
}