{
  "duration": 10.258428812026978, 
  "neval": 17629, 
  "Z_computed_err": 0.061035352479941914, 
  "Z_computed": -0.04420358749372873
}