{
  "duration": 15.193717956542969, 
  "neval": 19435, 
  "Z_computed_err": 0.059964011688263444, 
  "Z_computed": 0.059662237065512956
}