{
  "duration": 11.725769996643066, 
  "neval": 19724, 
  "Z_computed_err": 0.059485269248947745, 
  "Z_computed": 0.10667842596934714
}