{
  "duration": 13.43598198890686, 
  "neval": 18831, 
  "Z_computed_err": 0.060491693633056995, 
  "Z_computed": 0.0001265214023839284
}