{
  "duration": 10.39130187034607, 
  "neval": 17784, 
  "Z_computed_err": 0.06063746314781198, 
  "Z_computed": -0.020892496760012584
}