{
  "duration": 11.128227949142456, 
  "neval": 19339, 
  "Z_computed_err": 0.05977936349626674, 
  "Z_computed": 0.05085429494060141
}