{
  "duration": 38811.434072971344, 
  "niterations": 10910, 
  "Z_computed_err": 18.14467182110337, 
  "Z_computed": 0.762358317766771, 
  "neval": 2001118
}