{
  "duration": 38778.7318611145, 
  "niterations": 11029, 
  "Z_computed_err": 18.03254112944237, 
  "Z_computed": 1.775184912446718, 
  "neval": 2000105
}