{
  "duration": 38827.06842494011, 
  "niterations": 10593, 
  "Z_computed_err": 15.834595000568482, 
  "Z_computed": -1.9368813764666966, 
  "neval": 2004535
}