{
  "duration": 38748.240694999695, 
  "niterations": 11025, 
  "Z_computed_err": 15.666483065667247, 
  "Z_computed": 0.0062116902538921215, 
  "neval": 2000277
}