{
  "duration": 38755.87658119202, 
  "niterations": 11253, 
  "Z_computed_err": 16.697464258597957, 
  "Z_computed": -0.4837061485263343, 
  "neval": 2000810
}