{
  "duration": 7350.08457493782, 
  "niterations": 10363, 
  "Z_computed_err": 17.59647780729828, 
  "Z_computed": -0.9571862400353831, 
  "neval": 2000075
}