{
  "duration": 7351.541538000107, 
  "niterations": 10275, 
  "Z_computed_err": 19.603170007796468, 
  "Z_computed": 0.4838326317068721, 
  "neval": 2000284
}