{
  "duration": 7508.066009044647, 
  "niterations": 10103, 
  "Z_computed_err": 18.745892166028735, 
  "Z_computed": -1.1519087887311779, 
  "neval": 2003063
}