{
  "duration": 7411.8685030937195, 
  "niterations": 10427, 
  "Z_computed_err": 18.930463658634388, 
  "Z_computed": 0.5593262655111145, 
  "neval": 2000102
}