{
  "duration": 7295.032157897949, 
  "niterations": 11159, 
  "Z_computed_err": 16.78849995628169, 
  "Z_computed": 0.3948411065015487, 
  "neval": 2000806
}