{
  "duration": 120.77832698822021, 
  "niterations": 6830, 
  "Z_computed_err": 0.49972262940132056, 
  "Z_computed": -11.873021986496495, 
  "neval": 187076
}