{
  "duration": 124.71478605270386, 
  "niterations": 6957, 
  "Z_computed_err": 0.4997032787341973, 
  "Z_computed": -12.184999218977678, 
  "neval": 192108
}