{
  "duration": 133.49328804016113, 
  "niterations": 6900, 
  "Z_computed_err": 0.4992803331282298, 
  "Z_computed": -12.044596391054482, 
  "neval": 206633
}