{
  "duration": 117.83363604545593, 
  "niterations": 6931, 
  "Z_computed_err": 0.4995653281415895, 
  "Z_computed": -12.120407630744959, 
  "neval": 204420
}