{
  "duration": 129.05572605133057, 
  "niterations": 6888, 
  "Z_computed_err": 0.49955968013763713, 
  "Z_computed": -12.015369193614665, 
  "neval": 201415
}