{
  "duration": 99.60746002197266, 
  "niterations": 6799, 
  "Z_computed_err": 0.4997916290720931, 
  "Z_computed": -11.800238421956239, 
  "neval": 199280
}