{
  "duration": 140.54929780960083, 
  "niterations": 6897, 
  "Z_computed_err": 0.4998424727573837, 
  "Z_computed": -12.03895426182318, 
  "neval": 217717
}