{
  "duration": 126.44981002807617, 
  "niterations": 6927, 
  "Z_computed_err": 0.49915922244035366, 
  "Z_computed": -12.109178252104465, 
  "neval": 182326
}