{
  "duration": 126.55872988700867, 
  "niterations": 6940, 
  "Z_computed_err": 0.499531795991064, 
  "Z_computed": -12.144156713738182, 
  "neval": 192501
}