{
  "duration": 96.20609092712402, 
  "niterations": 7108, 
  "Z_computed_err": 0.4997900954402461, 
  "Z_computed": -12.557985351645799, 
  "neval": 196445
}