{
  "neval": 53001, 
  "Z_computed_err": 0.38799186341626346, 
  "Z_computed": -0.01293574544323031
}