{
  "neval": 49676, 
  "Z_computed_err": 0.41607023843298757, 
  "Z_computed": -0.0700575594988248
}