{
  "neval": 50489, 
  "Z_computed_err": 0.4083720428328917, 
  "Z_computed": -0.042315035400568635
}