{
  "neval": 60689, 
  "Z_computed_err": 0.3532187941350625, 
  "Z_computed": 0.07503731447833584
}