{
  "neval": 57937, 
  "Z_computed_err": 0.36072820345166406, 
  "Z_computed": 0.055446512644340855
}