{
  "neval": 55350, 
  "Z_computed_err": 0.38417360959217617, 
  "Z_computed": 0.0018651465839393893
}