{
  "neval": 54701, 
  "Z_computed_err": 0.3805391066701402, 
  "Z_computed": 0.008817573327161264
}