{
  "neval": 53817, 
  "Z_computed_err": 0.3936506231909555, 
  "Z_computed": -0.016551544430707013
}