{
  "neval": 61377, 
  "Z_computed_err": 0.3315461086923315, 
  "Z_computed": 0.1276209569095816
}