{
  "neval": 59766, 
  "Z_computed_err": 0.3298569000514492, 
  "Z_computed": 0.13976398840552645
}