{
  "duration": 390.04171419143677, 
  "neval": 97075, 
  "Z_computed_err": 0.20011689362660667, 
  "Z_computed": 1.5820514979276816
}