{
  "duration": 312.92725801467896, 
  "neval": 76527, 
  "Z_computed_err": 0.20361235674713385, 
  "Z_computed": 1.0737740728072493
}