{
  "duration": 390.5255010128021, 
  "neval": 96418, 
  "Z_computed_err": 0.20149510781809776, 
  "Z_computed": 1.5963967276642197
}