{
  "duration": 332.93031001091003, 
  "neval": 81500, 
  "Z_computed_err": 0.20226441072931622, 
  "Z_computed": 1.2301265985922587
}