{
  "duration": 375.5087311267853, 
  "neval": 94719, 
  "Z_computed_err": 0.20213498462666668, 
  "Z_computed": 1.5101275562700647
}