{
  "duration": 384.7836570739746, 
  "neval": 95623, 
  "Z_computed_err": 0.20076535997606093, 
  "Z_computed": 1.3530119346887772
}