{
  "duration": 328.7306618690491, 
  "neval": 80132, 
  "Z_computed_err": 0.20238866543247203, 
  "Z_computed": 1.2124630024620446
}