{
  "duration": 352.50942611694336, 
  "neval": 87904, 
  "Z_computed_err": 0.20084011810454688, 
  "Z_computed": 1.3935899145198787
}