{
  "duration": 315.4179759025574, 
  "neval": 77117, 
  "Z_computed_err": 0.20322232158166764, 
  "Z_computed": 1.1205403108537075
}