{
  "duration": 311.08651399612427, 
  "neval": 76895, 
  "Z_computed_err": 0.20233301564077025, 
  "Z_computed": 1.087123867822829
}