{
  "duration": 91.0324068069458, 
  "neval": 92837, 
  "Z_computed_err": 0.025354095221386187, 
  "Z_computed": -25.471661914569577
}