{
  "duration": 94.57846903800964, 
  "neval": 94131, 
  "Z_computed_err": 0.020429115583659525, 
  "Z_computed": -25.462029212798345
}