{
  "duration": 94.0475721359253, 
  "neval": 103290, 
  "Z_computed_err": 0.006639409126608311, 
  "Z_computed": -25.509989054654298
}