{
  "duration": 93.54982995986938, 
  "neval": 92396, 
  "Z_computed_err": 0.007988779111224692, 
  "Z_computed": -25.47315423162593
}