{
  "duration": 83.15490102767944, 
  "neval": 92319, 
  "Z_computed_err": 0.010427770271454799, 
  "Z_computed": -25.497374027560046
}