{
  "duration": 92.73803997039795, 
  "neval": 97123, 
  "Z_computed_err": 0.009352368917754355, 
  "Z_computed": -25.46828583233662
}