{
  "duration": 92.17135620117188, 
  "neval": 100310, 
  "Z_computed_err": 0.007163508277973526, 
  "Z_computed": -25.499702513060367
}