{
  "duration": 96.65763688087463, 
  "neval": 90767, 
  "Z_computed_err": 0.2634763225178454, 
  "Z_computed": -25.105480022656458
}