{
  "duration": 88.76904702186584, 
  "neval": 98808, 
  "Z_computed_err": 0.007520815905994372, 
  "Z_computed": -25.508381196059094
}