{
  "duration": 73.86195278167725, 
  "neval": 90413, 
  "Z_computed_err": 0.007120840628805878, 
  "Z_computed": -25.50167302786485
}