{
  "neval": 4834, 
  "Z_computed_err": 0.24380720954978852, 
  "Z_computed": 236.11633143410103
}