{
  "neval": 4346, 
  "Z_computed_err": 0.24177027493169811, 
  "Z_computed": 236.2282524223186
}