{
  "neval": 4481, 
  "Z_computed_err": 0.2411426095623039, 
  "Z_computed": 236.26652937226646
}