{
  "neval": 3332, 
  "Z_computed_err": 0.2498647874606884, 
  "Z_computed": 235.8286200468048
}