{
  "neval": 4960, 
  "Z_computed_err": 0.23511065042375104, 
  "Z_computed": 236.50397845736464
}