{
  "neval": 4431, 
  "Z_computed_err": 0.24273729701531221, 
  "Z_computed": 236.1838712359112
}