{
  "neval": 4215, 
  "Z_computed_err": 0.2523225835419744, 
  "Z_computed": 235.72267641973212
}