{
  "neval": 4089, 
  "Z_computed_err": 0.23911309231616118, 
  "Z_computed": 236.28456357900504
}