{
  "neval": 4840, 
  "Z_computed_err": 0.23119231280009409, 
  "Z_computed": 236.80096250491064
}