{
  "neval": 3669, 
  "Z_computed_err": 0.24181567326693504, 
  "Z_computed": 236.1706436719489
}