{
  "duration": 557.1916859149933, 
  "niterations": 24273, 
  "Z_computed_err": 0.4999890333359574, 
  "Z_computed": -24.088473214993538, 
  "neval": 904604
}