{
  "duration": 751.9459648132324, 
  "niterations": 24571, 
  "Z_computed_err": 0.49985302594740477, 
  "Z_computed": -24.249032887789163, 
  "neval": 996893
}