{
  "duration": 782.2631928920746, 
  "niterations": 24224, 
  "Z_computed_err": 0.499868954070601, 
  "Z_computed": -24.005553130282482, 
  "neval": 1001545
}