{
  "duration": 580.5482308864594, 
  "niterations": 24145, 
  "Z_computed_err": 0.4997386185398796, 
  "Z_computed": -23.972552803605772, 
  "neval": 950845
}