{
  "duration": 595.2561950683594, 
  "niterations": 24533, 
  "Z_computed_err": 0.4999627270551985, 
  "Z_computed": -24.050746620031678, 
  "neval": 991226
}