{
  "duration": 809.5519938468933, 
  "niterations": 24038, 
  "Z_computed_err": 0.49982561774852585, 
  "Z_computed": -23.55247989717574, 
  "neval": 1010904
}