{
  "duration": 757.4987850189209, 
  "niterations": 24701, 
  "Z_computed_err": 0.499992055584015, 
  "Z_computed": -23.99213421272513, 
  "neval": 957310
}