{
  "duration": 577.5189869403839, 
  "niterations": 24433, 
  "Z_computed_err": 0.49977803332169324, 
  "Z_computed": -24.111965642428473, 
  "neval": 938327
}