{
  "duration": 584.2213089466095, 
  "niterations": 24190, 
  "Z_computed_err": 0.49969671075026717, 
  "Z_computed": -23.980002275910966, 
  "neval": 978575
}