{
  "duration": 610.1822612285614, 
  "niterations": 24137, 
  "Z_computed_err": 0.4998402649965226, 
  "Z_computed": -23.705304531154543, 
  "neval": 1007454
}