{
  "duration": 102.59825801849365, 
  "neval": 102732, 
  "Z_computed_err": 0.13605106613223458, 
  "Z_computed": -23.4390550741931
}