{
  "duration": 81.66521120071411, 
  "neval": 94856, 
  "Z_computed_err": 0.13666523250991375, 
  "Z_computed": -23.70564901712995
}