{
  "duration": 89.60905289649963, 
  "neval": 94392, 
  "Z_computed_err": 0.13706638426816772, 
  "Z_computed": -23.686836296303944
}