{
  "duration": 85.5546669960022, 
  "neval": 94709, 
  "Z_computed_err": 0.13653356069418843, 
  "Z_computed": -23.608726483170575
}