{
  "duration": 80.74215316772461, 
  "neval": 93190, 
  "Z_computed_err": 0.13683816339130297, 
  "Z_computed": -23.641004216789877
}