{
  "duration": 98.48114705085754, 
  "neval": 93686, 
  "Z_computed_err": 0.13683264485921307, 
  "Z_computed": -23.653843554757646
}