{
  "duration": 92.5754919052124, 
  "neval": 94131, 
  "Z_computed_err": 0.13642730899924765, 
  "Z_computed": -23.658329062296144
}