{
  "duration": 95.5231420993805, 
  "neval": 95789, 
  "Z_computed_err": 0.13657719789944378, 
  "Z_computed": -23.638408064445628
}