{
  "duration": 95.67570805549622, 
  "neval": 94407, 
  "Z_computed_err": 0.13693857094616266, 
  "Z_computed": -23.67656564852173
}