{
  "duration": 64.86833214759827, 
  "neval": 97329, 
  "Z_computed_err": 0.13664321504008015, 
  "Z_computed": -23.631001975660116
}