{
  "duration": 21.722604036331177, 
  "niterations": 4193, 
  "Z_computed_err": 0.49954786108756966, 
  "Z_computed": -3.894864495298292, 
  "neval": 63086
}