{
  "duration": 19.488173007965088, 
  "niterations": 3998, 
  "Z_computed_err": 0.49992756828023155, 
  "Z_computed": -3.7037672979384277, 
  "neval": 61525
}