{
  "duration": 20.841300010681152, 
  "niterations": 4146, 
  "Z_computed_err": 0.4996251120982792, 
  "Z_computed": -3.8493790424795598, 
  "neval": 60705
}