{
  "duration": 21.555203914642334, 
  "niterations": 4056, 
  "Z_computed_err": 0.4996186440070346, 
  "Z_computed": -3.761783019375386, 
  "neval": 60894
}