{
  "duration": 21.846962928771973, 
  "niterations": 4203, 
  "Z_computed_err": 0.4994891869086367, 
  "Z_computed": -3.9065863873730833, 
  "neval": 58979
}