{
  "duration": 22.97659683227539, 
  "niterations": 4045, 
  "Z_computed_err": 0.4999284249385725, 
  "Z_computed": -3.7526742894119454, 
  "neval": 59462
}