{
  "duration": 23.59713888168335, 
  "niterations": 4085, 
  "Z_computed_err": 0.4995292016970631, 
  "Z_computed": -3.7892015000191903, 
  "neval": 62294
}