{
  "duration": 23.27598285675049, 
  "niterations": 4123, 
  "Z_computed_err": 0.4996166506935311, 
  "Z_computed": -3.826370408179306, 
  "neval": 60160
}