{
  "duration": 23.78379988670349, 
  "niterations": 4064, 
  "Z_computed_err": 0.4996260020812585, 
  "Z_computed": -3.769228380346512, 
  "neval": 61402
}