{
  "duration": 23.44969391822815, 
  "niterations": 4071, 
  "Z_computed_err": 0.4998660460624199, 
  "Z_computed": -3.7780087125865394, 
  "neval": 62223
}