{
  "duration": 19.02362585067749, 
  "niterations": 4530, 
  "Z_computed_err": 0.4997044860016342, 
  "Z_computed": -0.08624929961580845, 
  "neval": 9984
}