{
  "duration": 19.085798025131226, 
  "niterations": 4526, 
  "Z_computed_err": 0.4995831219438137, 
  "Z_computed": -0.0834260033345111, 
  "neval": 10128
}