{
  "duration": 18.520398139953613, 
  "niterations": 4405, 
  "Z_computed_err": 0.49987402433787853, 
  "Z_computed": 0.03456065642657908, 
  "neval": 9785
}