{
  "duration": 17.28213596343994, 
  "niterations": 4399, 
  "Z_computed_err": 0.4998125328076209, 
  "Z_computed": 0.041929326115406895, 
  "neval": 9572
}