{
  "duration": 19.27281904220581, 
  "niterations": 4426, 
  "Z_computed_err": 0.4995515575927276, 
  "Z_computed": 0.016644184632575866, 
  "neval": 9894
}