{
  "duration": 20.672361850738525, 
  "niterations": 4451, 
  "Z_computed_err": 0.49990069277175847, 
  "Z_computed": -0.0043203906827282415, 
  "neval": 10297
}