{
  "duration": 18.325228214263916, 
  "niterations": 4415, 
  "Z_computed_err": 0.4998054323389585, 
  "Z_computed": 0.025435291985533102, 
  "neval": 9708
}