{
  "duration": 19.322132110595703, 
  "niterations": 4397, 
  "Z_computed_err": 0.49959602049797175, 
  "Z_computed": 0.04211812494234817, 
  "neval": 9654
}