{
  "duration": 18.772238969802856, 
  "niterations": 4332, 
  "Z_computed_err": 0.4996877896405542, 
  "Z_computed": 0.11202804012326252, 
  "neval": 9992
}