{
  "duration": 19.388232946395874, 
  "niterations": 4381, 
  "Z_computed_err": 0.49979861182076757, 
  "Z_computed": 0.06587672390332332, 
  "neval": 10134
}