{
  "failed": false, 
  "Z_computed_err": 0.04890657400000009, 
  "Z_computed": 235.85825930116528, 
  "neval": 156447
}