{
  "neval": 54943, 
  "Z_computed_err": 0.3715803927118488, 
  "Z_computed": 0.78157049791775424
}