{
  "neval": 50588, 
  "Z_computed_err": 0.41612519424471944, 
  "Z_computed": 0.68808944547011208
}