{
  "neval": 53605, 
  "Z_computed_err": 0.39093199103014237, 
  "Z_computed": 0.72917950620800798
}