{
  "neval": 54261, 
  "Z_computed_err": 0.3804681927623103, 
  "Z_computed": 0.75467353563111006
}