{
  "neval": 53889, 
  "Z_computed_err": 0.3757661274879881, 
  "Z_computed": 0.76478956511549079
}