{
  "neval": 55346, 
  "Z_computed_err": 0.35289523854365035, 
  "Z_computed": 0.81601104620256826
}