{
  "neval": 51021, 
  "Z_computed_err": 0.42124146979031, 
  "Z_computed": 0.67316301611047824
}