{
  "neval": 54950, 
  "Z_computed_err": 0.36567066579312935, 
  "Z_computed": 0.78303752222105838
}