{
  "neval": 53242, 
  "Z_computed_err": 0.40169920877027204, 
  "Z_computed": 0.71069821073462536
}