{
  "neval": 54996, 
  "Z_computed_err": 0.3709033241474998, 
  "Z_computed": 0.78291773938666642
}