{
  "duration": 5.22104287147522, 
  "niterations": 2361, 
  "Z_computed_err": 0.49955363196145025, 
  "Z_computed": -0.0035683056369514433, 
  "neval": 5003
}