{
  "duration": 5.6375508308410645, 
  "niterations": 2416, 
  "Z_computed_err": 0.4995630090803846, 
  "Z_computed": -0.059012009977949614, 
  "neval": 4866
}