{
  "duration": 5.568224906921387, 
  "niterations": 2361, 
  "Z_computed_err": 0.49945250268202895, 
  "Z_computed": -0.0045233640563072455, 
  "neval": 4790
}