{
  "duration": 6.228286981582642, 
  "niterations": 2356, 
  "Z_computed_err": 0.4999546143760815, 
  "Z_computed": -0.0011519921353905951, 
  "neval": 4915
}