{
  "duration": 5.844978094100952, 
  "niterations": 2360, 
  "Z_computed_err": 0.49971060643707155, 
  "Z_computed": -0.003318546838012372, 
  "neval": 4942
}