{
  "duration": 6.259196996688843, 
  "niterations": 2359, 
  "Z_computed_err": 0.49984996674479065, 
  "Z_computed": -0.003447575269970542, 
  "neval": 4850
}