{
  "duration": 6.005743026733398, 
  "niterations": 2301, 
  "Z_computed_err": 0.49944911139407205, 
  "Z_computed": 0.054223641127255, 
  "neval": 4898
}