{
  "duration": 3.6446340084075928, 
  "niterations": 2320, 
  "Z_computed_err": 0.49892190038021667, 
  "Z_computed": 0.04078987563491787, 
  "neval": 5571
}