{
  "duration": 5.346601963043213, 
  "niterations": 2418, 
  "Z_computed_err": 0.49924221584967776, 
  "Z_computed": -0.20169560172712678, 
  "neval": 5725
}