{
  "duration": 4.313877105712891, 
  "niterations": 2295, 
  "Z_computed_err": 0.498952152225146, 
  "Z_computed": 0.09741699813216086, 
  "neval": 5561
}