{
  "duration": 4.050638914108276, 
  "niterations": 2324, 
  "Z_computed_err": 0.49952411992728046, 
  "Z_computed": 0.033038849822778986, 
  "neval": 5738
}