{
  "duration": 5.304186820983887, 
  "niterations": 2317, 
  "Z_computed_err": 0.49899448191123, 
  "Z_computed": 0.05277131890133979, 
  "neval": 5611
}