{
  "duration": 59.48740005493164, 
  "niterations": 3326, 
  "Z_computed_err": 0.49896794059108407, 
  "Z_computed": 235.79866835209074, 
  "neval": 423576
}