{
  "duration": 9.103425979614258, 
  "niterations": 3300, 
  "Z_computed_err": 0.4996827106632736, 
  "Z_computed": 235.86167267868976, 
  "neval": 18794
}