{
  "duration": 120.8595609664917, 
  "niterations": 3319, 
  "Z_computed_err": 0.49999843022171275, 
  "Z_computed": 235.8146055089078, 
  "neval": 1083053
}