{
  "duration": 82.41178607940674, 
  "niterations": 3400, 
  "Z_computed_err": 0.49973102732622643, 
  "Z_computed": 235.62020084975768, 
  "neval": 685497
}