{
  "duration": 10.812971115112305, 
  "niterations": 3311, 
  "Z_computed_err": 0.49904366953215434, 
  "Z_computed": 235.84104373304646, 
  "neval": 30574
}