{
  "duration": 19.170714139938354, 
  "niterations": 3322, 
  "Z_computed_err": 0.4990167488080823, 
  "Z_computed": 235.8059695809063, 
  "neval": 145796
}