{
  "duration": 1.8666760921478271, 
  "failed": false, 
  "Z_computed_err": 0.0228954047610682, 
  "Z_computed": -0.003896754021764015, 
  "neval": 2319
}