{
  "duration": 1.716360092163086, 
  "failed": false, 
  "Z_computed_err": 0.0228954047610682, 
  "Z_computed": -0.003896754021764015, 
  "neval": 2319
}