{
  "duration": 3.1738200187683105, 
  "failed": false, 
  "Z_computed_err": 0.40502115235213854, 
  "Z_computed": -4.608031639416562, 
  "neval": 24505
}