{
  "neval": 19898, 
  "Z_computed_err": 0.4991273401529824, 
  "Z_computed": 0.3026011652566094
}