{
  "neval": 46162, 
  "Z_computed_err": 0.4997755634313821, 
  "Z_computed": 0.09796351867258883
}