{
  "neval": 49048, 
  "Z_computed_err": 0.31756651609650427, 
  "Z_computed": 0.07552106445763095
}