{
  "neval": 26553, 
  "Z_computed_err": 0.49931105090334776, 
  "Z_computed": 0.22302141451749793
}