{
  "neval": 24954, 
  "Z_computed_err": 0.48425820769719374, 
  "Z_computed": 0.3801154137287306
}