{
  "neval": 21921, 
  "Z_computed_err": 0.4988703334012241, 
  "Z_computed": 0.3139968048002211
}