{
  "neval": 23747, 
  "Z_computed_err": 0.4988595061693294, 
  "Z_computed": 0.2884232357037095
}