{
  "neval": 1645, 
  "Z_computed_err": 0.1558843688840619, 
  "Z_computed": 0.06311047270859202
}