{
  "neval": 1640, 
  "Z_computed_err": 0.1578278487031308, 
  "Z_computed": 0.05375776577396643
}