{
  "neval": 1931, 
  "Z_computed_err": 0.1428389440644805, 
  "Z_computed": 0.3538916626767243
}