{
  "neval": 1527, 
  "Z_computed_err": 0.15215974016437211, 
  "Z_computed": 0.04943532263085969
}