{
  "neval": 1513, 
  "Z_computed_err": 0.15683089779937925, 
  "Z_computed": -0.04151833700646261
}