{
  "neval": 1562, 
  "Z_computed_err": 0.15801714070494163, 
  "Z_computed": -0.03387348193674083
}