{
  "neval": 1691, 
  "Z_computed_err": 0.15215100265038717, 
  "Z_computed": 0.19662612327210255
}