{
  "neval": 1281, 
  "Z_computed_err": 0.15833992989418866, 
  "Z_computed": -0.1355759881047968
}