{
  "neval": 1513, 
  "Z_computed_err": 0.16537018128690034, 
  "Z_computed": -0.26745138038408023
}