{
  "neval": 1931, 
  "Z_computed_err": 0.14806674368681624, 
  "Z_computed": 0.3698386745720863
}