{
  "duration": 0.14810585975646973, 
  "failed": false, 
  "Z_computed_err": 0.20985164827446656, 
  "Z_computed": -5.154366215105862, 
  "neval": 1000
}