{
  "duration": 0.15683698654174805, 
  "failed": false, 
  "Z_computed_err": 0.21717844833519795, 
  "Z_computed": -5.302094617135903, 
  "neval": 1000
}