{
  "duration": 0.16396307945251465, 
  "failed": false, 
  "Z_computed_err": 0.25530406338843825, 
  "Z_computed": -5.530662831918324, 
  "neval": 1000
}