{
  "failed": false, 
  "Z_computed_err": 0.2937478738154482, 
  "Z_computed": 234.07268721833532, 
  "neval": 2500
}