{
  "failed": false, 
  "Z_computed_err": 0.3191736790826667, 
  "Z_computed": 235.98377843090572, 
  "neval": 2500
}