{
  "failed": false, 
  "Z_computed_err": 0.35784868289613314, 
  "Z_computed": 236.45717689191537, 
  "neval": 2500
}