{
  "failed": false, 
  "Z_computed_err": 0.3332279850394002, 
  "Z_computed": 235.4746577959546, 
  "neval": 2500
}