{
  "failed": false, 
  "Z_computed_err": 0.22259106491554803, 
  "Z_computed": 235.33030555735178, 
  "neval": 2500
}