{
  "failed": false, 
  "Z_computed_err": 0.2192638623816947, 
  "Z_computed": 235.06335861864025, 
  "neval": 2500
}