{
  "failed": false, 
  "Z_computed_err": 0.1430648650759565, 
  "Z_computed": 235.5505084901133, 
  "neval": 4500
}