{
  "failed": false, 
  "Z_computed_err": 0.1534393667829761, 
  "Z_computed": 235.7590891828299, 
  "neval": 2500
}