{
  "failed": false, 
  "Z_computed_err": 0.30534981604677114, 
  "Z_computed": 234.59951808553035, 
  "neval": 2500
}