{
  "failed": false, 
  "Z_computed_err": 0.16477536511538915, 
  "Z_computed": 235.893453899244, 
  "neval": 2500
}