{
  "duration": 434.50267720222473, 
  "niterations": 11602, 
  "Z_computed_err": 0.4999741796954357, 
  "Z_computed": 0.023455710095547703, 
  "neval": 160912
}