{
  "duration": 564.28022813797, 
  "niterations": 11330, 
  "Z_computed_err": 0.4997368730088937, 
  "Z_computed": 0.21485546020092708, 
  "neval": 199426
}