{
  "duration": 448.2810559272766, 
  "niterations": 11474, 
  "Z_computed_err": 0.4997402376608696, 
  "Z_computed": 0.09622609740678292, 
  "neval": 165773
}