{
  "duration": 566.0279939174652, 
  "niterations": 11550, 
  "Z_computed_err": 0.49973852074284103, 
  "Z_computed": 0.059935107385421196, 
  "neval": 203937
}