{
  "duration": 463.3320589065552, 
  "niterations": 11628, 
  "Z_computed_err": 0.49962357889989467, 
  "Z_computed": 0.005449417595601518, 
  "neval": 166577
}