{
  "duration": 500.75075793266296, 
  "niterations": 11429, 
  "Z_computed_err": 0.4997613093283875, 
  "Z_computed": 0.15604344437937473, 
  "neval": 171276
}