{
  "duration": 452.2058548927307, 
  "niterations": 11458, 
  "Z_computed_err": 0.4997752167544892, 
  "Z_computed": 0.14381277238144854, 
  "neval": 156747
}