{
  "duration": 502.4610719680786, 
  "niterations": 11502, 
  "Z_computed_err": 0.49985496442894123, 
  "Z_computed": 0.12801997895505554, 
  "neval": 182874
}