{
  "duration": 511.9923059940338, 
  "niterations": 11580, 
  "Z_computed_err": 0.4997599904460449, 
  "Z_computed": 0.014406284377129432, 
  "neval": 196497
}