{
  "duration": 416.5979940891266, 
  "niterations": 11433, 
  "Z_computed_err": 0.4997714399530355, 
  "Z_computed": 0.18629990261408316, 
  "neval": 148173
}