{
  "failed": false, 
  "Z_computed_err": 0.3941700684589087, 
  "Z_computed": -21.465742910773667, 
  "neval": 62078
}