{
  "failed": false, 
  "Z_computed_err": 0.32519335352392664, 
  "Z_computed": -1.602357967699639, 
  "neval": 1000
}