{
  "failed": false, 
  "Z_computed_err": 0.23063102763234244, 
  "Z_computed": -1.425675816885182, 
  "neval": 2500
}