{
  "failed": false, 
  "Z_computed_err": 0.25818438474231153, 
  "Z_computed": -2.217330955530361, 
  "neval": 1000
}