{
  "failed": false, 
  "Z_computed_err": 0.08682250175929851, 
  "Z_computed": -1.8970929979198032, 
  "neval": 2500
}