{
  "duration": 199.5543930530548, 
  "failed": false, 
  "Z_computed_err": 0.2078049234784095, 
  "Z_computed": -0.8964165634057861, 
  "neval": 59045
}