{
  "duration": 162.65997910499573, 
  "failed": false, 
  "Z_computed_err": 0.2078049234784095, 
  "Z_computed": -0.8964165634057861, 
  "neval": 59045
}