{
  "failed": false, 
  "Z_computed_err": 0.1341928792639574, 
  "Z_computed": 0.12403193727225059, 
  "neval": 1000
}