{
  "failed": false, 
  "Z_computed_err": 0.14045907540790417, 
  "Z_computed": 0.018661472036014138, 
  "neval": 1000
}