{
  "failed": false, 
  "Z_computed_err": 0.13441816436370865, 
  "Z_computed": -0.00618449747968779, 
  "neval": 1000
}