{
  "failed": false, 
  "Z_computed_err": 0.13719836462105797, 
  "Z_computed": -0.013331475189602099, 
  "neval": 1000
}