{
  "neval": 5668, 
  "Z_computed_err": 0.49841147100002425, 
  "Z_computed": 0.6947442072567791
}