{
  "neval": 5766, 
  "Z_computed_err": 0.49837416331163614, 
  "Z_computed": 0.67732881053694949
}