{
  "neval": 6705, 
  "Z_computed_err": 0.47334001906245765, 
  "Z_computed": 0.80173866409793626
}