{
  "neval": 5959, 
  "Z_computed_err": 0.4507207091360804, 
  "Z_computed": 0.85248038933796955
}