{
  "neval": 5472, 
  "Z_computed_err": 0.46345807643122516, 
  "Z_computed": 0.80289117478551031
}