{
  "neval": 4558, 
  "Z_computed_err": 0.4805100404268514, 
  "Z_computed": 0.7675229899345144
}