{
  "neval": 8791, 
  "Z_computed_err": 0.49985529651414906, 
  "Z_computed": 0.533736343382053
}