{
  "neval": 6752, 
  "Z_computed_err": 0.35455781592162994, 
  "Z_computed": 1.1334090949379587
}