{
  "neval": 5829, 
  "Z_computed_err": 0.4393091673362862, 
  "Z_computed": 0.86837652898205886
}