{
  "neval": 4794, 
  "Z_computed_err": 0.4776974717768441, 
  "Z_computed": 0.77174698778315931
}