{
  "duration": 8.502166032791138, 
  "neval": 16460, 
  "Z_computed_err": 0.0129632503744717, 
  "Z_computed": -4.60338936759125
}