{
  "duration": 16.5558078289032, 
  "neval": 15328, 
  "Z_computed_err": 0.013489376002472521, 
  "Z_computed": -4.594325090760505
}