{
  "duration": 15.95784592628479, 
  "neval": 15144, 
  "Z_computed_err": 0.01349852681159588, 
  "Z_computed": -4.5790151141688185
}