{
  "duration": 16.668468952178955, 
  "neval": 15727, 
  "Z_computed_err": 0.013530231699180951, 
  "Z_computed": -4.594344739382041
}