{
  "duration": 14.185826063156128, 
  "neval": 15842, 
  "Z_computed_err": 0.013041453229020358, 
  "Z_computed": -4.602223424508578
}