{
  "duration": 13.094486951828003, 
  "neval": 17091, 
  "Z_computed_err": 0.014246905926831041, 
  "Z_computed": -4.597527605737191
}