{
  "duration": 12.323232173919678, 
  "neval": 16147, 
  "Z_computed_err": 0.012938925380629563, 
  "Z_computed": -4.6011162514358395
}