{
  "duration": 13.138927936553955, 
  "neval": 15919, 
  "Z_computed_err": 0.013609643441244651, 
  "Z_computed": -4.570614817207495
}