{
  "duration": 12.76207709312439, 
  "neval": 15623, 
  "Z_computed_err": 0.013112993940945455, 
  "Z_computed": -4.605091327062715
}