{
  "duration": 12.79790997505188, 
  "neval": 16470, 
  "Z_computed_err": 0.014637206969542387, 
  "Z_computed": -4.604538283863209
}