{
  "duration": 2.5659329891204834, 
  "niterations": 1374, 
  "Z_computed_err": 0.4995182129152316, 
  "Z_computed": 0.08580911553492224, 
  "neval": 13124
}