{
  "duration": 2.472766876220703, 
  "niterations": 1455, 
  "Z_computed_err": 0.49995140394302556, 
  "Z_computed": -0.11221981789771591, 
  "neval": 13360
}