{
  "duration": 2.693571090698242, 
  "niterations": 1424, 
  "Z_computed_err": 0.4991454541513065, 
  "Z_computed": -0.035569603411850115, 
  "neval": 13218
}