{
  "duration": 3.2541048526763916, 
  "niterations": 1416, 
  "Z_computed_err": 0.4990226725248737, 
  "Z_computed": -0.015595815056072042, 
  "neval": 13409
}