{
  "duration": 2.731571912765503, 
  "niterations": 1375, 
  "Z_computed_err": 0.4992847072103608, 
  "Z_computed": 0.08275742145852075, 
  "neval": 12991
}