{
  "duration": 3.2177371978759766, 
  "niterations": 1446, 
  "Z_computed_err": 0.499323311642074, 
  "Z_computed": -0.09225407532671931, 
  "neval": 13926
}