{
  "duration": 2.8807249069213867, 
  "niterations": 1382, 
  "Z_computed_err": 0.49996696295153653, 
  "Z_computed": 0.06385540533120625, 
  "neval": 12819
}