{
  "duration": 3.4776179790496826, 
  "niterations": 1373, 
  "Z_computed_err": 0.4994496939322771, 
  "Z_computed": 0.08720683521204516, 
  "neval": 12648
}