{
  "duration": 3.133962869644165, 
  "niterations": 1387, 
  "Z_computed_err": 0.49900792074477573, 
  "Z_computed": 0.05560598076012927, 
  "neval": 13247
}