{
  "duration": 3.471466064453125, 
  "niterations": 1441, 
  "Z_computed_err": 0.49934587648631995, 
  "Z_computed": -0.07525079144280473, 
  "neval": 14412
}