{
  "duration": 0.7280590534210205, 
  "failed": false, 
  "Z_computed_err": 0.37918655616904456, 
  "Z_computed": 0.023212388195773266, 
  "neval": 1365
}