{
  "duration": 3.197145938873291, 
  "niterations": 2107, 
  "Z_computed_err": 0.49981567473176974, 
  "Z_computed": -0.1489719144970706, 
  "neval": 7377
}