{
  "duration": 6.323822975158691, 
  "niterations": 2056, 
  "Z_computed_err": 0.49953931206267727, 
  "Z_computed": -0.03252796037204214, 
  "neval": 7386
}