{
  "duration": 6.715535879135132, 
  "niterations": 1971, 
  "Z_computed_err": 0.4993299304568705, 
  "Z_computed": 0.1757085880680715, 
  "neval": 6762
}