{
  "duration": 6.645615816116333, 
  "niterations": 2057, 
  "Z_computed_err": 0.4998193277970883, 
  "Z_computed": -0.03308623289610111, 
  "neval": 6843
}