{
  "duration": 3.953083038330078, 
  "niterations": 1766, 
  "Z_computed_err": 0.4993916244705507, 
  "Z_computed": 0.1457824098547586, 
  "neval": 5237
}