{
  "duration": 7.035226106643677, 
  "niterations": 1824, 
  "Z_computed_err": 0.49893734552482194, 
  "Z_computed": 0.0038517317802819195, 
  "neval": 5598
}