{
  "duration": 7.8739869594573975, 
  "niterations": 1805, 
  "Z_computed_err": 0.49966169795716453, 
  "Z_computed": 0.04824827282115046, 
  "neval": 5299
}