{
  "duration": 7.377342939376831, 
  "niterations": 1753, 
  "Z_computed_err": 0.49950458463757164, 
  "Z_computed": 0.17901281379918274, 
  "neval": 5280
}