{
  "duration": 6.586453914642334, 
  "niterations": 1771, 
  "Z_computed_err": 0.49910131626916104, 
  "Z_computed": 0.1323790077694471, 
  "neval": 5374
}