{
  "duration": 5.993947982788086, 
  "niterations": 1815, 
  "Z_computed_err": 0.4995264592421475, 
  "Z_computed": 0.02602345606703893, 
  "neval": 5240
}