{
  "duration": 5.658190011978149, 
  "niterations": 1751, 
  "Z_computed_err": 0.49993945298533293, 
  "Z_computed": 0.1816694976859503, 
  "neval": 5046
}