{
  "duration": 6.5697901248931885, 
  "niterations": 1777, 
  "Z_computed_err": 0.49950420022045655, 
  "Z_computed": 0.12001680276680327, 
  "neval": 5257
}