{
  "duration": 5.981064081192017, 
  "niterations": 1795, 
  "Z_computed_err": 0.49984308551925566, 
  "Z_computed": 0.07242023903305206, 
  "neval": 5225
}