{
  "duration": 4.4541590213775635, 
  "niterations": 1760, 
  "Z_computed_err": 0.49957817053358916, 
  "Z_computed": 0.15978761897322052, 
  "neval": 5027
}