{
  "duration": 17.639464139938354, 
  "failed": false, 
  "Z_computed_err": 0.222462455332036, 
  "Z_computed": 0.07695008012734676, 
  "neval": 9251
}