{
  "duration": 1.7711730003356934, 
  "niterations": 1996, 
  "Z_computed_err": 0.49907250693164684, 
  "Z_computed": -3.9078956626776633, 
  "neval": 6904
}