{
  "duration": 2.8097100257873535, 
  "niterations": 1983, 
  "Z_computed_err": 0.4999669246925212, 
  "Z_computed": -3.8753598873452417, 
  "neval": 6518
}