{
  "duration": 2.5195040702819824, 
  "niterations": 2000, 
  "Z_computed_err": 0.49989653732589934, 
  "Z_computed": -3.9160676038366575, 
  "neval": 6529
}