{
  "duration": 2.332124948501587, 
  "niterations": 1983, 
  "Z_computed_err": 0.49963653819806586, 
  "Z_computed": -3.877004160045988, 
  "neval": 6445
}