{
  "duration": 2.3515939712524414, 
  "niterations": 1989, 
  "Z_computed_err": 0.49966986668434077, 
  "Z_computed": -3.8891801281954046, 
  "neval": 6736
}