{
  "duration": 2.5784308910369873, 
  "niterations": 2054, 
  "Z_computed_err": 0.49958805528145095, 
  "Z_computed": -4.047552298704039, 
  "neval": 7131
}