{
  "duration": 2.832879066467285, 
  "niterations": 2043, 
  "Z_computed_err": 0.4991894092521999, 
  "Z_computed": -4.023464290690121, 
  "neval": 7071
}