{
  "duration": 2.5279510021209717, 
  "niterations": 2051, 
  "Z_computed_err": 0.49964326563844574, 
  "Z_computed": -4.04305928211799, 
  "neval": 7058
}