{
  "duration": 2.620934009552002, 
  "niterations": 2056, 
  "Z_computed_err": 0.49917803044041253, 
  "Z_computed": -4.052356232170934, 
  "neval": 6726
}