{
  "duration": 2.5963079929351807, 
  "niterations": 2023, 
  "Z_computed_err": 0.49972848314954094, 
  "Z_computed": -3.9722982356470937, 
  "neval": 7236
}