{
  "duration": 1.7591540813446045, 
  "failed": false, 
  "Z_computed_err": 0.40099869289484946, 
  "Z_computed": -5.321247413149354, 
  "neval": 20735
}