{
  "neval": 4320, 
  "Z_computed_err": 0.2949413389617309, 
  "Z_computed": 0.06397576529379383
}