{
  "neval": 4667, 
  "Z_computed_err": 0.2922247291885415, 
  "Z_computed": 0.19039350307859704
}