{
  "neval": 4626, 
  "Z_computed_err": 0.29558719378891307, 
  "Z_computed": 0.04614531433770458
}