{
  "neval": 5518, 
  "Z_computed_err": 0.28895369456235964, 
  "Z_computed": 0.4635891298605951
}