{
  "neval": 5669, 
  "Z_computed_err": 0.29206616133410795, 
  "Z_computed": 0.4592337761012482
}