{
  "neval": 5889, 
  "Z_computed_err": 0.2901513535685799, 
  "Z_computed": 0.5081892180923292
}