{
  "neval": 4698, 
  "Z_computed_err": 0.2952354901338431, 
  "Z_computed": 0.06261996641500878
}