{
  "neval": 4160, 
  "Z_computed_err": 0.29971377209084327, 
  "Z_computed": -0.013806533877540737
}