{
  "neval": 6032, 
  "Z_computed_err": 0.2940758532888783, 
  "Z_computed": 0.5077483064298458
}