{
  "neval": 2005426, 
  "Z_computed_err": 4.368742944791148, 
  "Z_computed": -1.4273453354927226
}