{
  "neval": 2005752, 
  "Z_computed_err": 6.322006790696051, 
  "Z_computed": -1.0268693387003631
}