{
  "neval": 2001859, 
  "Z_computed_err": 5.9832638438373795, 
  "Z_computed": -1.2919310652766862
}