{
  "neval": 2004049, 
  "Z_computed_err": 5.926610729448735, 
  "Z_computed": -0.9673756333285646
}