{
  "neval": 2002719, 
  "Z_computed_err": 4.989784780955757, 
  "Z_computed": -1.3374717457926693
}