{
  "neval": 2001248, 
  "Z_computed_err": 3.8807476746961513, 
  "Z_computed": -1.4365489986266482
}