{
  "neval": 2000551, 
  "Z_computed_err": 4.844751016777497, 
  "Z_computed": -1.353709784583526
}