{
  "neval": 2000053, 
  "Z_computed_err": 6.056954383449305, 
  "Z_computed": -1.1664183235446395
}