{
  "neval": 2000300, 
  "Z_computed_err": 5.09613078794879, 
  "Z_computed": -1.3513971358631949
}