{
  "neval": 2001745, 
  "Z_computed_err": 5.789760188054949, 
  "Z_computed": -1.2101490935421806
}