{
  "neval": 1990, 
  "Z_computed_err": 0.04314086095604047, 
  "Z_computed": -5.759634588923323
}