{
  "neval": 2063, 
  "Z_computed_err": 0.054146965837713286, 
  "Z_computed": -5.687914589381464
}