{
  "neval": 2253, 
  "Z_computed_err": 0.0558952479742712, 
  "Z_computed": -5.5898548826080265
}