{
  "neval": 2149, 
  "Z_computed_err": 0.06456500045056615, 
  "Z_computed": -5.741842228698564
}