{
  "neval": 2476, 
  "Z_computed_err": 0.0394237076257588, 
  "Z_computed": -5.797232462986935
}