{
  "neval": 2214, 
  "Z_computed_err": 0.039518155975309735, 
  "Z_computed": -5.783710191595843
}