{
  "neval": 2486, 
  "Z_computed_err": 0.03941242327402821, 
  "Z_computed": -5.7800750596139
}