{
  "neval": 2473, 
  "Z_computed_err": 0.04674006334999869, 
  "Z_computed": -5.697100980237283
}