{
  "neval": 1986, 
  "Z_computed_err": 0.05682914273224999, 
  "Z_computed": -5.707330665400935
}