{
  "neval": 2310, 
  "Z_computed_err": 0.038479548254228196, 
  "Z_computed": -5.754050892262089
}