{
  "duration": 25.89701795578003, 
  "neval": 45367, 
  "Z_computed_err": 0.09306652205291202, 
  "Z_computed": -11.370496646549272
}