{
  "duration": 25.74843406677246, 
  "neval": 42165, 
  "Z_computed_err": 0.09342350629364397, 
  "Z_computed": -11.51804252438479
}