{
  "duration": 25.301201105117798, 
  "neval": 41202, 
  "Z_computed_err": 0.09416546995410971, 
  "Z_computed": -11.562424529521742
}