{
  "duration": 24.926849126815796, 
  "neval": 46209, 
  "Z_computed_err": 0.09300193153672046, 
  "Z_computed": -11.405085416542512
}