{
  "duration": 26.036092042922974, 
  "neval": 42132, 
  "Z_computed_err": 0.09357615999691633, 
  "Z_computed": -11.5272708906907
}