{
  "duration": 35.862425804138184, 
  "neval": 40737, 
  "Z_computed_err": 0.0939003075961384, 
  "Z_computed": -11.568926991730438
}