{
  "duration": 32.71612000465393, 
  "neval": 46007, 
  "Z_computed_err": 0.09330847551918746, 
  "Z_computed": -11.392433819277201
}