{
  "duration": 33.30620002746582, 
  "neval": 39132, 
  "Z_computed_err": 0.09456312355376681, 
  "Z_computed": -11.673583779522625
}