{
  "duration": 34.86036491394043, 
  "neval": 40770, 
  "Z_computed_err": 0.09380893401395832, 
  "Z_computed": -11.607676197854808
}