{
  "duration": 29.921322107315063, 
  "neval": 45397, 
  "Z_computed_err": 0.09331271098037613, 
  "Z_computed": -11.464269249104111
}