{
  "duration": 274.68760204315186, 
  "failed": false, 
  "Z_computed_err": 0.16896375103783767, 
  "Z_computed": -1.3471450188068907, 
  "neval": 78348
}