{
  "duration": 272.05996012687683, 
  "failed": false, 
  "Z_computed_err": 0.16896375103783767, 
  "Z_computed": -1.3471450188068907, 
  "neval": 78348
}