{
  "duration": 7985.503049135208, 
  "niterations": 23043, 
  "Z_computed_err": 0.13167364482615904, 
  "Z_computed": 0.12863859861723703, 
  "neval": 3321359
}