{
  "duration": 10115.699318170547, 
  "niterations": 22984, 
  "Z_computed_err": 0.13133131065098175, 
  "Z_computed": 0.07238751095690751, 
  "neval": 3866971
}