{
  "duration": 9373.245291948318, 
  "niterations": 23145, 
  "Z_computed_err": 0.13226787532022755, 
  "Z_computed": -0.10395129005542597, 
  "neval": 3742493
}