{
  "duration": 9539.558906078339, 
  "niterations": 23339, 
  "Z_computed_err": 0.1319115936844932, 
  "Z_computed": -0.14739120172420528, 
  "neval": 3791905
}