{
  "duration": 8618.190817117691, 
  "niterations": 23094, 
  "Z_computed_err": 0.13126695928181878, 
  "Z_computed": 0.1030561809424441, 
  "neval": 3485022
}