{
  "duration": 10054.366224050522, 
  "niterations": 22828, 
  "Z_computed_err": 0.13099009104852896, 
  "Z_computed": 0.1533984210871268, 
  "neval": 3842788
}