{
  "duration": 9708.965439081192, 
  "niterations": 23262, 
  "Z_computed_err": 0.1316666661210246, 
  "Z_computed": 0.01116437241979601, 
  "neval": 3800093
}