{
  "duration": 13119.560231924057, 
  "niterations": 23273, 
  "Z_computed_err": 0.1319487378989675, 
  "Z_computed": 0.05193083834216777, 
  "neval": 4592183
}