{
  "duration": 8412.138996839523, 
  "niterations": 23175, 
  "Z_computed_err": 0.1322462204351948, 
  "Z_computed": -0.23242823020356226, 
  "neval": 3457655
}