{
  "duration": 9822.707315921783, 
  "niterations": 23068, 
  "Z_computed_err": 0.13103342235176937, 
  "Z_computed": 0.14195320731345235, 
  "neval": 3912939
}