{
  "duration": 72.11177897453308, 
  "failed": false, 
  "Z_computed_err": 0.40539992719632795, 
  "Z_computed": -0.0023170663863423878, 
  "neval": 957195
}