{
  "duration": 156.38136100769043, 
  "niterations": 3413, 
  "Z_computed_err": 3.513934956741258, 
  "Z_computed": 0.001518224456567404, 
  "neval": 2016516
}