{
  "duration": 155.18295097351074, 
  "niterations": 3345, 
  "Z_computed_err": 3.61643572701563, 
  "Z_computed": 0.04391739238880177, 
  "neval": 2006304
}