{
  "duration": 150.9724509716034, 
  "niterations": 3342, 
  "Z_computed_err": 3.5712803153573196, 
  "Z_computed": 0.14849569548757754, 
  "neval": 2011098
}