{
  "duration": 152.71905398368835, 
  "niterations": 3319, 
  "Z_computed_err": 3.764720146883777, 
  "Z_computed": 0.11693868395522082, 
  "neval": 2000544
}