{
  "duration": 148.7270040512085, 
  "niterations": 3459, 
  "Z_computed_err": 4.026309586571596, 
  "Z_computed": -0.0908428512843791, 
  "neval": 2003583
}