{
  "duration": 162.0075559616089, 
  "niterations": 3350, 
  "Z_computed_err": 3.4957797624252978, 
  "Z_computed": 0.06547273417111658, 
  "neval": 2022276
}