{
  "duration": 165.16805219650269, 
  "niterations": 3459, 
  "Z_computed_err": 4.214309466227551, 
  "Z_computed": -0.10277951403491012, 
  "neval": 2002549
}