{
  "duration": 164.30909204483032, 
  "niterations": 3382, 
  "Z_computed_err": 4.3019702597521885, 
  "Z_computed": 0.060384800434142974, 
  "neval": 2004473
}