{
  "duration": 160.58296990394592, 
  "niterations": 3412, 
  "Z_computed_err": 3.53669591067192, 
  "Z_computed": -0.05039387913828306, 
  "neval": 2003900
}