{
  "duration": 162.08152389526367, 
  "niterations": 3372, 
  "Z_computed_err": 4.1343764290153375, 
  "Z_computed": 0.13726873948197094, 
  "neval": 2007251
}