{
  "failed": false, 
  "Z_computed_err": 0.11429385062702302, 
  "Z_computed": 0.80210629842465253, 
  "neval": 1000
}