{
  "failed": false, 
  "Z_computed_err": 0.11615902792380495, 
  "Z_computed": 0.73483497462636582, 
  "neval": 1000
}