{
  "failed": false, 
  "Z_computed_err": 0.11292533301133845, 
  "Z_computed": 0.74342254280419651, 
  "neval": 1000
}