{
  "failed": false, 
  "Z_computed_err": 0.12377122471267676, 
  "Z_computed": 0.58785768153589002, 
  "neval": 1000
}