{
  "duration": 217.49783396720886, 
  "neval": 74139, 
  "Z_computed_err": 0.20307716164408454, 
  "Z_computed": 1.1712672069815513
}