{
  "duration": 179.87233901023865, 
  "neval": 76055, 
  "Z_computed_err": 0.20335248167121878, 
  "Z_computed": 1.2282972628570834
}