{
  "duration": 192.4608199596405, 
  "neval": 68994, 
  "Z_computed_err": 0.2029093784675686, 
  "Z_computed": 1.1733279178810014
}