{
  "duration": 202.08362197875977, 
  "neval": 73657, 
  "Z_computed_err": 0.20224239951898404, 
  "Z_computed": 1.2700548837941565
}