{
  "duration": 174.11174082756042, 
  "neval": 68900, 
  "Z_computed_err": 0.2034432612076247, 
  "Z_computed": 1.0682820872640277
}