{
  "duration": 157.6448049545288, 
  "neval": 69252, 
  "Z_computed_err": 0.20283614350588958, 
  "Z_computed": 1.1646629646324993
}