{
  "duration": 193.00431180000305, 
  "neval": 72255, 
  "Z_computed_err": 0.20224738603124967, 
  "Z_computed": 1.1564250347656355
}