{
  "duration": 189.21569991111755, 
  "neval": 72538, 
  "Z_computed_err": 0.20191414706333244, 
  "Z_computed": 1.2563596908780015
}