{
  "duration": 162.40628504753113, 
  "neval": 62605, 
  "Z_computed_err": 0.20423072645215454, 
  "Z_computed": 0.9232073805979908
}