{
  "duration": 183.39979004859924, 
  "neval": 79956, 
  "Z_computed_err": 0.20141106779702322, 
  "Z_computed": 1.3283903272052693
}