{
  "duration": 0.2436068058013916, 
  "failed": false, 
  "Z_computed_err": 1.5590214745730968e-05, 
  "Z_computed": -0.9925955521824728, 
  "neval": 1000
}