{
  "duration": 0.11601495742797852, 
  "failed": false, 
  "Z_computed_err": 1.6149014118505e-05, 
  "Z_computed": -0.9925869542559267, 
  "neval": 1000
}