{
  "duration": 0.11077880859375, 
  "failed": false, 
  "Z_computed_err": 1.5074686661176173e-05, 
  "Z_computed": -0.992611316777126, 
  "neval": 1000
}