{
  "duration": 0.12417888641357422, 
  "failed": false, 
  "Z_computed_err": 1.5618912430737097e-05, 
  "Z_computed": -0.9925959657996818, 
  "neval": 1000
}