{
  "duration": 0.11736702919006348, 
  "failed": false, 
  "Z_computed_err": 1.5266754425202755e-05, 
  "Z_computed": -0.9926141616447307, 
  "neval": 1000
}