{
  "duration": 0.11699986457824707, 
  "failed": false, 
  "Z_computed_err": 1.4947850055291312e-05, 
  "Z_computed": -0.9925969195403896, 
  "neval": 1000
}