{
  "duration": 717.5239329338074, 
  "niterations": 24159, 
  "Z_computed_err": 0.49981799139855815, 
  "Z_computed": -23.57813041173629, 
  "neval": 1838133
}