{
  "duration": 893.8687860965729, 
  "niterations": 24080, 
  "Z_computed_err": 0.4997356230705246, 
  "Z_computed": -23.601069866885176, 
  "neval": 1830340
}