{
  "duration": 938.3983449935913, 
  "niterations": 24462, 
  "Z_computed_err": 0.4999967552330633, 
  "Z_computed": -23.744400507644997, 
  "neval": 1960370
}