{
  "duration": 724.4760479927063, 
  "niterations": 24348, 
  "Z_computed_err": 0.4998508119848408, 
  "Z_computed": -23.715541483322294, 
  "neval": 1898577
}