{
  "duration": 689.8662650585175, 
  "niterations": 24296, 
  "Z_computed_err": 0.4998176655382326, 
  "Z_computed": -23.58579470754948, 
  "neval": 1872101
}