{
  "duration": 710.7753901481628, 
  "niterations": 24349, 
  "Z_computed_err": 0.49998884946259176, 
  "Z_computed": -23.756477570753137, 
  "neval": 1919749
}