{
  "duration": 705.3335659503937, 
  "niterations": 24022, 
  "Z_computed_err": 0.4998571555269492, 
  "Z_computed": -23.607065429988452, 
  "neval": 1839151
}