{
  "duration": 656.6066761016846, 
  "niterations": 24501, 
  "Z_computed_err": 0.4997770516604515, 
  "Z_computed": -23.798845391304468, 
  "neval": 1915686
}