{
  "duration": 617.9462249279022, 
  "niterations": 24163, 
  "Z_computed_err": 0.4997166102008582, 
  "Z_computed": -23.654773635181176, 
  "neval": 1849130
}