{
  "duration": 642.0112190246582, 
  "niterations": 24469, 
  "Z_computed_err": 0.49976897745072935, 
  "Z_computed": -23.43832197487896, 
  "neval": 2012273
}