{
  "duration": 0.1551051139831543, 
  "failed": false, 
  "Z_computed_err": 0.25765347095096036, 
  "Z_computed": -4.157540773054166, 
  "neval": 1000
}