{
  "duration": 0.24296784400939941, 
  "failed": false, 
  "Z_computed_err": 0.294215801586891, 
  "Z_computed": -2.799149999746402, 
  "neval": 2500
}