{
  "duration": 0.2305891513824463, 
  "failed": false, 
  "Z_computed_err": 0.31861043405801137, 
  "Z_computed": -2.6717297657212944, 
  "neval": 2500
}