{
  "duration": 0.13312411308288574, 
  "failed": false, 
  "Z_computed_err": 0.23880279817234662, 
  "Z_computed": -3.943165118004423, 
  "neval": 1000
}