{
  "duration": 0.23520898818969727, 
  "failed": false, 
  "Z_computed_err": 0.18009156604307774, 
  "Z_computed": -3.6093890812169147, 
  "neval": 2500
}