{
  "duration": 1.4266369342803955, 
  "neval": 4547, 
  "Z_computed_err": 0.029680287933061697, 
  "Z_computed": 0.050805184798677946
}