{
  "duration": 1.404911994934082, 
  "neval": 4248, 
  "Z_computed_err": 0.048575780210236286, 
  "Z_computed": 0.05069937927989682
}