{
  "duration": 1.559689998626709, 
  "neval": 5035, 
  "Z_computed_err": 0.028525521981368655, 
  "Z_computed": 0.03757587274941219
}