{
  "duration": 1.4536008834838867, 
  "neval": 4727, 
  "Z_computed_err": 0.02601412660476619, 
  "Z_computed": -0.010289764972227855
}