{
  "duration": 1.4636030197143555, 
  "neval": 4346, 
  "Z_computed_err": 0.03868646694102166, 
  "Z_computed": 0.04511643134560685
}