{
  "duration": 1.3410568237304688, 
  "neval": 4485, 
  "Z_computed_err": 0.02695546997491676, 
  "Z_computed": 0.04979522477780112
}