{
  "duration": 2.164214849472046, 
  "neval": 7258, 
  "Z_computed_err": 0.01994026577889067, 
  "Z_computed": 0.041748725204105115
}