{
  "duration": 1.6925268173217773, 
  "neval": 4588, 
  "Z_computed_err": 0.029403143668165748, 
  "Z_computed": -0.032705700396891364
}