{
  "duration": 2.1362199783325195, 
  "neval": 4076, 
  "Z_computed_err": 0.034914733687683774, 
  "Z_computed": 0.08934704065757039
}