{
  "duration": 1.753108024597168, 
  "neval": 5544, 
  "Z_computed_err": 0.040195485082655524, 
  "Z_computed": 0.044322251506526016
}