{
  "duration": 0.5006439685821533, 
  "neval": 2817, 
  "Z_computed_err": 0.20920638817793952, 
  "Z_computed": 0.07821114689758016
}