{
  "duration": 0.5386159420013428, 
  "neval": 2275, 
  "Z_computed_err": 0.21637899685932058, 
  "Z_computed": -0.1881516782962015
}