{
  "duration": 0.7190961837768555, 
  "neval": 2909, 
  "Z_computed_err": 0.20689208164089332, 
  "Z_computed": 0.13241828461582425
}