{
  "duration": 0.4515538215637207, 
  "neval": 2535, 
  "Z_computed_err": 0.2100912532686293, 
  "Z_computed": 0.06393849375330554
}