{
  "duration": 0.5559039115905762, 
  "neval": 2161, 
  "Z_computed_err": 0.21442878698453535, 
  "Z_computed": -0.25128265761675855
}