{
  "duration": 0.503777027130127, 
  "neval": 2421, 
  "Z_computed_err": 0.20923069828850235, 
  "Z_computed": -0.046980417587440294
}