{
  "duration": 0.5812549591064453, 
  "neval": 2765, 
  "Z_computed_err": 0.20441856589258048, 
  "Z_computed": 0.08547645555759198
}