{
  "duration": 0.7073948383331299, 
  "neval": 2459, 
  "Z_computed_err": 0.21454970831170256, 
  "Z_computed": -0.12343421587215263
}