{
  "duration": 0.6469168663024902, 
  "neval": 2148, 
  "Z_computed_err": 0.21521100879868907, 
  "Z_computed": -0.3379495661649627
}