{
  "duration": 0.9593899250030518, 
  "neval": 2999, 
  "Z_computed_err": 0.20928157623927351, 
  "Z_computed": 0.19680829961426216
}