{
  "duration": 14.382275104522705, 
  "neval": 12159, 
  "Z_computed_err": 0.05224989756854732, 
  "Z_computed": -3.865820790256256
}