{
  "duration": 16.041064977645874, 
  "neval": 12443, 
  "Z_computed_err": 0.05283437909580513, 
  "Z_computed": -3.9519834123942137
}