{
  "duration": 16.61125898361206, 
  "neval": 12660, 
  "Z_computed_err": 0.052916761272079074, 
  "Z_computed": -3.9184261854632325
}