{
  "duration": 16.310983896255493, 
  "neval": 12444, 
  "Z_computed_err": 0.05373132825948145, 
  "Z_computed": -3.98544997551706
}