{
  "duration": 16.259559869766235, 
  "neval": 12501, 
  "Z_computed_err": 0.0526198404541673, 
  "Z_computed": -3.8805917082944923
}