{
  "duration": 15.929584980010986, 
  "neval": 12538, 
  "Z_computed_err": 0.05235859471014428, 
  "Z_computed": -3.8879189530535716
}