{
  "duration": 16.416109085083008, 
  "neval": 12754, 
  "Z_computed_err": 0.0535051821428876, 
  "Z_computed": -3.9774236579878752
}