{
  "duration": 17.189661979675293, 
  "neval": 13076, 
  "Z_computed_err": 0.05331775096040761, 
  "Z_computed": -3.9875416171215115
}