{
  "duration": 17.84563899040222, 
  "neval": 12762, 
  "Z_computed_err": 0.05428696897218524, 
  "Z_computed": -4.087092705763105
}