{
  "duration": 10.958219051361084, 
  "neval": 12693, 
  "Z_computed_err": 0.05325600991688689, 
  "Z_computed": -3.9730440280395474
}