{
  "duration": 3.1468429565429688, 
  "niterations": 2331, 
  "Z_computed_err": 0.4994610608078261, 
  "Z_computed": 0.02402688927278902, 
  "neval": 4844
}