{
  "duration": 3.249809980392456, 
  "niterations": 2411, 
  "Z_computed_err": 0.49946238342418525, 
  "Z_computed": -0.05378237616680098, 
  "neval": 4859
}