{
  "duration": 3.1783559322357178, 
  "niterations": 2330, 
  "Z_computed_err": 0.4997930866472695, 
  "Z_computed": 0.02425539434486862, 
  "neval": 4876
}