{
  "duration": 3.177029848098755, 
  "niterations": 2348, 
  "Z_computed_err": 0.4995136771362553, 
  "Z_computed": 0.009488369478887346, 
  "neval": 4990
}