{
  "duration": 3.39421010017395, 
  "niterations": 2339, 
  "Z_computed_err": 0.49959459033362524, 
  "Z_computed": 0.01703287692192818, 
  "neval": 4873
}