{
  "duration": 3.211982011795044, 
  "niterations": 2323, 
  "Z_computed_err": 0.4997886044838292, 
  "Z_computed": 0.03273601524994221, 
  "neval": 4897
}