{
  "duration": 3.3916471004486084, 
  "niterations": 2350, 
  "Z_computed_err": 0.4997958166250023, 
  "Z_computed": 0.006177644457592135, 
  "neval": 4833
}