{
  "duration": 3.4892098903656006, 
  "niterations": 2325, 
  "Z_computed_err": 0.49971294755067003, 
  "Z_computed": 0.031245390796162377, 
  "neval": 4864
}