{
  "duration": 3.43447208404541, 
  "niterations": 2315, 
  "Z_computed_err": 0.4995142566133788, 
  "Z_computed": 0.04089453553710336, 
  "neval": 4954
}