{
  "duration": 39531.52767491341, 
  "niterations": 9422, 
  "Z_computed_err": 0.2092607053116632, 
  "Z_computed": -0.06302594506726814, 
  "neval": 18311611
}