{
  "duration": 33448.751062870026, 
  "niterations": 9285, 
  "Z_computed_err": 0.2078324821508421, 
  "Z_computed": 0.1704531284115603, 
  "neval": 14890727
}