{
  "duration": 39483.02422499657, 
  "niterations": 9432, 
  "Z_computed_err": 0.20800890485929363, 
  "Z_computed": 0.02928551732359834, 
  "neval": 18027951
}