{
  "duration": 43130.559367895126, 
  "niterations": 7856, 
  "Z_computed_err": 0.21111291648776523, 
  "Z_computed": 0.04318644066905719, 
  "neval": 20000641
}