{
  "duration": 37134.242966890335, 
  "niterations": 9540, 
  "Z_computed_err": 0.2093190115218576, 
  "Z_computed": -0.09670343818599024, 
  "neval": 17048386
}