{
  "duration": 39173.677511930466, 
  "niterations": 9349, 
  "Z_computed_err": 0.20781223816746625, 
  "Z_computed": 0.040952885745265545, 
  "neval": 18066106
}