{
  "duration": 28146.753291130066, 
  "niterations": 9302, 
  "Z_computed_err": 0.20811328573818969, 
  "Z_computed": 0.03132148006649273, 
  "neval": 12846988
}