{
  "duration": 37246.03957486153, 
  "niterations": 9412, 
  "Z_computed_err": 0.20932339515164197, 
  "Z_computed": -0.17577252402810867, 
  "neval": 17136140
}