{
  "duration": 43196.05417394638, 
  "niterations": 7832, 
  "Z_computed_err": 0.2186387043607739, 
  "Z_computed": -0.13028200614523888, 
  "neval": 20000167
}