{
  "duration": 33591.97880792618, 
  "niterations": 9494, 
  "Z_computed_err": 0.2095154834028253, 
  "Z_computed": -0.09694504016347262, 
  "neval": 15032315
}