{
  "duration": 493.68588304519653, 
  "niterations": 31574, 
  "Z_computed_err": 0.49988386746701663, 
  "Z_computed": -2.0750394610401663, 
  "neval": 797790
}