{
  "duration": 3393.65615606308, 
  "niterations": 24391, 
  "Z_computed_err": 2.296522275957908, 
  "Z_computed": -1.949310408978128, 
  "neval": 2000104
}