{
  "duration": 400.84659910202026, 
  "niterations": 29432, 
  "Z_computed_err": 0.4997345633682008, 
  "Z_computed": -1.9404123874133927, 
  "neval": 680458
}