{
  "duration": 290.4003221988678, 
  "niterations": 29305, 
  "Z_computed_err": 0.49996033698874887, 
  "Z_computed": -2.0219549256940033, 
  "neval": 571565
}