{
  "duration": 408.1584949493408, 
  "niterations": 30850, 
  "Z_computed_err": 0.49996766322629865, 
  "Z_computed": -1.8590307530244417, 
  "neval": 675901
}