{
  "duration": 412.9148190021515, 
  "niterations": 30944, 
  "Z_computed_err": 0.49968782970136694, 
  "Z_computed": -1.9388523977191994, 
  "neval": 727026
}