{
  "duration": 702.4991171360016, 
  "niterations": 31496, 
  "Z_computed_err": 0.49978370386005194, 
  "Z_computed": -2.0251792084713753, 
  "neval": 921643
}