{
  "duration": 529.6081328392029, 
  "niterations": 29785, 
  "Z_computed_err": 0.4996989739208615, 
  "Z_computed": -1.9932436855813802, 
  "neval": 708343
}