{
  "duration": 896.9505989551544, 
  "niterations": 31144, 
  "Z_computed_err": 0.4997660721078802, 
  "Z_computed": -1.7166875803336559, 
  "neval": 1039892
}