{
  "duration": 502.73695707321167, 
  "niterations": 31216, 
  "Z_computed_err": 0.49971313853601473, 
  "Z_computed": -1.8197694912466436, 
  "neval": 810466
}