{
  "duration": 5.336722135543823, 
  "neval": 6085, 
  "Z_computed_err": 0.016358820921160627, 
  "Z_computed": 0.04687671019101074
}