{
  "duration": 7.412441968917847, 
  "neval": 6173, 
  "Z_computed_err": 0.015819524608813806, 
  "Z_computed": 0.04981382573731128
}