{
  "duration": 5.9439990520477295, 
  "neval": 6092, 
  "Z_computed_err": 0.017006941911668075, 
  "Z_computed": 0.027468721785982277
}