{
  "duration": 6.112253904342651, 
  "neval": 6262, 
  "Z_computed_err": 0.016168823628498172, 
  "Z_computed": 0.03590960322813387
}