{
  "duration": 6.696614027023315, 
  "neval": 5734, 
  "Z_computed_err": 0.016967638090796336, 
  "Z_computed": 0.02225514778504604
}