{
  "duration": 6.318068027496338, 
  "neval": 5320, 
  "Z_computed_err": 0.01649003022640659, 
  "Z_computed": 0.018020257173934875
}