{
  "duration": 4.8089799880981445, 
  "neval": 5863, 
  "Z_computed_err": 0.016296217355820056, 
  "Z_computed": 0.06452289011345066
}