{
  "duration": 4.522965908050537, 
  "neval": 5653, 
  "Z_computed_err": 0.016373754568925415, 
  "Z_computed": 0.04371069459713708
}