{
  "duration": 6.193459987640381, 
  "neval": 5558, 
  "Z_computed_err": 0.016438513617397663, 
  "Z_computed": 0.00779221429345835
}