{
  "duration": 5.2313010692596436, 
  "neval": 6282, 
  "Z_computed_err": 0.016590758312557106, 
  "Z_computed": 0.03190515526513798
}