{
  "duration": 1.19743013381958, 
  "neval": 7121, 
  "Z_computed_err": 0.0800155108995678, 
  "Z_computed": 0.11026919953104515
}