{
  "neval": 6544, 
  "Z_computed_err": 0.08283615803684412, 
  "Z_computed": -0.02400709877864962
}