{
  "neval": 6519, 
  "Z_computed_err": 0.08030560311917083, 
  "Z_computed": 0.10028641384429975
}