{
  "neval": 6413, 
  "Z_computed_err": 0.0819283889272442, 
  "Z_computed": -0.01790374960186889
}