{
  "neval": 6063, 
  "Z_computed_err": 0.08258534246940898, 
  "Z_computed": -0.05312793488409503
}