{
  "neval": 6173, 
  "Z_computed_err": 0.08286247237875745, 
  "Z_computed": -0.07088704571752179
}