{
  "neval": 6265, 
  "Z_computed_err": 0.07997655366876766, 
  "Z_computed": -0.022740451990433383
}