{
  "neval": 6066, 
  "Z_computed_err": 0.08258476553957111, 
  "Z_computed": -0.12843960568031337
}