{
  "neval": 6454, 
  "Z_computed_err": 0.0820740568037056, 
  "Z_computed": -0.03271557446792503
}