{
  "neval": 6370, 
  "Z_computed_err": 0.08222049863444406, 
  "Z_computed": -0.004805374496756432
}