{
  "duration": 136.36370491981506, 
  "niterations": 23072, 
  "Z_computed_err": 0.49996945416277694, 
  "Z_computed": 0.009994159596380359, 
  "neval": 47742
}