{
  "duration": 137.5142810344696, 
  "niterations": 23402, 
  "Z_computed_err": 0.499942240160372, 
  "Z_computed": -0.022814838405710285, 
  "neval": 48277
}