{
  "duration": 135.1862769126892, 
  "niterations": 23202, 
  "Z_computed_err": 0.49995410047321165, 
  "Z_computed": -0.0026418574038367818, 
  "neval": 48224
}