{
  "duration": 144.40265798568726, 
  "niterations": 23160, 
  "Z_computed_err": 0.49998165239085435, 
  "Z_computed": 0.0016299660907179464, 
  "neval": 48140
}