{
  "failed": false, 
  "Z_computed_err": 0.08620488032587725, 
  "Z_computed": 0.86631744334416805, 
  "neval": 3748
}