{
  "duration": 73.049143075943, 
  "neval": 40603, 
  "Z_computed_err": 0.08893879496333569, 
  "Z_computed": 0.063620676419431
}