{
  "duration": 87.61582398414612, 
  "neval": 41532, 
  "Z_computed_err": 0.08929675877074461, 
  "Z_computed": 0.12116550158228591
}