{
  "duration": 110.31862592697144, 
  "neval": 41850, 
  "Z_computed_err": 0.08892312115921355, 
  "Z_computed": 0.15096124634234798
}