{
  "duration": 69.72321701049805, 
  "neval": 40446, 
  "Z_computed_err": 0.08969081914383473, 
  "Z_computed": 0.09319962640383092
}