{
  "duration": 66.3004469871521, 
  "neval": 40470, 
  "Z_computed_err": 0.08940163830351286, 
  "Z_computed": 0.059415344478070335
}