{
  "duration": 69.42690110206604, 
  "neval": 42572, 
  "Z_computed_err": 0.08891650109312371, 
  "Z_computed": 0.17958129887516874
}