{
  "duration": 81.22338104248047, 
  "neval": 38693, 
  "Z_computed_err": 0.08993910660908282, 
  "Z_computed": -0.02479507564436515
}