{
  "duration": 64.29357719421387, 
  "neval": 36851, 
  "Z_computed_err": 0.09036527589999452, 
  "Z_computed": -0.10353769192580943
}