{
  "duration": 69.05713486671448, 
  "neval": 42009, 
  "Z_computed_err": 0.08899281110184018, 
  "Z_computed": 0.18664940778307446
}