{
  "duration": 72.34112501144409, 
  "neval": 40053, 
  "Z_computed_err": 0.08963881073781181, 
  "Z_computed": 0.017775941990811873
}