{
  "duration": 112.21552395820618, 
  "neval": 28237, 
  "Z_computed_err": 0.021936318640202197, 
  "Z_computed": 0.060816265760687924
}