{
  "duration": 131.85100507736206, 
  "neval": 32485, 
  "Z_computed_err": 0.1606820405545246, 
  "Z_computed": 0.22144119219663483
}