{
  "duration": 149.1243441104889, 
  "neval": 37732, 
  "Z_computed_err": 0.04009990219241689, 
  "Z_computed": 0.14486531592063404
}