{
  "duration": 98.0716621875763, 
  "neval": 23279, 
  "Z_computed_err": 0.03939071939745419, 
  "Z_computed": 0.020862585106796894
}