{
  "duration": 120.6611430644989, 
  "neval": 29409, 
  "Z_computed_err": 0.0221781642582139, 
  "Z_computed": -0.005251131941538934
}