{
  "duration": 110.41564798355103, 
  "neval": 27940, 
  "Z_computed_err": 0.8473046692287249, 
  "Z_computed": 1.9501931454104158
}