{
  "duration": 134.42349791526794, 
  "neval": 33812, 
  "Z_computed_err": 0.022130826730718697, 
  "Z_computed": 0.038910968934954805
}