{
  "duration": 146.64908599853516, 
  "neval": 36986, 
  "Z_computed_err": 0.02055544920530481, 
  "Z_computed": 0.04714259775520971
}