{
  "duration": 123.2583110332489, 
  "neval": 30605, 
  "Z_computed_err": 0.10034920702293039, 
  "Z_computed": 0.20254760111810427
}