{
  "duration": 135.1116669178009, 
  "neval": 33866, 
  "Z_computed_err": 0.0192725572850719, 
  "Z_computed": 0.12772326909930945
}