{
  "duration": 21.63886284828186, 
  "niterations": 4136, 
  "Z_computed_err": 0.499713357655133, 
  "Z_computed": -3.839588934967757, 
  "neval": 58049
}