{
  "duration": 21.453640937805176, 
  "niterations": 4050, 
  "Z_computed_err": 0.499675851499561, 
  "Z_computed": -3.7553569627508128, 
  "neval": 58387
}