{
  "duration": 19.765263080596924, 
  "niterations": 4051, 
  "Z_computed_err": 0.4995476126026218, 
  "Z_computed": -3.7580769597864734, 
  "neval": 55268
}