{
  "duration": 22.41666603088379, 
  "niterations": 4045, 
  "Z_computed_err": 0.4999076504398263, 
  "Z_computed": -3.7506643110238564, 
  "neval": 59361
}