{
  "duration": 21.69654893875122, 
  "niterations": 4085, 
  "Z_computed_err": 0.4995157379940883, 
  "Z_computed": -3.787709537697961, 
  "neval": 60651
}