{
  "duration": 22.49557113647461, 
  "niterations": 4177, 
  "Z_computed_err": 0.49973479922804553, 
  "Z_computed": -3.880534031966462, 
  "neval": 59724
}