{
  "duration": 22.360748052597046, 
  "niterations": 4093, 
  "Z_computed_err": 0.49989165334529195, 
  "Z_computed": -3.7989773153860287, 
  "neval": 59990
}