{
  "duration": 21.551939010620117, 
  "niterations": 4127, 
  "Z_computed_err": 0.49978741657891, 
  "Z_computed": -3.834970500277502, 
  "neval": 56779
}