{
  "duration": 22.37825918197632, 
  "niterations": 4093, 
  "Z_computed_err": 0.49987221970640877, 
  "Z_computed": -3.798296062067762, 
  "neval": 57215
}