{
  "duration": 21.162791967391968, 
  "niterations": 4121, 
  "Z_computed_err": 0.4999684791993268, 
  "Z_computed": -3.825587473952512, 
  "neval": 58307
}