{
  "duration": 10.289373874664307, 
  "niterations": 5226, 
  "Z_computed_err": 0.4994031073629785, 
  "Z_computed": 4.7311107610928715, 
  "neval": 13382
}