{
  "duration": 9.778791904449463, 
  "niterations": 5345, 
  "Z_computed_err": 0.4999354606149522, 
  "Z_computed": 4.43408149997844, 
  "neval": 12943
}