{
  "duration": 2.1663551330566406, 
  "niterations": 1496, 
  "Z_computed_err": 0.49915266808091824, 
  "Z_computed": 0.06880104584869019, 
  "neval": 3692
}