{
  "duration": 10.525659084320068, 
  "niterations": 5207, 
  "Z_computed_err": 0.4997097997554868, 
  "Z_computed": 4.778240553663108, 
  "neval": 13072
}