{
  "duration": 10.77905797958374, 
  "niterations": 5296, 
  "Z_computed_err": 0.4997207345921951, 
  "Z_computed": 4.559727199403229, 
  "neval": 13290
}