{
  "duration": 11.819391012191772, 
  "niterations": 5288, 
  "Z_computed_err": 0.49964394022028136, 
  "Z_computed": 4.574249046841034, 
  "neval": 13553
}