{
  "duration": 10.724951028823853, 
  "niterations": 5218, 
  "Z_computed_err": 0.4996912904341607, 
  "Z_computed": 4.749080526557023, 
  "neval": 13159
}