{
  "duration": 2.5621230602264404, 
  "niterations": 1471, 
  "Z_computed_err": 0.4995605405112451, 
  "Z_computed": 0.06939229855537445, 
  "neval": 3755
}