{
  "duration": 10.785516023635864, 
  "niterations": 5233, 
  "Z_computed_err": 0.49912542299087537, 
  "Z_computed": 4.719895668375291, 
  "neval": 13386
}