{
  "duration": 10.231084108352661, 
  "niterations": 5219, 
  "Z_computed_err": 0.4991138738575611, 
  "Z_computed": 4.745516422332705, 
  "neval": 13311
}