{
  "duration": 10747.675025939941, 
  "failed": true, 
  "Z_computed_err": 0.6894767147006249, 
  "Z_computed": -30.370564291489767, 
  "neval": 2002000
}