{
  "duration": 10731.039082050323, 
  "failed": true, 
  "Z_computed_err": 0.44922640983194384, 
  "Z_computed": -20.31704481877277, 
  "neval": 2002000
}