{
  "duration": 10781.456613779068, 
  "failed": true, 
  "Z_computed_err": 0.4779231851424939, 
  "Z_computed": -34.20335987341133, 
  "neval": 2002000
}