{
  "duration": 10750.692383050919, 
  "failed": true, 
  "Z_computed_err": 0.6318022762670239, 
  "Z_computed": -25.282257197035122, 
  "neval": 2002000
}