{
  "duration": 10812.711765050888, 
  "failed": true, 
  "Z_computed_err": 0.5506359223436021, 
  "Z_computed": -34.980921181233654, 
  "neval": 2002000
}