{
  "duration": 7090.607612848282, 
  "failed": true, 
  "Z_computed_err": 0.5333969414927324, 
  "Z_computed": -28.157379867510134, 
  "neval": 2002000
}