{
  "duration": 7059.340637922287, 
  "failed": true, 
  "Z_computed_err": 0.6431755979410916, 
  "Z_computed": -23.149842523751595, 
  "neval": 2002000
}