{
  "duration": 7015.704570055008, 
  "failed": true, 
  "Z_computed_err": 0.5180140739930685, 
  "Z_computed": -25.782247181309923, 
  "neval": 2002000
}