{
  "duration": 6978.649286031723, 
  "failed": true, 
  "Z_computed_err": 0.6930721735159437, 
  "Z_computed": -35.27616426508757, 
  "neval": 2002000
}