{
  "duration": 7084.211785078049, 
  "failed": true, 
  "Z_computed_err": 0.6798828434385094, 
  "Z_computed": -31.655782218327563, 
  "neval": 2002000
}