{
  "neval": 143194, 
  "Z_computed_err": 0.25749451748265206, 
  "Z_computed": -0.0319505003535801
}