{
  "neval": 114052, 
  "Z_computed_err": 0.499986484093346, 
  "Z_computed": 0.13551105279866588
}