{
  "neval": 141099, 
  "Z_computed_err": 0.26401685062193425, 
  "Z_computed": -0.06757743701469782
}