{
  "neval": 144929, 
  "Z_computed_err": 0.25551247198746635, 
  "Z_computed": -0.02077084126183427
}