{
  "neval": 136684, 
  "Z_computed_err": 0.2684720910549924, 
  "Z_computed": -0.07849713077511886
}