{
  "neval": 146759, 
  "Z_computed_err": 0.2514713635813837, 
  "Z_computed": -0.013097483072042325
}