{
  "neval": 157657, 
  "Z_computed_err": 0.4999239534598664, 
  "Z_computed": 0.041054941888872674
}