{
  "neval": 146648, 
  "Z_computed_err": 0.2604754066209862, 
  "Z_computed": -0.04433124319750051
}