{
  "neval": 156195, 
  "Z_computed_err": 0.4999905855858844, 
  "Z_computed": 0.04967532562072956
}