{
  "neval": 142335, 
  "Z_computed_err": 0.4999292206743623, 
  "Z_computed": 0.08646637788270442
}