{
  "duration": 11.663702011108398, 
  "neval": 18088, 
  "Z_computed_err": 0.01087392192791024, 
  "Z_computed": -0.0016691096760642911
}