{
  "duration": 11.661246061325073, 
  "neval": 17783, 
  "Z_computed_err": 0.010704578293621541, 
  "Z_computed": 0.016797585839585842
}