{
  "duration": 10.997469902038574, 
  "neval": 20238, 
  "Z_computed_err": 0.010637450723067049, 
  "Z_computed": 0.005629161515921808
}