{
  "duration": 12.236333847045898, 
  "neval": 18085, 
  "Z_computed_err": 0.011178352583024177, 
  "Z_computed": -0.002930824782321966
}