{
  "duration": 12.55152702331543, 
  "neval": 20559, 
  "Z_computed_err": 0.010907274924020625, 
  "Z_computed": 0.0023893021352491594
}