{
  "duration": 12.959535837173462, 
  "neval": 18039, 
  "Z_computed_err": 0.011202527133042005, 
  "Z_computed": 0.017024268426153767
}