{
  "duration": 10.517168998718262, 
  "neval": 17611, 
  "Z_computed_err": 0.011208737721353187, 
  "Z_computed": 0.016349052967345776
}