{
  "duration": 12.273719072341919, 
  "neval": 18717, 
  "Z_computed_err": 0.01125239525518613, 
  "Z_computed": 0.0034100861041927266
}