{
  "neval": 2002256, 
  "Z_computed_err": 0.7058293320049696, 
  "Z_computed": 235.7737875528879
}