{
  "neval": 2003025, 
  "Z_computed_err": 0.6623590534140071, 
  "Z_computed": 235.84738689977118
}