{
  "neval": 2000631, 
  "Z_computed_err": 0.6430934502736888, 
  "Z_computed": 235.87411167717713
}