{
  "neval": 2000013, 
  "Z_computed_err": 0.697319281487324, 
  "Z_computed": 235.79377416317402
}