{
  "neval": 2000468, 
  "Z_computed_err": 0.7135154067306095, 
  "Z_computed": 235.76492430136736
}