{
  "neval": 2000207, 
  "Z_computed_err": 0.6603327333493911, 
  "Z_computed": 235.87457640071926
}