{
  "neval": 2002215, 
  "Z_computed_err": 0.7264104546803192, 
  "Z_computed": 235.73156222191932
}