{
  "neval": 2000935, 
  "Z_computed_err": 0.6602297301927013, 
  "Z_computed": 235.8432887154537
}