{
  "neval": 2000612, 
  "Z_computed_err": 0.6848114106382724, 
  "Z_computed": 235.79990830960946
}