{
  "neval": 2002064, 
  "Z_computed_err": 0.7357551939744591, 
  "Z_computed": 235.71850734454225
}