{
  "duration": 0.42514705657958984, 
  "failed": false, 
  "Z_computed_err": 0.003278442828548045, 
  "Z_computed": -2.8468413431095185e-05, 
  "neval": 2261
}