{
  "duration": 3.4010069370269775, 
  "niterations": 1943, 
  "Z_computed_err": 0.4990432429654572, 
  "Z_computed": -4.162988660765393, 
  "neval": 6522
}