{
  "duration": 2.9181878566741943, 
  "niterations": 1887, 
  "Z_computed_err": 0.49986218087743933, 
  "Z_computed": -4.028328094684533, 
  "neval": 5984
}