{
  "duration": 3.14314603805542, 
  "niterations": 1893, 
  "Z_computed_err": 0.49938229705001275, 
  "Z_computed": -4.045421823474905, 
  "neval": 6587
}