{
  "duration": 2.895681858062744, 
  "niterations": 1889, 
  "Z_computed_err": 0.49971752043112216, 
  "Z_computed": -4.038502142676312, 
  "neval": 5979
}