{
  "duration": 2.9057440757751465, 
  "niterations": 1935, 
  "Z_computed_err": 0.49915853375586106, 
  "Z_computed": -4.146151644236654, 
  "neval": 6169
}