{
  "duration": 3.341150999069214, 
  "niterations": 1974, 
  "Z_computed_err": 0.4995074430658045, 
  "Z_computed": -4.242944017156094, 
  "neval": 6253
}