{
  "duration": 3.253208875656128, 
  "niterations": 1886, 
  "Z_computed_err": 0.4988367837745988, 
  "Z_computed": -4.034342174647268, 
  "neval": 6346
}