{
  "duration": 3.5867249965667725, 
  "niterations": 1940, 
  "Z_computed_err": 0.4995132563460742, 
  "Z_computed": -4.163619836529509, 
  "neval": 7219
}