{
  "duration": 3.624222993850708, 
  "niterations": 1989, 
  "Z_computed_err": 0.4989773642199279, 
  "Z_computed": -4.28214272122513, 
  "neval": 6435
}