{
  "duration": 3.350098133087158, 
  "niterations": 1880, 
  "Z_computed_err": 0.4992581410007972, 
  "Z_computed": -4.016389568588572, 
  "neval": 6655
}