{
  "neval": 2686, 
  "Z_computed_err": 0.03623851200541508, 
  "Z_computed": -0.009481190940024802
}