{
  "neval": 2439, 
  "Z_computed_err": 0.03710599999954462, 
  "Z_computed": -0.04245627478173913
}