{
  "duration": 0.7632629871368408, 
  "neval": 1253, 
  "Z_computed_err": 1.4294562599077204e-05, 
  "Z_computed": -0.9926169402883932
}