{
  "duration": 0.5528421401977539, 
  "neval": 1192, 
  "Z_computed_err": 1.4271575156845867e-05, 
  "Z_computed": -0.992594693240452
}