{
  "duration": 0.5481228828430176, 
  "neval": 1315, 
  "Z_computed_err": 1.331133982276998e-05, 
  "Z_computed": -0.9925981768715461
}