{
  "duration": 0.7028930187225342, 
  "neval": 1196, 
  "Z_computed_err": 1.3825593553592224e-05, 
  "Z_computed": -0.9926031053983173
}