{
  "duration": 0.5758731365203857, 
  "neval": 1174, 
  "Z_computed_err": 1.402779262963737e-05, 
  "Z_computed": -0.9926055589426971
}