{
  "duration": 0.6848728656768799, 
  "neval": 1190, 
  "Z_computed_err": 1.4027254305126368e-05, 
  "Z_computed": -0.9925818891461119
}