{
  "duration": 0.49230098724365234, 
  "neval": 1268, 
  "Z_computed_err": 1.3964858877318882e-05, 
  "Z_computed": -0.9925943715528481
}