{
  "duration": 0.5153820514678955, 
  "neval": 1246, 
  "Z_computed_err": 1.4506788504606758e-05, 
  "Z_computed": -0.9926103070218605
}