{
  "duration": 0.7160050868988037, 
  "neval": 1135, 
  "Z_computed_err": 1.3914689853017476e-05, 
  "Z_computed": -0.9926190031579695
}