{
  "duration": 0.5000710487365723, 
  "neval": 1179, 
  "Z_computed_err": 1.4195098951657891e-05, 
  "Z_computed": -0.9925878289152716
}