{
  "duration": 183.43726921081543, 
  "niterations": 11579, 
  "Z_computed_err": 0.49995686981971477, 
  "Z_computed": 0.03380727957875025, 
  "neval": 78575
}