{
  "duration": 212.35899090766907, 
  "niterations": 11543, 
  "Z_computed_err": 0.4998425258418858, 
  "Z_computed": 0.06280977701854852, 
  "neval": 90641
}