{
  "duration": 189.4518620967865, 
  "niterations": 11455, 
  "Z_computed_err": 0.49975389343732435, 
  "Z_computed": 0.16566870713603787, 
  "neval": 80298
}