{
  "duration": 216.5618119239807, 
  "niterations": 11488, 
  "Z_computed_err": 0.4999373477976255, 
  "Z_computed": 0.10917284063909422, 
  "neval": 92006
}