{
  "duration": 206.96084690093994, 
  "niterations": 11466, 
  "Z_computed_err": 0.49978853020435404, 
  "Z_computed": 0.11905737922917471, 
  "neval": 87429
}