{
  "duration": 223.16226601600647, 
  "niterations": 11539, 
  "Z_computed_err": 0.4998493522237064, 
  "Z_computed": 0.05880096185380875, 
  "neval": 93033
}