{
  "duration": 205.26669883728027, 
  "niterations": 11478, 
  "Z_computed_err": 0.4997647508535481, 
  "Z_computed": 0.11713024143189506, 
  "neval": 87628
}