{
  "duration": 209.5932068824768, 
  "niterations": 11429, 
  "Z_computed_err": 0.49981249748834183, 
  "Z_computed": 0.1825431499296976, 
  "neval": 87597
}