{
  "duration": 203.70545101165771, 
  "niterations": 11413, 
  "Z_computed_err": 0.4996758738169165, 
  "Z_computed": 0.16072553947057072, 
  "neval": 83933
}