{
  "duration": 206.19744205474854, 
  "niterations": 11312, 
  "Z_computed_err": 0.49972777274416247, 
  "Z_computed": 0.29664387277565957, 
  "neval": 83655
}