{
  "duration": 16.095890998840332, 
  "niterations": 4503, 
  "Z_computed_err": 0.49992759982440965, 
  "Z_computed": 0.007023231515315698, 
  "neval": 11758
}