{
  "duration": 16.63627314567566, 
  "niterations": 4462, 
  "Z_computed_err": 0.4997705886628441, 
  "Z_computed": 0.04847621975311378, 
  "neval": 12985
}