{
  "duration": 14.707655906677246, 
  "niterations": 4404, 
  "Z_computed_err": 0.4996851347081222, 
  "Z_computed": 0.10688880916035065, 
  "neval": 11293
}