{
  "duration": 13.769811868667603, 
  "niterations": 4380, 
  "Z_computed_err": 0.49990547285403614, 
  "Z_computed": 0.12921674701900127, 
  "neval": 11180
}