{
  "duration": 15.730281114578247, 
  "niterations": 4473, 
  "Z_computed_err": 0.4999410732174904, 
  "Z_computed": 0.03759242282037828, 
  "neval": 11724
}