{
  "duration": 24.47133708000183, 
  "niterations": 4546, 
  "Z_computed_err": 0.49979859904024493, 
  "Z_computed": -0.03424853252750376, 
  "neval": 11583
}