{
  "duration": 14.959582090377808, 
  "niterations": 4347, 
  "Z_computed_err": 0.49978341082907846, 
  "Z_computed": 0.16247399804276802, 
  "neval": 11073
}