{
  "duration": 19.311400890350342, 
  "niterations": 4434, 
  "Z_computed_err": 0.4998180438004184, 
  "Z_computed": 0.07623251574054613, 
  "neval": 11108
}