{
  "duration": 22.514854907989502, 
  "niterations": 4393, 
  "Z_computed_err": 0.4995971753941905, 
  "Z_computed": 0.11758542694331997, 
  "neval": 11843
}