{
  "duration": 18.99191904067993, 
  "niterations": 4349, 
  "Z_computed_err": 0.49956408644391237, 
  "Z_computed": 0.1608280067844216, 
  "neval": 11932
}