{
  "duration": 394.65464186668396, 
  "niterations": 9819, 
  "Z_computed_err": 0.49954254284124244, 
  "Z_computed": -24.02740667105147, 
  "neval": 1969928
}