{
  "duration": 397.8614249229431, 
  "niterations": 9830, 
  "Z_computed_err": 0.499847350701046, 
  "Z_computed": -24.066868648183764, 
  "neval": 1943366
}