{
  "duration": 415.3987441062927, 
  "niterations": 9575, 
  "Z_computed_err": 0.4996933337762173, 
  "Z_computed": -23.54384464956791, 
  "neval": 2000108
}