{
  "duration": 412.88900685310364, 
  "niterations": 9565, 
  "Z_computed_err": 0.8774805763892334, 
  "Z_computed": -24.31437101957124, 
  "neval": 2001100
}