{
  "duration": 371.5524580478668, 
  "niterations": 9610, 
  "Z_computed_err": 0.49940241182599865, 
  "Z_computed": -23.699162829248408, 
  "neval": 1888816
}