{
  "duration": 408.1296510696411, 
  "niterations": 9479, 
  "Z_computed_err": 0.5393202419782853, 
  "Z_computed": -23.343662775965587, 
  "neval": 2000017
}