{
  "duration": 380.63038516044617, 
  "niterations": 9777, 
  "Z_computed_err": 0.4995095273090221, 
  "Z_computed": -23.811716132097555, 
  "neval": 1874193
}