{
  "duration": 394.0537669658661, 
  "niterations": 9775, 
  "Z_computed_err": 0.49960120831100074, 
  "Z_computed": -23.636014340671725, 
  "neval": 1944426
}