{
  "duration": 382.4559061527252, 
  "niterations": 9686, 
  "Z_computed_err": 0.49976215995839846, 
  "Z_computed": -23.72259901187629, 
  "neval": 1924825
}