{
  "duration": 393.0327560901642, 
  "niterations": 9012, 
  "Z_computed_err": 1.1825272593549891, 
  "Z_computed": -23.749844027921636, 
  "neval": 2000253
}