{
  "duration": 1.1000049114227295, 
  "failed": false, 
  "Z_computed_err": 0.12481184952630638, 
  "Z_computed": 0.08295120052127318, 
  "neval": 8295
}