{
  "duration": 1.0431160926818848, 
  "failed": false, 
  "Z_computed_err": 0.12481184952630638, 
  "Z_computed": 0.08295120052127318, 
  "neval": 8295
}