{
  "duration": 4.724505186080933, 
  "neval": 2922, 
  "Z_computed_err": NaN, 
  "Z_computed": -0.9919565548692602
}