{
  "duration": 4.616733074188232, 
  "neval": 3006, 
  "Z_computed_err": NaN, 
  "Z_computed": -0.9919294343346796
}