{
  "duration": 4.627963066101074, 
  "neval": 3047, 
  "Z_computed_err": NaN, 
  "Z_computed": -0.9919134275987864
}