{
  "duration": 4.778108835220337, 
  "neval": 3007, 
  "Z_computed_err": NaN, 
  "Z_computed": -0.9919351691281925
}