{
  "duration": 3.759423017501831, 
  "neval": 3034, 
  "Z_computed_err": NaN, 
  "Z_computed": -0.9919294869187101
}