{
  "duration": 4.744415044784546, 
  "neval": 3074, 
  "Z_computed_err": NaN, 
  "Z_computed": -0.9919159299538641
}