{
  "duration": 4.532593011856079, 
  "neval": 3009, 
  "Z_computed_err": NaN, 
  "Z_computed": -0.9919328650132165
}