{
  "duration": 4.001543998718262, 
  "neval": 2929, 
  "Z_computed_err": NaN, 
  "Z_computed": -0.9919465511649648
}