{
  "duration": 4.778979063034058, 
  "neval": 3049, 
  "Z_computed_err": NaN, 
  "Z_computed": -0.9919395256262603
}