{
  "duration": 5.994794845581055, 
  "neval": 3077, 
  "Z_computed_err": NaN, 
  "Z_computed": -0.9919123482033099
}