{
  "neval": 3219, 
  "Z_computed_err": 0.06103957005534844, 
  "Z_computed": 235.73833766204623
}