{
  "neval": 4273, 
  "Z_computed_err": 0.05853310843378254, 
  "Z_computed": 236.37411480595605
}