{
  "neval": 4246, 
  "Z_computed_err": 0.040968608294993866, 
  "Z_computed": 235.60679850495347
}