{
  "neval": 2718, 
  "Z_computed_err": 0.053220959702555456, 
  "Z_computed": 235.60165990905077
}