{
  "neval": 4355, 
  "Z_computed_err": 0.10858695930030027, 
  "Z_computed": 235.88827038437006
}