{
  "neval": 4557, 
  "Z_computed_err": 0.04600514779454669, 
  "Z_computed": 235.52329915129184
}