{
  "neval": 3019, 
  "Z_computed_err": 0.3069365369340845, 
  "Z_computed": 236.0843385842984
}