{
  "neval": 3835, 
  "Z_computed_err": 0.09325892227654177, 
  "Z_computed": 236.3896180901138
}