{
  "neval": 4710, 
  "Z_computed_err": 0.05016158160736638, 
  "Z_computed": 235.80118512902754
}