{
  "neval": 3769, 
  "Z_computed_err": 0.07289443270609157, 
  "Z_computed": 235.56030868846184
}