{
  "duration": 26.045014142990112, 
  "neval": 45943, 
  "Z_computed_err": 0.023724502838842594, 
  "Z_computed": 5.935559924305464
}