{
  "duration": 26.7385151386261, 
  "neval": 41144, 
  "Z_computed_err": 0.023104356955642558, 
  "Z_computed": 5.903538346026693
}