{
  "duration": 27.83255100250244, 
  "neval": 41470, 
  "Z_computed_err": 0.012465693883675385, 
  "Z_computed": 4.620080161496913
}