{
  "duration": 27.099853038787842, 
  "neval": 42363, 
  "Z_computed_err": 0.012749584380044275, 
  "Z_computed": 4.618823264796697
}