{
  "duration": 25.603107929229736, 
  "neval": 42796, 
  "Z_computed_err": 0.02388457320639292, 
  "Z_computed": 5.893911655543945
}