{
  "duration": 24.866037130355835, 
  "neval": 44306, 
  "Z_computed_err": 0.023956180107230114, 
  "Z_computed": 5.880847814367687
}