{
  "duration": 28.300868034362793, 
  "neval": 46682, 
  "Z_computed_err": 0.024203451962807945, 
  "Z_computed": 5.930600764227028
}