{
  "duration": 26.310322999954224, 
  "neval": 39812, 
  "Z_computed_err": 0.024075882381841673, 
  "Z_computed": 5.883227541265511
}