{
  "duration": 27.626312017440796, 
  "neval": 44383, 
  "Z_computed_err": 0.023668658755645923, 
  "Z_computed": 5.885110725287843
}