{
  "duration": 26.900259017944336, 
  "neval": 44373, 
  "Z_computed_err": 0.012458986102682193, 
  "Z_computed": 4.608908651619608
}