{
  "neval": 9140, 
  "Z_computed_err": 0.017787256188073405, 
  "Z_computed": -0.007799605708044207
}