{
  "neval": 8831, 
  "Z_computed_err": 0.017058103689902845, 
  "Z_computed": -0.0004117268381952751
}