{
  "neval": 9020, 
  "Z_computed_err": 0.017236905099283873, 
  "Z_computed": 0.029778638593731848
}