{
  "neval": 9424, 
  "Z_computed_err": 0.01796032982596514, 
  "Z_computed": -0.0007882990577497557
}