{
  "neval": 9570, 
  "Z_computed_err": 0.017096628667923903, 
  "Z_computed": 0.03241344524096582
}