{
  "neval": 9070, 
  "Z_computed_err": 0.018253701585197218, 
  "Z_computed": -0.0001990882005927122
}