{
  "neval": 9923, 
  "Z_computed_err": 0.017994827607301932, 
  "Z_computed": -0.011161589536185424
}