{
  "neval": 8808, 
  "Z_computed_err": 0.017430434608955717, 
  "Z_computed": 0.005503856224058128
}