{
  "duration": 0.29804396629333496, 
  "failed": false, 
  "Z_computed_err": 0.2409204047909772, 
  "Z_computed": -4.014203290571814, 
  "neval": 3253
}