{
  "duration": 12.722974061965942, 
  "niterations": 5523, 
  "Z_computed_err": 0.4996218586671827, 
  "Z_computed": 0.2391134499916396, 
  "neval": 11071
}