{
  "duration": 13.28188705444336, 
  "niterations": 5598, 
  "Z_computed_err": 0.4997895894049234, 
  "Z_computed": 0.16536239436582123, 
  "neval": 10865
}