{
  "duration": 13.31095004081726, 
  "niterations": 5648, 
  "Z_computed_err": 0.4998084403965908, 
  "Z_computed": 0.11467761835287989, 
  "neval": 10943
}