{
  "duration": 12.164718866348267, 
  "niterations": 5570, 
  "Z_computed_err": 0.4998913759789668, 
  "Z_computed": 0.1893043356622435, 
  "neval": 10875
}