{
  "duration": 13.735000848770142, 
  "niterations": 5566, 
  "Z_computed_err": 0.4995728892232156, 
  "Z_computed": 0.1967175788066905, 
  "neval": 10950
}