{
  "duration": 13.184752941131592, 
  "niterations": 5571, 
  "Z_computed_err": 0.49959304741553295, 
  "Z_computed": 0.18824533878400884, 
  "neval": 10831
}