{
  "duration": 13.375386953353882, 
  "niterations": 5524, 
  "Z_computed_err": 0.4997534514602752, 
  "Z_computed": 0.23430522576388918, 
  "neval": 10849
}