{
  "duration": 26.498026132583618, 
  "niterations": 9306, 
  "Z_computed_err": 0.4998145164699621, 
  "Z_computed": -1.7921506331253978, 
  "neval": 20923
}