{
  "duration": 24.879381895065308, 
  "niterations": 9556, 
  "Z_computed_err": 0.4999928561492296, 
  "Z_computed": -1.7047729964781402, 
  "neval": 21187
}