{
  "duration": 25.0898699760437, 
  "niterations": 9530, 
  "Z_computed_err": 0.49993807929750106, 
  "Z_computed": -1.8243316959428237, 
  "neval": 20679
}