{
  "duration": 25.06274914741516, 
  "niterations": 9318, 
  "Z_computed_err": 0.4998467037230463, 
  "Z_computed": -1.7087078127916304, 
  "neval": 20435
}