{
  "duration": 24.952841997146606, 
  "niterations": 9495, 
  "Z_computed_err": 0.4999139277189117, 
  "Z_computed": -1.8441413668746482, 
  "neval": 20480
}