{
  "duration": 29.325231075286865, 
  "niterations": 10712, 
  "Z_computed_err": 0.499730580678581, 
  "Z_computed": -1.6765557638655921, 
  "neval": 26064
}