{
  "duration": 21.782592058181763, 
  "niterations": 8558, 
  "Z_computed_err": 0.49963640678593074, 
  "Z_computed": -2.0136930109304765, 
  "neval": 18035
}