{
  "duration": 27.28566288948059, 
  "niterations": 10394, 
  "Z_computed_err": 0.4999671204900543, 
  "Z_computed": -1.7543459694411228, 
  "neval": 27043
}