{
  "duration": 24.559907913208008, 
  "niterations": 9332, 
  "Z_computed_err": 0.4998386089521394, 
  "Z_computed": -1.8095354839407365, 
  "neval": 20460
}