{
  "duration": 16.2400119304657, 
  "niterations": 9269, 
  "Z_computed_err": 0.49988204460780594, 
  "Z_computed": -1.7903950827656605, 
  "neval": 20357
}