{
  "duration": 96.21742820739746, 
  "neval": 43820, 
  "Z_computed_err": 0.08851821042848595, 
  "Z_computed": 0.13416539205200764
}