{
  "duration": 115.76717805862427, 
  "neval": 42032, 
  "Z_computed_err": 0.08927191037504464, 
  "Z_computed": 0.1114249438834711
}