{
  "duration": 121.48982310295105, 
  "neval": 44602, 
  "Z_computed_err": 0.08829024155651624, 
  "Z_computed": 0.22543999739968537
}