{
  "duration": 127.15995907783508, 
  "neval": 43566, 
  "Z_computed_err": 0.08860469299165127, 
  "Z_computed": 0.20329556626387574
}