{
  "duration": 103.8409469127655, 
  "neval": 43963, 
  "Z_computed_err": 0.08867106636916988, 
  "Z_computed": 0.20145643941885247
}