{
  "duration": 112.48277306556702, 
  "neval": 41060, 
  "Z_computed_err": 0.08933335742542699, 
  "Z_computed": 0.078952231395423
}