{
  "duration": 119.56541800498962, 
  "neval": 40340, 
  "Z_computed_err": 0.08950243837625568, 
  "Z_computed": 0.0007229224724413959
}