{
  "duration": 130.546040058136, 
  "neval": 43848, 
  "Z_computed_err": 0.0889705477488012, 
  "Z_computed": 0.20436573306949793
}