{
  "duration": 124.07962608337402, 
  "neval": 42856, 
  "Z_computed_err": 0.08891702656905318, 
  "Z_computed": 0.17628730559301833
}