{
  "duration": 133.44037294387817, 
  "neval": 44704, 
  "Z_computed_err": 0.08884328032854744, 
  "Z_computed": 0.2124796556756623
}