{
  "duration": 0.24184107780456543, 
  "failed": false, 
  "Z_computed_err": 0.3856733205028005, 
  "Z_computed": -0.1784591184411701, 
  "neval": 1000
}