{
  "duration": 0.16743707656860352, 
  "failed": false, 
  "Z_computed_err": 0.3457187314836362, 
  "Z_computed": -0.730701664495644, 
  "neval": 1000
}