{
  "duration": 0.16653895378112793, 
  "failed": false, 
  "Z_computed_err": 0.32051442941563063, 
  "Z_computed": 0.15724198764995384, 
  "neval": 1000
}