{
  "duration": 0.18073701858520508, 
  "failed": false, 
  "Z_computed_err": 0.33799378717806705, 
  "Z_computed": 0.5616400114228779, 
  "neval": 1000
}