{
  "duration": 8.92186713218689, 
  "niterations": 1814, 
  "Z_computed_err": 0.4993948847902939, 
  "Z_computed": -0.03272123522610532, 
  "neval": 5361
}