{
  "duration": 8.878735780715942, 
  "niterations": 1750, 
  "Z_computed_err": 0.49975680506434295, 
  "Z_computed": 0.12029337312570977, 
  "neval": 5356
}