{
  "duration": 9.923341035842896, 
  "niterations": 1807, 
  "Z_computed_err": 0.49945763623073625, 
  "Z_computed": -0.015603230139306711, 
  "neval": 5547
}