{
  "duration": 10.518249988555908, 
  "niterations": 1776, 
  "Z_computed_err": 0.49987348477712495, 
  "Z_computed": 0.0535801597395267, 
  "neval": 5091
}