{
  "duration": 10.205479860305786, 
  "niterations": 1783, 
  "Z_computed_err": 0.4996646732644279, 
  "Z_computed": 0.04209389636297582, 
  "neval": 5726
}