{
  "duration": 156.6010661125183, 
  "niterations": 27955, 
  "Z_computed_err": 0.49996513913653073, 
  "Z_computed": -2.0359235488584186, 
  "neval": 327238
}