{
  "duration": 166.49387502670288, 
  "niterations": 28438, 
  "Z_computed_err": 0.4999415746003987, 
  "Z_computed": -1.9970531863421204, 
  "neval": 347609
}