{
  "duration": 157.3742241859436, 
  "niterations": 28376, 
  "Z_computed_err": 0.49976940277252213, 
  "Z_computed": -1.9556287286989151, 
  "neval": 332194
}