{
  "duration": 174.52143001556396, 
  "niterations": 28989, 
  "Z_computed_err": 0.4998268678586377, 
  "Z_computed": -1.80794345354731, 
  "neval": 353471
}