{
  "duration": 163.70875096321106, 
  "niterations": 27766, 
  "Z_computed_err": 0.4999412326801731, 
  "Z_computed": -1.9697195484998684, 
  "neval": 341783
}