{
  "duration": 176.33748579025269, 
  "niterations": 28383, 
  "Z_computed_err": 0.4996982298932307, 
  "Z_computed": -1.9490732968312596, 
  "neval": 351449
}