{
  "duration": 185.31584310531616, 
  "niterations": 28277, 
  "Z_computed_err": 0.4998075477088213, 
  "Z_computed": -2.0662145812345347, 
  "neval": 361915
}