{
  "duration": 188.1988868713379, 
  "niterations": 29000, 
  "Z_computed_err": 0.4996813485214703, 
  "Z_computed": -2.0813400247783522, 
  "neval": 364382
}