{
  "duration": 173.19395303726196, 
  "niterations": 27990, 
  "Z_computed_err": 0.49994723558235665, 
  "Z_computed": -1.8772664199455842, 
  "neval": 335541
}