{
  "duration": 165.47116899490356, 
  "niterations": 26858, 
  "Z_computed_err": 0.4998432053004688, 
  "Z_computed": -1.9345177714592638, 
  "neval": 329427
}