{
  "duration": 14.495517015457153, 
  "neval": 26100, 
  "Z_computed_err": 0.06616306153774715, 
  "Z_computed": 0.06899516053608344
}