{
  "duration": 16.838906049728394, 
  "neval": 24995, 
  "Z_computed_err": 0.06640603593383099, 
  "Z_computed": 0.011942195558843141
}