{
  "duration": 16.483978033065796, 
  "neval": 25512, 
  "Z_computed_err": 0.06612867435346144, 
  "Z_computed": 0.034583671951723176
}