{
  "duration": 14.752202987670898, 
  "neval": 25159, 
  "Z_computed_err": 0.06603381876592837, 
  "Z_computed": 0.049484714143515865
}