{
  "duration": 15.023524045944214, 
  "neval": 25493, 
  "Z_computed_err": 0.06620364765735584, 
  "Z_computed": 0.01801365094908278
}