{
  "duration": 16.468286991119385, 
  "neval": 26007, 
  "Z_computed_err": 0.06648757150349449, 
  "Z_computed": 0.05291085050830667
}