{
  "duration": 15.99300479888916, 
  "neval": 27087, 
  "Z_computed_err": 0.06579248505190682, 
  "Z_computed": 0.14467666194670253
}