{
  "duration": 16.40299892425537, 
  "neval": 22893, 
  "Z_computed_err": 0.06696112921882257, 
  "Z_computed": -0.10937539436869331
}