{
  "duration": 16.561135053634644, 
  "neval": 24293, 
  "Z_computed_err": 0.06660605402733785, 
  "Z_computed": -0.02405057935327087
}