{
  "duration": 15.817256927490234, 
  "neval": 26713, 
  "Z_computed_err": 0.06601540311281351, 
  "Z_computed": 0.05681369837392066
}