{
  "duration": 3.147467851638794, 
  "neval": 5075, 
  "Z_computed_err": 0.08333726579052281, 
  "Z_computed": -3.9492975753385853
}