{
  "duration": 3.5518360137939453, 
  "neval": 4935, 
  "Z_computed_err": 0.0832356779344217, 
  "Z_computed": -3.8855072889549778
}