{
  "duration": 3.435797929763794, 
  "neval": 4925, 
  "Z_computed_err": 0.08354572896815604, 
  "Z_computed": -3.9241962325865263
}