{
  "duration": 2.7595999240875244, 
  "neval": 5242, 
  "Z_computed_err": 0.08245230828028878, 
  "Z_computed": -3.830326776709304
}