{
  "duration": 3.6530649662017822, 
  "neval": 4930, 
  "Z_computed_err": 0.08323850523965033, 
  "Z_computed": -3.8825377658290545
}