{
  "duration": 3.5058929920196533, 
  "neval": 4867, 
  "Z_computed_err": 0.0829294930990076, 
  "Z_computed": -3.889721405257652
}