{
  "duration": 3.6546640396118164, 
  "neval": 5055, 
  "Z_computed_err": 0.08502744324951654, 
  "Z_computed": -4.0133594719368055
}