{
  "duration": 3.656230926513672, 
  "neval": 4865, 
  "Z_computed_err": 0.08293341980177801, 
  "Z_computed": -3.8710906605396778
}