{
  "duration": 3.4629898071289062, 
  "neval": 4845, 
  "Z_computed_err": 0.08505732327637434, 
  "Z_computed": -4.032368677515588
}