{
  "duration": 2.653661012649536, 
  "neval": 4914, 
  "Z_computed_err": 0.08495110774319656, 
  "Z_computed": -4.036076800389523
}