{
  "duration": 3.735663890838623, 
  "failed": false, 
  "Z_computed_err": 0.3954992459206519, 
  "Z_computed": -12.30203500465089, 
  "neval": 43953
}