{
  "neval": 15515, 
  "Z_computed_err": 0.050938216214840334, 
  "Z_computed": 0.7772685552331937
}