{
  "neval": 15171, 
  "Z_computed_err": 0.05106333982616257, 
  "Z_computed": 0.7518663335139684
}