{
  "neval": 14768, 
  "Z_computed_err": 0.05134795896195725, 
  "Z_computed": 0.730087595124951
}