{
  "neval": 15359, 
  "Z_computed_err": 0.05086908170374852, 
  "Z_computed": 0.776238202122357
}