{
  "neval": 14475, 
  "Z_computed_err": 0.05187965626123506, 
  "Z_computed": 0.6911269893317624
}