{
  "neval": 15027, 
  "Z_computed_err": 0.05099416472307721, 
  "Z_computed": 0.7846246983385818
}