{
  "neval": 15065, 
  "Z_computed_err": 0.051029451177516595, 
  "Z_computed": 0.7682109528365708
}