{
  "neval": 14510, 
  "Z_computed_err": 0.051447541548846065, 
  "Z_computed": 0.6989404962195519
}