{
  "neval": 14359, 
  "Z_computed_err": 0.05202140400151171, 
  "Z_computed": 0.6683094235902909
}