{
  "neval": 14621, 
  "Z_computed_err": 0.051679714717759104, 
  "Z_computed": 0.701615863650346
}