{
  "duration": 22.239086151123047, 
  "neval": 43839, 
  "Z_computed_err": 0.21467093765783324, 
  "Z_computed": -23.275066888587045
}