{
  "duration": 19.623423099517822, 
  "neval": 46876, 
  "Z_computed_err": 0.21389666619090544, 
  "Z_computed": -23.262338699972275
}