{
  "duration": 15.453382015228271, 
  "neval": 45356, 
  "Z_computed_err": 0.21419958315918905, 
  "Z_computed": -23.22112029661276
}