{
  "duration": 16.70582103729248, 
  "neval": 43662, 
  "Z_computed_err": 0.2146742608043416, 
  "Z_computed": -23.302603141015396
}