{
  "duration": 15.247288942337036, 
  "neval": 40547, 
  "Z_computed_err": 0.21574149770559253, 
  "Z_computed": -23.5382002604401
}