{
  "duration": 29.192914962768555, 
  "neval": 46368, 
  "Z_computed_err": 0.2145181935751794, 
  "Z_computed": -23.229909616629893
}