{
  "duration": 30.055555820465088, 
  "neval": 40206, 
  "Z_computed_err": 0.21581245876874597, 
  "Z_computed": -23.477737701196407
}