{
  "duration": 30.54404592514038, 
  "neval": 42650, 
  "Z_computed_err": 0.214933745177418, 
  "Z_computed": -23.41792767661348
}