{
  "duration": 31.04134488105774, 
  "neval": 41803, 
  "Z_computed_err": 0.21519838872494315, 
  "Z_computed": -23.369694569066045
}