{
  "duration": 16.14886999130249, 
  "neval": 49098, 
  "Z_computed_err": 0.21427390901679516, 
  "Z_computed": -23.16672356942387
}