{
  "duration": 120.85050702095032, 
  "failed": false, 
  "Z_computed_err": 0.4053522618587246, 
  "Z_computed": 0.015679705188646163, 
  "neval": 1233957
}