{
  "duration": 12.991601943969727, 
  "neval": 29051, 
  "Z_computed_err": 0.013563794850801903, 
  "Z_computed": 4.610567774765622
}