{
  "duration": 14.151290893554688, 
  "neval": 20904, 
  "Z_computed_err": 0.014758828842293424, 
  "Z_computed": 4.6111721290699235
}