{
  "duration": 13.746876955032349, 
  "neval": 27558, 
  "Z_computed_err": 0.014208637796803958, 
  "Z_computed": 4.631898026496267
}