{
  "duration": 15.010730028152466, 
  "neval": 29117, 
  "Z_computed_err": 0.01371607174566781, 
  "Z_computed": 4.616612882484722
}