{
  "duration": 11.007022857666016, 
  "neval": 22659, 
  "Z_computed_err": 0.015013401005230341, 
  "Z_computed": 4.611781377126402
}