{
  "duration": 12.09810495376587, 
  "neval": 26580, 
  "Z_computed_err": 0.013173951742889373, 
  "Z_computed": 4.6099033081043395
}