{
  "duration": 2.498277187347412, 
  "niterations": 2361, 
  "Z_computed_err": 0.4995536319614501, 
  "Z_computed": -0.003568305636951102, 
  "neval": 5003
}