{
  "duration": 4.581017017364502, 
  "niterations": 2343, 
  "Z_computed_err": 0.49948244034626443, 
  "Z_computed": 0.012316002276896904, 
  "neval": 4846
}