{
  "duration": 4.417198896408081, 
  "niterations": 2338, 
  "Z_computed_err": 0.49972742982366236, 
  "Z_computed": 0.016773138343171443, 
  "neval": 4824
}