{
  "duration": 6.441744804382324, 
  "niterations": 2289, 
  "Z_computed_err": 0.49958872135993304, 
  "Z_computed": 0.06744731936277917, 
  "neval": 4972
}