{
  "duration": 505.00408387184143, 
  "neval": 159578, 
  "Z_computed_err": 0.12924707945678968, 
  "Z_computed": 0.9808001282168497
}