{
  "duration": 493.21404695510864, 
  "neval": 169063, 
  "Z_computed_err": 0.12866032081548784, 
  "Z_computed": 1.0894886094747955
}