{
  "duration": 467.06816506385803, 
  "neval": 156179, 
  "Z_computed_err": 0.12928930284768375, 
  "Z_computed": 0.9630288020889486
}