{
  "duration": 503.029217004776, 
  "neval": 150862, 
  "Z_computed_err": 0.12884583866783172, 
  "Z_computed": 0.8985552541759274
}