{
  "duration": 471.54584288597107, 
  "neval": 162136, 
  "Z_computed_err": 0.12891451355852773, 
  "Z_computed": 0.9929604662702487
}