{
  "duration": 484.0154941082001, 
  "neval": 165742, 
  "Z_computed_err": 0.1286220976451286, 
  "Z_computed": 1.0217721968761169
}