{
  "duration": 452.966215133667, 
  "neval": 158338, 
  "Z_computed_err": 0.12915711312281988, 
  "Z_computed": 0.9302993895337289
}