{
  "duration": 502.7945930957794, 
  "neval": 167828, 
  "Z_computed_err": 0.1284159827573323, 
  "Z_computed": 1.0428767720390228
}