{
  "duration": 542.4527499675751, 
  "neval": 173579, 
  "Z_computed_err": 0.12846695738060784, 
  "Z_computed": 1.1043067695029152
}