{
  "duration": 436.2741000652313, 
  "neval": 157813, 
  "Z_computed_err": 0.1288986745197195, 
  "Z_computed": 0.89200191828672
}