{
  "duration": 12.578375101089478, 
  "neval": 18060, 
  "Z_computed_err": 0.06090788939919565, 
  "Z_computed": -0.06186587060073223
}