{
  "duration": 13.50183916091919, 
  "neval": 17448, 
  "Z_computed_err": 0.06084962507064528, 
  "Z_computed": -0.1226978911738835
}