{
  "duration": 14.815701007843018, 
  "neval": 19884, 
  "Z_computed_err": 0.059391003367585106, 
  "Z_computed": 0.11085804132809307
}