{
  "duration": 10.79815411567688, 
  "neval": 19724, 
  "Z_computed_err": 0.059485269248947745, 
  "Z_computed": 0.10667842596934714
}