{
  "duration": 12.375710010528564, 
  "neval": 17784, 
  "Z_computed_err": 0.06063746314781198, 
  "Z_computed": -0.020892496760012584
}