{
  "duration": 11.773260116577148, 
  "neval": 19339, 
  "Z_computed_err": 0.05977936349626674, 
  "Z_computed": 0.05085429494060141
}