{
  "failed": false, 
  "Z_computed_err": 0.3053460036576232, 
  "Z_computed": -3.765253939641515, 
  "neval": 4000
}