{
  "failed": false, 
  "Z_computed_err": 0.33212242538653614, 
  "Z_computed": -0.9916692048317737, 
  "neval": 5000
}