{
  "failed": false, 
  "Z_computed_err": 0.3248332265690794, 
  "Z_computed": -1.4339733341530765, 
  "neval": 9000
}