{
  "failed": false, 
  "Z_computed_err": 0.36802289635343033, 
  "Z_computed": -0.9270300073273384, 
  "neval": 11000
}