{
  "failed": false, 
  "Z_computed_err": 0.3754338773331898, 
  "Z_computed": -1.0413416374739266, 
  "neval": 6000
}