{
  "failed": false, 
  "Z_computed_err": 0.38734083210729775, 
  "Z_computed": -2.5990207423644174, 
  "neval": 4000
}