{
  "failed": false, 
  "Z_computed_err": 0.36542645025413845, 
  "Z_computed": -1.763213231876564, 
  "neval": 10000
}