{
  "failed": false, 
  "Z_computed_err": 0.2881424661011296, 
  "Z_computed": -2.1680780253641796, 
  "neval": 4000
}