{
  "failed": false, 
  "Z_computed_err": 0.39868982588249124, 
  "Z_computed": -1.3660253223084038, 
  "neval": 5000
}