{
  "neval": 21887, 
  "Z_computed_err": 0.05888229420496768, 
  "Z_computed": 0.204727555497549
}