{
  "neval": 22472, 
  "Z_computed_err": 0.058394581990696894, 
  "Z_computed": 0.23411417288704842
}