{
  "neval": 23048, 
  "Z_computed_err": 0.05749442063243261, 
  "Z_computed": 0.3335515261719046
}