{
  "neval": 22464, 
  "Z_computed_err": 0.05846181717121129, 
  "Z_computed": 0.2624444916973249
}