{
  "neval": 21722, 
  "Z_computed_err": 0.05858364709867184, 
  "Z_computed": 0.18656265021878324
}