{
  "duration": 5.478656053543091, 
  "niterations": 2216, 
  "Z_computed_err": 0.49909241496101686, 
  "Z_computed": 0.29631076250477384, 
  "neval": 5268
}