{
  "duration": 6.3218748569488525, 
  "niterations": 2303, 
  "Z_computed_err": 0.4990901379949806, 
  "Z_computed": 0.08936837195100117, 
  "neval": 5436
}