{
  "duration": 5.614749908447266, 
  "niterations": 2296, 
  "Z_computed_err": 0.4993149771600427, 
  "Z_computed": 0.10202671428992867, 
  "neval": 5365
}