{
  "duration": 8006.5212280750275, 
  "niterations": 8805, 
  "Z_computed_err": 23.51790460760364, 
  "Z_computed": -1.4417373216876093, 
  "neval": 2001297
}