{
  "duration": 8011.994881153107, 
  "niterations": 8898, 
  "Z_computed_err": 23.539146120983972, 
  "Z_computed": -0.6112290145411362, 
  "neval": 2001676
}