{
  "duration": 11692.9376578331, 
  "niterations": 8288, 
  "Z_computed_err": 27.57896784490967, 
  "Z_computed": 0.7390138747411437, 
  "neval": 2000798
}