{
  "duration": 8076.736131191254, 
  "niterations": 8816, 
  "Z_computed_err": 21.80799326100877, 
  "Z_computed": -2.217244123873436, 
  "neval": 2001781
}