{
  "duration": 7912.475218057632, 
  "niterations": 8861, 
  "Z_computed_err": 23.33805463489823, 
  "Z_computed": -1.147013138362536, 
  "neval": 2000409
}