{
  "duration": 11426.022203922272, 
  "niterations": 8773, 
  "Z_computed_err": 24.532934702894796, 
  "Z_computed": 0.11796701539761975, 
  "neval": 2000819
}