{
  "duration": 11636.733334064484, 
  "niterations": 8203, 
  "Z_computed_err": 25.456132170537497, 
  "Z_computed": -1.1057075758236583, 
  "neval": 2000871
}