{
  "duration": 11606.969307899475, 
  "niterations": 8459, 
  "Z_computed_err": 25.856619727869674, 
  "Z_computed": -0.795485122667153, 
  "neval": 2000439
}