{
  "duration": 11441.766388893127, 
  "niterations": 8809, 
  "Z_computed_err": 25.85400266497403, 
  "Z_computed": 1.4703072753872783, 
  "neval": 2002646
}