{
  "duration": 4873.103926897049, 
  "niterations": 8462, 
  "Z_computed_err": 24.644069985614063, 
  "Z_computed": -1.0973458063654828, 
  "neval": 2002404
}