{
  "failed": false, 
  "Z_computed_err": 0.12173506845925552, 
  "Z_computed": 0.57784559724344997, 
  "neval": 1000
}