{
  "failed": false, 
  "Z_computed_err": 0.11648395739516171, 
  "Z_computed": 0.85902712177188745, 
  "neval": 1000
}