{
  "failed": false, 
  "Z_computed_err": 0.1170106057186906, 
  "Z_computed": 0.84676500352175044, 
  "neval": 1000
}