{
  "failed": false, 
  "Z_computed_err": 0.11525143969103846, 
  "Z_computed": 0.79026607596471887, 
  "neval": 1000
}