{
  "failed": false, 
  "Z_computed_err": 0.12262867937320143, 
  "Z_computed": 0.69746990374299811, 
  "neval": 1000
}