{
  "duration": 2.593703031539917, 
  "niterations": 2021, 
  "Z_computed_err": 0.4998599068670567, 
  "Z_computed": -4.0201562195995475, 
  "neval": 7505
}