{
  "duration": 2.442884922027588, 
  "niterations": 1968, 
  "Z_computed_err": 0.4998414298552132, 
  "Z_computed": -3.891264810218885, 
  "neval": 6899
}