{
  "duration": 2.258882999420166, 
  "niterations": 1985, 
  "Z_computed_err": 0.4995103770567518, 
  "Z_computed": -3.931150902650623, 
  "neval": 6737
}