{
  "duration": 2.4090518951416016, 
  "niterations": 1997, 
  "Z_computed_err": 0.49933131089429494, 
  "Z_computed": -3.9699993120646, 
  "neval": 7118
}