{
  "duration": 2.4381070137023926, 
  "niterations": 2005, 
  "Z_computed_err": 0.4988548455223941, 
  "Z_computed": -3.9803720757379635, 
  "neval": 6646
}