{
  "duration": 2.3455281257629395, 
  "niterations": 2031, 
  "Z_computed_err": 0.4999925077542972, 
  "Z_computed": -4.047867380718576, 
  "neval": 6705
}