{
  "duration": 2.4914019107818604, 
  "niterations": 1994, 
  "Z_computed_err": 0.4989371507941946, 
  "Z_computed": -3.9596865128985903, 
  "neval": 7291
}