{
  "duration": 2.3522958755493164, 
  "niterations": 2061, 
  "Z_computed_err": 0.4992968589218628, 
  "Z_computed": -4.117235134053857, 
  "neval": 6616
}