{
  "duration": 2.324019193649292, 
  "niterations": 2059, 
  "Z_computed_err": 0.49926590097380613, 
  "Z_computed": -4.121768552034373, 
  "neval": 6325
}