{
  "duration": 2.413695812225342, 
  "niterations": 2025, 
  "Z_computed_err": 0.4993958894279061, 
  "Z_computed": -4.032631588034364, 
  "neval": 6942
}