{
  "duration": 0.17714500427246094, 
  "failed": false, 
  "Z_computed_err": 0.26033732277292637, 
  "Z_computed": -0.5156431475021875, 
  "neval": 1000
}