{
  "duration": 0.14598298072814941, 
  "failed": false, 
  "Z_computed_err": 0.3389475680079573, 
  "Z_computed": 0.013896913006597516, 
  "neval": 1000
}