{
  "duration": 0.17638802528381348, 
  "failed": false, 
  "Z_computed_err": 0.3410327107839506, 
  "Z_computed": 0.7820787424701992, 
  "neval": 1000
}