{
  "duration": 0.18496012687683105, 
  "failed": false, 
  "Z_computed_err": 0.32048045984644746, 
  "Z_computed": -0.5608776768197716, 
  "neval": 1000
}