{
  "duration": 0.17291998863220215, 
  "failed": false, 
  "Z_computed_err": 0.36481983673578106, 
  "Z_computed": 0.05280735355128705, 
  "neval": 1000
}