{
  "duration": 0.16955900192260742, 
  "failed": false, 
  "Z_computed_err": 0.31835798773759216, 
  "Z_computed": 0.1833564812366073, 
  "neval": 1000
}