{
  "duration": 4.618890047073364, 
  "niterations": 2018, 
  "Z_computed_err": 0.4998688897654816, 
  "Z_computed": -4.015332180738716, 
  "neval": 5495
}