{
  "duration": 4.889284133911133, 
  "niterations": 2000, 
  "Z_computed_err": 0.499061961659151, 
  "Z_computed": -3.9770998428534234, 
  "neval": 5162
}