{
  "duration": 5.444842100143433, 
  "niterations": 2004, 
  "Z_computed_err": 0.4997270886326902, 
  "Z_computed": -3.9805493005936956, 
  "neval": 5016
}