{
  "duration": 4.304280042648315, 
  "niterations": 1917, 
  "Z_computed_err": 0.49913198170500245, 
  "Z_computed": -3.7728694857474916, 
  "neval": 4934
}