{
  "duration": 4.570391893386841, 
  "niterations": 2037, 
  "Z_computed_err": 0.49903930432568927, 
  "Z_computed": -4.056244411823195, 
  "neval": 5018
}