{
  "duration": 5.453448057174683, 
  "niterations": 2023, 
  "Z_computed_err": 0.4999200942050668, 
  "Z_computed": -4.033904332921784, 
  "neval": 5131
}