{
  "duration": 5.036317825317383, 
  "niterations": 2042, 
  "Z_computed_err": 0.4988864446332748, 
  "Z_computed": -4.073136778809991, 
  "neval": 5450
}