{
  "duration": 4.859832048416138, 
  "niterations": 2067, 
  "Z_computed_err": 0.4994534122282504, 
  "Z_computed": -4.139041034936606, 
  "neval": 5253
}