{
  "duration": 5.00272011756897, 
  "niterations": 2048, 
  "Z_computed_err": 0.4998926873976253, 
  "Z_computed": -4.0844985011813515, 
  "neval": 5370
}