{
  "duration": 3.6305129528045654, 
  "niterations": 1983, 
  "Z_computed_err": 0.49887303017261897, 
  "Z_computed": -3.930401345694792, 
  "neval": 5182
}