{
  "duration": 0.8473191261291504, 
  "failed": false, 
  "Z_computed_err": -0.9195164796360729, 
  "Z_computed": -99.93678140725245, 
  "neval": 7815
}