{
  "duration": 441.85326313972473, 
  "niterations": 17038, 
  "Z_computed_err": 0.49981495487719413, 
  "Z_computed": -12.017552436188337, 
  "neval": 1064591
}