{
  "duration": 496.431401014328, 
  "niterations": 17146, 
  "Z_computed_err": 0.49961894037348814, 
  "Z_computed": -12.123231377546302, 
  "neval": 1156729
}