{
  "duration": 461.00726985931396, 
  "niterations": 16930, 
  "Z_computed_err": 0.4999209498999998, 
  "Z_computed": -11.910183713521835, 
  "neval": 1050690
}