{
  "duration": 21.345428943634033, 
  "niterations": 4480, 
  "Z_computed_err": 0.49984521981896024, 
  "Z_computed": -0.03657653650451049, 
  "neval": 11612
}