{
  "duration": 23.846997022628784, 
  "niterations": 4459, 
  "Z_computed_err": 0.4998388254127515, 
  "Z_computed": -0.0194994629511698, 
  "neval": 11295
}