{
  "duration": 22.702618837356567, 
  "niterations": 4362, 
  "Z_computed_err": 0.499516929623199, 
  "Z_computed": 0.08075751634281059, 
  "neval": 11543
}