{
  "duration": 20.597609043121338, 
  "niterations": 4343, 
  "Z_computed_err": 0.4996597086063462, 
  "Z_computed": 0.09940950831752951, 
  "neval": 11255
}