{
  "duration": 24.002787828445435, 
  "niterations": 4395, 
  "Z_computed_err": 0.49969413492922693, 
  "Z_computed": 0.04421693707923551, 
  "neval": 11734
}