{
  "neval": 8822, 
  "Z_computed_err": 0.01756251328136089, 
  "Z_computed": 0.0176406292978928
}