{
  "neval": 8991, 
  "Z_computed_err": 0.017292086805988344, 
  "Z_computed": 0.014498869245442532
}