{
  "duration": 101.81157112121582, 
  "neval": 103335, 
  "Z_computed_err": 0.007174017919548048, 
  "Z_computed": -23.86152020399198
}