{
  "duration": 102.65186905860901, 
  "neval": 103309, 
  "Z_computed_err": 0.006288986537212514, 
  "Z_computed": -23.86001990993146
}