{
  "duration": 104.58378911018372, 
  "neval": 100052, 
  "Z_computed_err": 0.008701180024506799, 
  "Z_computed": -23.82352817947893
}