{
  "duration": 105.4791328907013, 
  "neval": 102100, 
  "Z_computed_err": 0.00913164548323582, 
  "Z_computed": -23.8204377415873
}