{
  "duration": 106.07700705528259, 
  "neval": 99131, 
  "Z_computed_err": 0.006597084937370455, 
  "Z_computed": -23.856497094428477
}