{
  "duration": 111.5416989326477, 
  "neval": 103388, 
  "Z_computed_err": 0.00712550619180244, 
  "Z_computed": -23.84521077124536
}