{
  "duration": 108.66300106048584, 
  "neval": 96279, 
  "Z_computed_err": 0.011886597502621702, 
  "Z_computed": -23.81575803560717
}