{
  "duration": 108.04615187644958, 
  "neval": 91716, 
  "Z_computed_err": 0.007122662973790312, 
  "Z_computed": -23.820549283136607
}