{
  "duration": 110.28383493423462, 
  "neval": 96603, 
  "Z_computed_err": 0.014950554098688642, 
  "Z_computed": -23.833829003260213
}