{
  "duration": 78.47564792633057, 
  "neval": 94673, 
  "Z_computed_err": 0.007290713162221137, 
  "Z_computed": -23.817118097086908
}