{
  "duration": 0.3154458999633789, 
  "failed": false, 
  "Z_computed_err": 0.2466475443439995, 
  "Z_computed": 5.280761208764521, 
  "neval": 1000
}