{
  "duration": 0.29277491569519043, 
  "failed": false, 
  "Z_computed_err": 0.264570322937681, 
  "Z_computed": 4.943712907311247, 
  "neval": 1000
}