{
  "duration": 142.644957780838, 
  "niterations": 5594, 
  "Z_computed_err": 0.4998486428048948, 
  "Z_computed": -0.03163741214628908, 
  "neval": 296883
}