{
  "duration": 137.62378478050232, 
  "niterations": 5584, 
  "Z_computed_err": 0.49997979780610924, 
  "Z_computed": 0.06111187445221934, 
  "neval": 295840
}