{
  "duration": 142.37821698188782, 
  "niterations": 5544, 
  "Z_computed_err": 0.4997980543057674, 
  "Z_computed": 0.014446444493674878, 
  "neval": 310039
}