{
  "duration": 150.85118293762207, 
  "niterations": 5671, 
  "Z_computed_err": 0.4999091607555862, 
  "Z_computed": 0.08038717582663771, 
  "neval": 295109
}