{
  "duration": 154.57179284095764, 
  "niterations": 5607, 
  "Z_computed_err": 0.49927902916088096, 
  "Z_computed": -0.0018741026229214352, 
  "neval": 306724
}