{
  "failed": false, 
  "Z_computed_err": 0.43874154675457433, 
  "Z_computed": -15.380941264607126, 
  "neval": 13711
}