{
  "failed": false, 
  "Z_computed_err": 0.11620751228535653, 
  "Z_computed": -14.08992621286375, 
  "neval": 12642
}