{
  "duration": 2.511125087738037, 
  "neval": 6410, 
  "Z_computed_err": 0.020525948851046222, 
  "Z_computed": -4.6145392333074815
}