{
  "duration": 3.3103790283203125, 
  "neval": 6323, 
  "Z_computed_err": 0.020367330111252017, 
  "Z_computed": -4.544168958394239
}