{
  "duration": 2.0468969345092773, 
  "neval": 6328, 
  "Z_computed_err": 0.021091036842957003, 
  "Z_computed": -4.588955592295732
}