{
  "duration": 3.19535493850708, 
  "neval": 6624, 
  "Z_computed_err": 0.021344597520337127, 
  "Z_computed": -4.594171611670041
}