{
  "duration": 1.9954490661621094, 
  "neval": 6189, 
  "Z_computed_err": 0.020712496659138567, 
  "Z_computed": -4.546827634529851
}