{
  "duration": 3.1537489891052246, 
  "neval": 5985, 
  "Z_computed_err": 0.021505391618250762, 
  "Z_computed": -4.535666884636324
}