{
  "duration": 2.691537857055664, 
  "neval": 6649, 
  "Z_computed_err": 0.02346772626449311, 
  "Z_computed": -4.576069158227576
}