{
  "duration": 3.4448401927948, 
  "neval": 6226, 
  "Z_computed_err": 0.022458001798701412, 
  "Z_computed": -4.599278767249449
}