{
  "duration": 2.824941873550415, 
  "neval": 6262, 
  "Z_computed_err": 0.022532992202084347, 
  "Z_computed": -4.566805977950017
}