{
  "duration": 2.3322360515594482, 
  "neval": 6996, 
  "Z_computed_err": 0.02242969662172873, 
  "Z_computed": -4.584530472779686
}