{
  "duration": 7170.868294000626, 
  "niterations": 9329, 
  "Z_computed_err": 0.49993274768039386, 
  "Z_computed": 0.07574272896067652, 
  "neval": 1238253
}