{
  "duration": 7141.215214014053, 
  "niterations": 9334, 
  "Z_computed_err": 0.4994400114694766, 
  "Z_computed": 0.22265398841359094, 
  "neval": 1340210
}