{
  "duration": 5501.996951818466, 
  "niterations": 9275, 
  "Z_computed_err": 0.49974427545629496, 
  "Z_computed": 0.14435264091810718, 
  "neval": 1083579
}