{
  "duration": 5516.86994600296, 
  "niterations": 9399, 
  "Z_computed_err": 0.49959907883682103, 
  "Z_computed": -0.06085739921462635, 
  "neval": 1059276
}