{
  "duration": 4656.557672023773, 
  "niterations": 9400, 
  "Z_computed_err": 0.49986184365486597, 
  "Z_computed": 0.08310293729152199, 
  "neval": 909992
}