{
  "duration": 5392.784414052963, 
  "niterations": 9074, 
  "Z_computed_err": 0.499763541326258, 
  "Z_computed": 0.4509774021856617, 
  "neval": 1003915
}