{
  "duration": 4798.707540035248, 
  "niterations": 9301, 
  "Z_computed_err": 0.4994088614678005, 
  "Z_computed": -0.11330271750331307, 
  "neval": 898116
}