{
  "duration": 5205.360374927521, 
  "niterations": 9543, 
  "Z_computed_err": 0.4999185685455826, 
  "Z_computed": -0.5366226495215601, 
  "neval": 967734
}