{
  "duration": 4627.301948070526, 
  "niterations": 9488, 
  "Z_computed_err": 0.49972631978492366, 
  "Z_computed": -0.1363573465910676, 
  "neval": 923739
}