{
  "duration": 4825.371398925781, 
  "niterations": 9267, 
  "Z_computed_err": 0.49999946677746254, 
  "Z_computed": 0.08690859105959602, 
  "neval": 993303
}