{
  "neval": 8327, 
  "Z_computed_err": 0.3824009404367028, 
  "Z_computed": -11.300477762230114
}