{
  "neval": 7892, 
  "Z_computed_err": 0.38608510796654627, 
  "Z_computed": -11.592140827460772
}