{
  "neval": 9191, 
  "Z_computed_err": 0.38014024350376135, 
  "Z_computed": -11.189686267979948
}