{
  "neval": 9221, 
  "Z_computed_err": 0.3832741216849223, 
  "Z_computed": -11.379766150095467
}