{
  "neval": 9710, 
  "Z_computed_err": 0.3823718344857161, 
  "Z_computed": -11.360061871090776
}