{
  "neval": 10708, 
  "Z_computed_err": 0.3792610919345755, 
  "Z_computed": -11.065269449620407
}