{
  "neval": 7933, 
  "Z_computed_err": 0.38565675542666916, 
  "Z_computed": -11.540456732439786
}