{
  "neval": 8993, 
  "Z_computed_err": 0.38195053837652415, 
  "Z_computed": -11.329577288699308
}