{
  "neval": 8304, 
  "Z_computed_err": 0.38284163659791953, 
  "Z_computed": -11.40126925713204
}