{
  "neval": 8978, 
  "Z_computed_err": 0.3844323991255311, 
  "Z_computed": -11.446958629372592
}