{
  "duration": 42.25285601615906, 
  "neval": 52496, 
  "Z_computed_err": 0.08859450869346498, 
  "Z_computed": 0.08007516333588566
}