{
  "duration": 40.79426693916321, 
  "neval": 52154, 
  "Z_computed_err": 0.0883186412042474, 
  "Z_computed": 0.12968543264116833
}