{
  "duration": 44.421098947525024, 
  "neval": 53848, 
  "Z_computed_err": 0.08823300782667037, 
  "Z_computed": 0.134120631222216
}