{
  "duration": 42.25140595436096, 
  "neval": 55515, 
  "Z_computed_err": 0.08807306433400246, 
  "Z_computed": 0.27930559169219404
}