{
  "duration": 40.79405188560486, 
  "neval": 54055, 
  "Z_computed_err": 0.08852695958582583, 
  "Z_computed": 0.14903316001342576
}