{
  "duration": 42.861966133117676, 
  "neval": 53008, 
  "Z_computed_err": 0.08847801917273986, 
  "Z_computed": 0.1661335684581563
}