{
  "duration": 43.410236835479736, 
  "neval": 54018, 
  "Z_computed_err": 0.08840749400596112, 
  "Z_computed": 0.1625576685437795
}