{
  "duration": 43.741185903549194, 
  "neval": 51609, 
  "Z_computed_err": 0.08950234905243856, 
  "Z_computed": -0.02342144967091909
}