{
  "duration": 42.64196801185608, 
  "neval": 52776, 
  "Z_computed_err": 0.08891213897424798, 
  "Z_computed": 0.11741795146877101
}