{
  "duration": 43.902889013290405, 
  "neval": 50309, 
  "Z_computed_err": 0.08907997401382535, 
  "Z_computed": 0.06179127304294831
}