{
  "neval": 1714, 
  "Z_computed_err": 0.04163565597260389, 
  "Z_computed": 0.7699986389831932
}