{
  "neval": 2144, 
  "Z_computed_err": 0.04517277122244629, 
  "Z_computed": 0.9423203997508507
}