{
  "neval": 1692, 
  "Z_computed_err": 0.04340353118450399, 
  "Z_computed": 0.764670563066417
}