{
  "neval": 1741, 
  "Z_computed_err": 0.045039200973661285, 
  "Z_computed": 0.9073884364911609
}