{
  "neval": 1813, 
  "Z_computed_err": 0.04305182688456052, 
  "Z_computed": 0.960499557013092
}