{
  "neval": 1925, 
  "Z_computed_err": 0.041498251085316885, 
  "Z_computed": 0.8566149968236628
}