{
  "neval": 1787, 
  "Z_computed_err": 0.045644863189391614, 
  "Z_computed": 0.7458761887117006
}