{
  "neval": 1708, 
  "Z_computed_err": 0.043245279240966085, 
  "Z_computed": 0.6281071640209854
}