{
  "neval": 1564, 
  "Z_computed_err": 0.04170110508384143, 
  "Z_computed": 0.7835280810264672
}