{
  "neval": 1841, 
  "Z_computed_err": 0.04210614033005097, 
  "Z_computed": 0.7520074742247349
}