{
  "duration": 54.59025287628174, 
  "neval": 58609, 
  "Z_computed_err": 0.09327954149398442, 
  "Z_computed": -2.552949569800299
}