{
  "duration": 60.90667700767517, 
  "neval": 65889, 
  "Z_computed_err": 0.09622538597926494, 
  "Z_computed": -2.415308680857688
}