{
  "duration": 61.05257296562195, 
  "neval": 67851, 
  "Z_computed_err": 0.09822891502181799, 
  "Z_computed": -2.4105020227085214
}