{
  "duration": 49.82153391838074, 
  "neval": 54138, 
  "Z_computed_err": 0.088356138841355, 
  "Z_computed": -2.6528584738841876
}