{
  "duration": 45.951495885849, 
  "neval": 51923, 
  "Z_computed_err": 0.08965024844845042, 
  "Z_computed": -2.701288488934518
}