{
  "duration": 46.512784004211426, 
  "neval": 46242, 
  "Z_computed_err": 0.08478687690606589, 
  "Z_computed": -2.882820667584066
}