{
  "duration": 62.94859719276428, 
  "neval": 76323, 
  "Z_computed_err": 0.09760365840568191, 
  "Z_computed": -2.2202028213916374
}