{
  "duration": 49.09074306488037, 
  "neval": 49649, 
  "Z_computed_err": 0.08835906715384263, 
  "Z_computed": -2.7890419726374582
}