{
  "duration": 50.63604211807251, 
  "neval": 51714, 
  "Z_computed_err": 0.08763010340414047, 
  "Z_computed": -2.6510575568059935
}