{
  "duration": 48.19168305397034, 
  "neval": 48771, 
  "Z_computed_err": 0.08695117534062682, 
  "Z_computed": -2.7820646257953916
}