{
  "duration": 9.973005056381226, 
  "failed": false, 
  "Z_computed_err": 0.4045543633632831, 
  "Z_computed": -0.009129233637280666, 
  "neval": 82173
}