{
  "neval": 2013572, 
  "Z_computed_err": 168.32164941926854, 
  "Z_computed": -5.8375548807763931
}