{
  "neval": 2020182, 
  "Z_computed_err": 155.4238687918961, 
  "Z_computed": -15.353656727641949
}