{
  "neval": 2008577, 
  "Z_computed_err": 145.60189027471387, 
  "Z_computed": -16.446472742577996
}