{
  "neval": 2045037, 
  "Z_computed_err": 156.3699325191966, 
  "Z_computed": -8.9288936660408442
}