{
  "neval": 2008437, 
  "Z_computed_err": 157.79818956242306, 
  "Z_computed": -11.147902613296059
}