{
  "neval": 2000445, 
  "Z_computed_err": 157.3515758836006, 
  "Z_computed": -9.4340235491445679
}