{
  "neval": 2005427, 
  "Z_computed_err": 143.95463017436091, 
  "Z_computed": -22.265137543259787
}