{
  "neval": 2041936, 
  "Z_computed_err": 155.09082884978315, 
  "Z_computed": -5.9726809919971533
}