{
  "neval": 2005341, 
  "Z_computed_err": 158.41750112508333, 
  "Z_computed": -8.0840330475383642
}