{
  "neval": 2021665, 
  "Z_computed_err": 167.08753218042335, 
  "Z_computed": -6.1608035670428603
}