{
  "duration": 25.38998007774353, 
  "neval": 17266, 
  "Z_computed_err": 0.012298634083091493, 
  "Z_computed": -4.184746464119531
}