{
  "duration": 25.399006843566895, 
  "neval": 16930, 
  "Z_computed_err": 0.012525879776907035, 
  "Z_computed": -4.16765609652783
}