{
  "duration": 25.275413036346436, 
  "neval": 16235, 
  "Z_computed_err": 0.012169129059617948, 
  "Z_computed": -4.153954125591056
}