{
  "duration": 24.575042963027954, 
  "neval": 16898, 
  "Z_computed_err": 0.01217001639229406, 
  "Z_computed": -4.174595588593478
}