{
  "duration": 24.530765056610107, 
  "neval": 15977, 
  "Z_computed_err": 0.012448325440038693, 
  "Z_computed": -4.1882207656720425
}