{
  "duration": 17.149590015411377, 
  "neval": 16686, 
  "Z_computed_err": 0.012245511552227157, 
  "Z_computed": -4.153640070568502
}