{
  "duration": 17.068017959594727, 
  "neval": 17247, 
  "Z_computed_err": 0.012188037709426454, 
  "Z_computed": -4.16747455262403
}