{
  "duration": 16.634019136428833, 
  "neval": 15706, 
  "Z_computed_err": 0.012013524999865582, 
  "Z_computed": -4.174919338918827
}