{
  "duration": 16.049483060836792, 
  "neval": 16194, 
  "Z_computed_err": 0.012172698119068627, 
  "Z_computed": -4.181294170267652
}