{
  "duration": 16.47089385986328, 
  "neval": 16510, 
  "Z_computed_err": 0.012585475941020448, 
  "Z_computed": -4.185760753465954
}