{
  "duration": 19.477259874343872, 
  "niterations": 5046, 
  "Z_computed_err": 0.49990774740515304, 
  "Z_computed": -0.00021150074587862394, 
  "neval": 15849
}