{
  "duration": 20.299466848373413, 
  "niterations": 5057, 
  "Z_computed_err": 0.499592558108232, 
  "Z_computed": -0.01421363720445376, 
  "neval": 15606
}