{
  "duration": 17.088726043701172, 
  "niterations": 5071, 
  "Z_computed_err": 0.49992727851061297, 
  "Z_computed": -0.03500326409650717, 
  "neval": 14531
}