{
  "duration": 14.946671962738037, 
  "niterations": 5015, 
  "Z_computed_err": 0.4995927963619349, 
  "Z_computed": 0.03293731610690891, 
  "neval": 15345
}