{
  "duration": 17.838059902191162, 
  "niterations": 5108, 
  "Z_computed_err": 0.4995374295001667, 
  "Z_computed": -0.06521480145828432, 
  "neval": 15031
}