{
  "neval": 8675, 
  "Z_computed_err": 0.021716165355402776, 
  "Z_computed": -5.7115409413818305
}