{
  "neval": 8288, 
  "Z_computed_err": 0.021101675334734494, 
  "Z_computed": -5.743409254270096
}