{
  "neval": 8964, 
  "Z_computed_err": 0.02083946416140899, 
  "Z_computed": -5.753847098130885
}