{
  "neval": 8128, 
  "Z_computed_err": 0.021591467051343807, 
  "Z_computed": -5.754369519077376
}