{
  "neval": 8578, 
  "Z_computed_err": 0.03565977605444642, 
  "Z_computed": -5.725479196576606
}