{
  "neval": 8609, 
  "Z_computed_err": 0.04020242073478043, 
  "Z_computed": -5.6503792262194565
}