{
  "neval": 9150, 
  "Z_computed_err": 0.02235460678398978, 
  "Z_computed": -5.714924934108949
}