{
  "neval": 8633, 
  "Z_computed_err": 0.02593091171149486, 
  "Z_computed": -5.74256474530128
}