{
  "neval": 8098, 
  "Z_computed_err": 0.03470391609642773, 
  "Z_computed": -5.608607786176885
}