{
  "neval": 9222, 
  "Z_computed_err": 0.02236398105052506, 
  "Z_computed": -5.753252892479534
}