{
  "duration": 0.5911121368408203, 
  "failed": false, 
  "Z_computed_err": -0.9195164796524296, 
  "Z_computed": -99.93684306887161, 
  "neval": 7815
}