{
  "duration": 0.21759510040283203, 
  "failed": false, 
  "Z_computed_err": 0.07779587497900695, 
  "Z_computed": 0.1266519342311128, 
  "neval": 1000
}