{
  "duration": 0.1858229637145996, 
  "failed": false, 
  "Z_computed_err": 0.07539554864547776, 
  "Z_computed": 0.11673710934331721, 
  "neval": 1000
}