{
  "duration": 0.4193861484527588, 
  "neval": 1284, 
  "Z_computed_err": 0.14173286991191184, 
  "Z_computed": -0.07703169935902754
}