{
  "duration": 0.3726780414581299, 
  "neval": 1210, 
  "Z_computed_err": 0.13759918751576683, 
  "Z_computed": 0.06649662723298606
}