{
  "duration": 0.46302103996276855, 
  "neval": 1446, 
  "Z_computed_err": 0.13679876916340708, 
  "Z_computed": 0.04823114058439266
}