{
  "duration": 0.3056180477142334, 
  "neval": 1322, 
  "Z_computed_err": 0.14187995867385972, 
  "Z_computed": -0.03798227376330204
}