{
  "duration": 0.4291849136352539, 
  "neval": 1400, 
  "Z_computed_err": 0.1444632739655467, 
  "Z_computed": -0.049665366884746744
}