{
  "duration": 0.33376407623291016, 
  "neval": 1219, 
  "Z_computed_err": 0.13569961362973512, 
  "Z_computed": 0.16378918299195802
}