{
  "duration": 0.321274995803833, 
  "neval": 1510, 
  "Z_computed_err": 0.1452245815347615, 
  "Z_computed": 0.009871429852772718
}