{
  "duration": 0.346221923828125, 
  "neval": 1166, 
  "Z_computed_err": 0.14112898688360936, 
  "Z_computed": -0.03720962434591189
}