{
  "duration": 0.3509089946746826, 
  "neval": 1338, 
  "Z_computed_err": 0.13931994139482046, 
  "Z_computed": 0.0619239976165335
}