{
  "duration": 0.35253095626831055, 
  "neval": 1692, 
  "Z_computed_err": 0.14576209626568246, 
  "Z_computed": -0.08367742027897207
}