{
  "neval": 5679, 
  "Z_computed_err": 0.02023434667636248, 
  "Z_computed": 0.7595855868006911
}