{
  "neval": 6037, 
  "Z_computed_err": 0.020696215886658365, 
  "Z_computed": 0.7556064255613137
}