{
  "neval": 5506, 
  "Z_computed_err": 0.020800135838833538, 
  "Z_computed": 0.7609683966361382
}