{
  "neval": 6278, 
  "Z_computed_err": 0.02175010400581462, 
  "Z_computed": 0.7646011359121155
}