{
  "neval": 5836, 
  "Z_computed_err": 0.021383778842937375, 
  "Z_computed": 0.7718139758003798
}