{
  "neval": 6517, 
  "Z_computed_err": 0.020746099512884524, 
  "Z_computed": 0.8181948040973607
}