{
  "neval": 6286, 
  "Z_computed_err": 0.020255971428376127, 
  "Z_computed": 0.7572401150021119
}