{
  "neval": 6087, 
  "Z_computed_err": 0.020811436165766327, 
  "Z_computed": 0.7534124245439034
}