{
  "neval": 6117, 
  "Z_computed_err": 0.020668059324295576, 
  "Z_computed": 0.7633994153022804
}