{
  "neval": 5734, 
  "Z_computed_err": 0.01999745770524766, 
  "Z_computed": 0.7808392888138327
}