{
  "duration": 1.6157481670379639, 
  "failed": false, 
  "Z_computed_err": 1.8116451851381772, 
  "Z_computed": -12.225959146897802, 
  "neval": 14383
}