{
  "duration": 4784.488737106323, 
  "niterations": 3186, 
  "Z_computed_err": 25.653904745843757, 
  "Z_computed": -1.5035685489678463, 
  "neval": 2008388
}