{
  "duration": 4921.997184038162, 
  "niterations": 3154, 
  "Z_computed_err": 29.86760309132851, 
  "Z_computed": 2.4824733274371464, 
  "neval": 2010774
}