{
  "duration": 5371.262362003326, 
  "niterations": 3223, 
  "Z_computed_err": 27.805395939165027, 
  "Z_computed": -0.10651834562936872, 
  "neval": 2003380
}