{
  "duration": 5192.851960897446, 
  "niterations": 3158, 
  "Z_computed_err": 26.815704024452895, 
  "Z_computed": -1.0927236522290593, 
  "neval": 2010464
}