{
  "duration": 5219.586032867432, 
  "niterations": 3201, 
  "Z_computed_err": 23.26202596949605, 
  "Z_computed": -4.486625413777688, 
  "neval": 2004965
}