{
  "duration": 5402.824203014374, 
  "niterations": 3093, 
  "Z_computed_err": 23.398126135755458, 
  "Z_computed": -4.080801969702441, 
  "neval": 2001494
}