{
  "duration": 5125.816723108292, 
  "niterations": 3186, 
  "Z_computed_err": 24.185093168112747, 
  "Z_computed": -2.9942132537204906, 
  "neval": 2007146
}