{
  "duration": 5283.071804046631, 
  "niterations": 3319, 
  "Z_computed_err": 24.483671940558242, 
  "Z_computed": -3.1038476042380556, 
  "neval": 2006795
}