{
  "duration": 5115.112177848816, 
  "niterations": 3235, 
  "Z_computed_err": 24.462167036769944, 
  "Z_computed": -2.6418408998868386, 
  "neval": 2001242
}