{
  "duration": 5493.779500961304, 
  "niterations": 3263, 
  "Z_computed_err": 22.59130339406172, 
  "Z_computed": -4.800593757630246, 
  "neval": 2015743
}