{
  "duration": 11.575972080230713, 
  "neval": 18342, 
  "Z_computed_err": 0.06377895493117994, 
  "Z_computed": -5.315371706103635
}