{
  "duration": 10.555962800979614, 
  "neval": 17759, 
  "Z_computed_err": 0.06406925650531221, 
  "Z_computed": -5.310575059504839
}