{
  "duration": 11.596449136734009, 
  "neval": 17502, 
  "Z_computed_err": 0.06349519407010094, 
  "Z_computed": -5.249060068570606
}