{
  "duration": 11.706061840057373, 
  "neval": 18586, 
  "Z_computed_err": 0.0637410200418416, 
  "Z_computed": -5.247063298007653
}