{
  "duration": 10.546422004699707, 
  "neval": 16894, 
  "Z_computed_err": 0.06321748253268357, 
  "Z_computed": -5.22059181637273
}