{
  "duration": 9.588682889938354, 
  "neval": 17780, 
  "Z_computed_err": 0.0632009902959022, 
  "Z_computed": -5.20516623277788
}