{
  "duration": 9.441820859909058, 
  "neval": 18200, 
  "Z_computed_err": 0.062267155917288, 
  "Z_computed": -5.091698794394737
}