{
  "duration": 9.34015703201294, 
  "neval": 17456, 
  "Z_computed_err": 0.0636643341231161, 
  "Z_computed": -5.264087744616239
}