{
  "duration": 10.186009883880615, 
  "neval": 17803, 
  "Z_computed_err": 0.06396093729957734, 
  "Z_computed": -5.299342093681054
}