{
  "duration": 8.312471151351929, 
  "neval": 18651, 
  "Z_computed_err": 0.06339345602259114, 
  "Z_computed": -5.212982976705388
}