{
  "duration": 187.3850131034851, 
  "niterations": 3439, 
  "Z_computed_err": 6.405844887589048, 
  "Z_computed": -2.383390792791869, 
  "neval": 2000908
}