{
  "duration": 175.5960190296173, 
  "niterations": 3451, 
  "Z_computed_err": 7.173929027220436, 
  "Z_computed": -2.0013761881212817, 
  "neval": 2003649
}