{
  "duration": 200.9044041633606, 
  "niterations": 3505, 
  "Z_computed_err": 5.05498361386622, 
  "Z_computed": -2.8205314490364737, 
  "neval": 2000199
}