{
  "duration": 210.40097403526306, 
  "niterations": 3449, 
  "Z_computed_err": 3.0248273404975854, 
  "Z_computed": -2.9734235724625004, 
  "neval": 2001650
}