{
  "duration": 169.72217798233032, 
  "niterations": 3316, 
  "Z_computed_err": 6.629902847060528, 
  "Z_computed": -2.1233008893291005, 
  "neval": 2002151
}