{
  "duration": 176.23679494857788, 
  "niterations": 3378, 
  "Z_computed_err": 4.020801724547725, 
  "Z_computed": -2.8164694839875093, 
  "neval": 2005714
}