{
  "duration": 212.0166289806366, 
  "niterations": 3427, 
  "Z_computed_err": 4.604219794645914, 
  "Z_computed": -2.662266431003162, 
  "neval": 2002892
}