{
  "duration": 205.95401787757874, 
  "niterations": 3398, 
  "Z_computed_err": 5.017184918716776, 
  "Z_computed": -2.657771998432485, 
  "neval": 2001272
}