{
  "duration": 170.42826581001282, 
  "niterations": 3355, 
  "Z_computed_err": 6.493721835878369, 
  "Z_computed": -2.134163863875524, 
  "neval": 2012612
}