{
  "duration": 176.4790060520172, 
  "niterations": 3504, 
  "Z_computed_err": 6.160758469377846, 
  "Z_computed": -2.608421090807414, 
  "neval": 2000252
}