{
  "duration": 3.077714204788208, 
  "neval": 7727, 
  "Z_computed_err": 0.09541551968903492, 
  "Z_computed": -0.006561351127312608
}