{
  "duration": 4.798781156539917, 
  "neval": 8125, 
  "Z_computed_err": 0.09524124548109274, 
  "Z_computed": 0.014864522954469989
}