{
  "duration": 3.1262059211730957, 
  "neval": 8318, 
  "Z_computed_err": 0.09407120819133653, 
  "Z_computed": 0.1415398101296621
}