{
  "duration": 3.8896708488464355, 
  "neval": 8551, 
  "Z_computed_err": 0.09283400625142217, 
  "Z_computed": 0.19853263241349667
}