{
  "duration": 3.1167430877685547, 
  "neval": 7652, 
  "Z_computed_err": 0.09550888857843942, 
  "Z_computed": 0.041180070250476056
}