{
  "duration": 2.918617010116577, 
  "neval": 7205, 
  "Z_computed_err": 0.09535532502883301, 
  "Z_computed": -0.02192541493085201
}