{
  "duration": 3.440303087234497, 
  "neval": 7733, 
  "Z_computed_err": 0.09510223734864076, 
  "Z_computed": 0.019841610361716534
}