{
  "duration": 1658.03466796875, 
  "niterations": 5671, 
  "Z_computed_err": 1.7138822595694712, 
  "Z_computed": -0.9769017541011218, 
  "neval": 2010340
}