{
  "duration": 120.12541794776917, 
  "niterations": 5190, 
  "Z_computed_err": 0.4997433673268302, 
  "Z_computed": -1.426795537422459, 
  "neval": 136188
}