{
  "duration": 100.21415305137634, 
  "niterations": 5171, 
  "Z_computed_err": 0.4994286988553036, 
  "Z_computed": -1.196795002293773, 
  "neval": 117020
}