{
  "duration": 15.173490047454834, 
  "niterations": 4008, 
  "Z_computed_err": 0.49965155528033994, 
  "Z_computed": -1.7081820250261168, 
  "neval": 14353
}