{
  "duration": 169.80806303024292, 
  "niterations": 5372, 
  "Z_computed_err": 0.4998527163256296, 
  "Z_computed": -1.2813903598138163, 
  "neval": 192453
}