{
  "duration": 17.97366213798523, 
  "niterations": 4359, 
  "Z_computed_err": 0.49998870546864865, 
  "Z_computed": -1.5118465228544813, 
  "neval": 22283
}