{
  "neval": 73470, 
  "Z_computed_err": 0.46765890680171307, 
  "Z_computed": 0.21448545705034547
}