{
  "neval": 74525, 
  "Z_computed_err": 0.49979988904170797, 
  "Z_computed": 0.14580142866648751
}