{
  "neval": 77916, 
  "Z_computed_err": 0.4223675446299338, 
  "Z_computed": 0.3018554670106747
}