{
  "neval": 71645, 
  "Z_computed_err": 0.4996525867385462, 
  "Z_computed": 0.15724036685827925
}