{
  "neval": 69515, 
  "Z_computed_err": 0.4841451808119457, 
  "Z_computed": 0.19161321503262077
}