{
  "duration": 0.7277638912200928, 
  "neval": 2915, 
  "Z_computed_err": 0.02279418245188262, 
  "Z_computed": -0.013046681491685353
}