{
  "duration": 0.549001932144165, 
  "neval": 2155, 
  "Z_computed_err": 0.027544582377367628, 
  "Z_computed": 0.00892903611319005
}