{
  "duration": 0.7989790439605713, 
  "neval": 2614, 
  "Z_computed_err": 0.02856883433029376, 
  "Z_computed": -0.009318795121492363
}