{
  "duration": 0.7384159564971924, 
  "neval": 2619, 
  "Z_computed_err": 0.023169108905628802, 
  "Z_computed": 0.01473093223894815
}