{
  "duration": 0.8117568492889404, 
  "neval": 2212, 
  "Z_computed_err": 0.028223655124142762, 
  "Z_computed": -0.002332019493334277
}