{
  "duration": 0.5025250911712646, 
  "neval": 2554, 
  "Z_computed_err": 0.027228088080594858, 
  "Z_computed": -0.011209382788394267
}