{
  "duration": 0.7978382110595703, 
  "neval": 2640, 
  "Z_computed_err": 0.02959856856693287, 
  "Z_computed": -0.030152963501257665
}