{
  "duration": 0.5228819847106934, 
  "neval": 2515, 
  "Z_computed_err": 0.02401198602007804, 
  "Z_computed": -0.018953350500970988
}