{
  "duration": 0.5306551456451416, 
  "neval": 2388, 
  "Z_computed_err": 0.02558892244445029, 
  "Z_computed": 0.020583927408207775
}