{
  "duration": 0.7450189590454102, 
  "neval": 2903, 
  "Z_computed_err": 0.02555670119922008, 
  "Z_computed": -0.005576976468433432
}