{
  "duration": 9.07624888420105, 
  "neval": 16757, 
  "Z_computed_err": 0.05736214858457147, 
  "Z_computed": -4.476783710122645
}