{
  "duration": 12.483523845672607, 
  "neval": 15503, 
  "Z_computed_err": 0.059111728966585494, 
  "Z_computed": -4.694358118325811
}