{
  "duration": 11.148941993713379, 
  "neval": 15350, 
  "Z_computed_err": 0.0584703774600576, 
  "Z_computed": -4.621759463456628
}