{
  "duration": 12.26616096496582, 
  "neval": 16223, 
  "Z_computed_err": 0.05862664447196927, 
  "Z_computed": -4.624168054406798
}