{
  "duration": 12.306376934051514, 
  "neval": 15761, 
  "Z_computed_err": 0.058177561889090894, 
  "Z_computed": -4.572739677557475
}