{
  "duration": 11.818286895751953, 
  "neval": 16101, 
  "Z_computed_err": 0.05797391336010062, 
  "Z_computed": -4.548577103021663
}