{
  "duration": 11.307525873184204, 
  "neval": 16139, 
  "Z_computed_err": 0.057639488243775766, 
  "Z_computed": -4.524640950125931
}