{
  "duration": 13.200971126556396, 
  "neval": 15671, 
  "Z_computed_err": 0.058771872996788335, 
  "Z_computed": -4.656225177461991
}