{
  "duration": 11.92621898651123, 
  "neval": 16716, 
  "Z_computed_err": 0.05827367901640624, 
  "Z_computed": -4.58163679411073
}