{
  "duration": 12.17725419998169, 
  "neval": 16027, 
  "Z_computed_err": 0.05800616206048181, 
  "Z_computed": -4.552003046257564
}