{
  "duration": 0.5616459846496582, 
  "neval": 1612, 
  "Z_computed_err": 0.20867152415065296, 
  "Z_computed": -5.565486015200444
}