{
  "duration": 0.5437700748443604, 
  "neval": 2041, 
  "Z_computed_err": 0.1975145925793761, 
  "Z_computed": -5.153427485105715
}