{
  "duration": 0.5427341461181641, 
  "neval": 1908, 
  "Z_computed_err": 0.19904373192202937, 
  "Z_computed": -5.1786294978491005
}