{
  "duration": 0.5801959037780762, 
  "neval": 2001, 
  "Z_computed_err": 0.19435830065329, 
  "Z_computed": -5.005953130068071
}