{
  "duration": 0.6061980724334717, 
  "neval": 1724, 
  "Z_computed_err": 0.214286927925229, 
  "Z_computed": -5.704831337143173
}