{
  "duration": 0.40050816535949707, 
  "neval": 1914, 
  "Z_computed_err": 0.20809120130706374, 
  "Z_computed": -5.4789962764624445
}