{
  "duration": 0.3515288829803467, 
  "neval": 2262, 
  "Z_computed_err": 0.19672716962807335, 
  "Z_computed": -5.008354817644846
}