{
  "duration": 0.3662259578704834, 
  "neval": 1894, 
  "Z_computed_err": 0.2008066624482311, 
  "Z_computed": -5.219322230608616
}