{
  "duration": 0.382174015045166, 
  "neval": 1797, 
  "Z_computed_err": 0.2043435370487784, 
  "Z_computed": -5.318300888049031
}