{
  "duration": 0.3116738796234131, 
  "neval": 2153, 
  "Z_computed_err": 0.19752873551818306, 
  "Z_computed": -5.0830000587109145
}