{
  "neval": 8332, 
  "Z_computed_err": 0.11144146470803323, 
  "Z_computed": -5.916519411182759
}