{
  "neval": 8006, 
  "Z_computed_err": 0.11218977038932598, 
  "Z_computed": -5.985744400206067
}