{
  "neval": 9097, 
  "Z_computed_err": 0.10943281063249692, 
  "Z_computed": -5.687708922444279
}