{
  "neval": 8436, 
  "Z_computed_err": 0.11142321103796701, 
  "Z_computed": -5.866677928047082
}