{
  "neval": 8345, 
  "Z_computed_err": 0.11164956157174456, 
  "Z_computed": -5.892762298695382
}