{
  "neval": 8728, 
  "Z_computed_err": 0.10971225859574878, 
  "Z_computed": -5.784210874732512
}