{
  "neval": 9246, 
  "Z_computed_err": 0.1102053404237494, 
  "Z_computed": -5.739018294978638
}