{
  "neval": 8604, 
  "Z_computed_err": 0.11150755746231661, 
  "Z_computed": -5.848561208394585
}