{
  "neval": 7942, 
  "Z_computed_err": 0.11220667312526586, 
  "Z_computed": -5.965178176147868
}