{
  "neval": 9233, 
  "Z_computed_err": 0.1102694929795621, 
  "Z_computed": -5.768938846627661
}