{
  "duration": 9.041131973266602, 
  "niterations": 2260, 
  "Z_computed_err": 0.4991932216646142, 
  "Z_computed": -5.249944528287894, 
  "neval": 119154
}