{
  "duration": 9.12061595916748, 
  "niterations": 2292, 
  "Z_computed_err": 0.4992319760111519, 
  "Z_computed": -5.333592096013277, 
  "neval": 121319
}