{
  "duration": 1.039853811264038, 
  "failed": false, 
  "Z_computed_err": 8.769980943235112e-06, 
  "Z_computed": -0.9924569371334842, 
  "neval": 6862
}