{
  "duration": 0.7675940990447998, 
  "failed": false, 
  "Z_computed_err": 8.769980943235112e-06, 
  "Z_computed": -0.9924569371334842, 
  "neval": 6862
}