{
  "duration": 1.2570610046386719, 
  "neval": 7360, 
  "Z_computed_err": 0.013694419784386316, 
  "Z_computed": 0.0004146691642538053
}