{
  "neval": 6219, 
  "Z_computed_err": 0.014557362445487361, 
  "Z_computed": -0.013068125371484546
}