{
  "neval": 6618, 
  "Z_computed_err": 0.014828626159893433, 
  "Z_computed": 0.005952472243797831
}