{
  "neval": 6196, 
  "Z_computed_err": 0.014393735282599684, 
  "Z_computed": -0.00923420770089347
}