{
  "neval": 5839, 
  "Z_computed_err": 0.014760941497869703, 
  "Z_computed": -0.0031901247270820143
}