{
  "neval": 6186, 
  "Z_computed_err": 0.013898291313599575, 
  "Z_computed": -0.024915192856140723
}