{
  "neval": 6631, 
  "Z_computed_err": 0.014383812541654285, 
  "Z_computed": -0.004438511742575643
}