{
  "neval": 6064, 
  "Z_computed_err": 0.014130683647396045, 
  "Z_computed": -0.016133549926898867
}