{
  "neval": 6516, 
  "Z_computed_err": 0.014829811938332528, 
  "Z_computed": 0.004651547492206455
}