{
  "neval": 6390, 
  "Z_computed_err": 0.014213993668850245, 
  "Z_computed": -0.00512148210753565
}