{
  "duration": 3.8253469467163086, 
  "neval": 7829, 
  "Z_computed_err": 0.017361632224679336, 
  "Z_computed": -0.0027715588504550284
}