{
  "duration": 2.7983438968658447, 
  "neval": 7146, 
  "Z_computed_err": 0.016413662935670835, 
  "Z_computed": 0.011981742059727706
}