{
  "duration": 2.9027140140533447, 
  "neval": 7288, 
  "Z_computed_err": 0.017445453561812513, 
  "Z_computed": 0.012815548912232641
}