{
  "duration": 3.302811861038208, 
  "neval": 7837, 
  "Z_computed_err": 0.01757876243028285, 
  "Z_computed": -0.005268304006515542
}