{
  "duration": 4.810908079147339, 
  "neval": 8102, 
  "Z_computed_err": 0.017990550288523147, 
  "Z_computed": 0.020478165925602497
}