{
  "duration": 3.1040821075439453, 
  "neval": 8359, 
  "Z_computed_err": 0.017559780812412835, 
  "Z_computed": 0.019506007938150407
}