{
  "duration": 3.509629964828491, 
  "neval": 7463, 
  "Z_computed_err": 0.017562908803246503, 
  "Z_computed": 0.010554000766084088
}