{
  "duration": 3.152588129043579, 
  "neval": 7211, 
  "Z_computed_err": 0.016986465004595844, 
  "Z_computed": -0.0006135905768623619
}