{
  "duration": 99.49288010597229, 
  "niterations": 13919, 
  "Z_computed_err": 0.4998523241107397, 
  "Z_computed": 0.07916097457869503, 
  "neval": 315433
}