{
  "duration": 94.91017293930054, 
  "niterations": 14228, 
  "Z_computed_err": 0.49966282619461583, 
  "Z_computed": -0.10957128569680531, 
  "neval": 299876
}