{
  "duration": 96.98863697052002, 
  "niterations": 14058, 
  "Z_computed_err": 0.4997701398624834, 
  "Z_computed": -0.12234556739074993, 
  "neval": 313373
}