{
  "duration": 88.25387907028198, 
  "niterations": 14337, 
  "Z_computed_err": 0.49974766388804515, 
  "Z_computed": -0.2165205783629714, 
  "neval": 285657
}