{
  "duration": 92.44076800346375, 
  "niterations": 14157, 
  "Z_computed_err": 0.49969522056069665, 
  "Z_computed": 0.202010185229424, 
  "neval": 280771
}