{
  "duration": 101.04037809371948, 
  "niterations": 13877, 
  "Z_computed_err": 0.49964982303446714, 
  "Z_computed": 0.21138621948936384, 
  "neval": 321458
}