{
  "duration": 91.8121931552887, 
  "niterations": 14184, 
  "Z_computed_err": 0.4999402858689308, 
  "Z_computed": -0.07040589184942221, 
  "neval": 290831
}