{
  "duration": 98.5191900730133, 
  "niterations": 14024, 
  "Z_computed_err": 0.4999338386167702, 
  "Z_computed": 0.0796770823132942, 
  "neval": 302477
}