{
  "duration": 92.03157711029053, 
  "niterations": 13819, 
  "Z_computed_err": 0.4998528475508813, 
  "Z_computed": 0.1732724608777032, 
  "neval": 286225
}