{
  "duration": 114.14421319961548, 
  "neval": 91828, 
  "Z_computed_err": 0.14317312923194012, 
  "Z_computed": -25.51178805547348
}