{
  "duration": 110.16058897972107, 
  "neval": 104758, 
  "Z_computed_err": 0.142007563374739, 
  "Z_computed": -25.179936026485464
}