{
  "duration": 105.95597982406616, 
  "neval": 96590, 
  "Z_computed_err": 0.14237320238511317, 
  "Z_computed": -25.35215161501378
}