{
  "duration": 105.05476307868958, 
  "neval": 95016, 
  "Z_computed_err": 0.1433075695637426, 
  "Z_computed": -25.472889868034127
}