{
  "duration": 110.79803586006165, 
  "neval": 93200, 
  "Z_computed_err": 0.14343672139946287, 
  "Z_computed": -25.523909156256344
}