{
  "duration": 98.69308805465698, 
  "neval": 102680, 
  "Z_computed_err": 0.14296316380604865, 
  "Z_computed": -25.47834185158166
}