{
  "duration": 109.22976803779602, 
  "neval": 113966, 
  "Z_computed_err": 0.14153298797044037, 
  "Z_computed": -25.15361084944949
}