{
  "duration": 112.84946489334106, 
  "neval": 95655, 
  "Z_computed_err": 0.14297071261636535, 
  "Z_computed": -25.32244574063646
}