{
  "duration": 110.53851199150085, 
  "neval": 98203, 
  "Z_computed_err": 0.1424117781771, 
  "Z_computed": -25.24332161842568
}