{
  "duration": 87.12191390991211, 
  "neval": 97682, 
  "Z_computed_err": 0.14334513407615362, 
  "Z_computed": -25.49865412265045
}