{
  "duration": 0.49320387840270996, 
  "neval": 1253, 
  "Z_computed_err": NaN, 
  "Z_computed": -0.9909363699758508
}