{
  "duration": 0.6966030597686768, 
  "neval": 1192, 
  "Z_computed_err": NaN, 
  "Z_computed": -0.9909300790342356
}