{
  "duration": 0.8501482009887695, 
  "neval": 1315, 
  "Z_computed_err": NaN, 
  "Z_computed": -0.9909001956687103
}