{
  "duration": 0.698591947555542, 
  "neval": 1196, 
  "Z_computed_err": NaN, 
  "Z_computed": -0.9909387396023093
}