{
  "duration": 0.6814191341400146, 
  "neval": 1174, 
  "Z_computed_err": NaN, 
  "Z_computed": -0.9909544863881606
}