{
  "duration": 0.7880680561065674, 
  "neval": 1190, 
  "Z_computed_err": NaN, 
  "Z_computed": -0.990916030204003
}