{
  "duration": 0.6304399967193604, 
  "neval": 1268, 
  "Z_computed_err": NaN, 
  "Z_computed": -0.9909127458346576
}