{
  "duration": 0.5504109859466553, 
  "neval": 1246, 
  "Z_computed_err": NaN, 
  "Z_computed": -0.9909379700236225
}