{
  "duration": 0.5526690483093262, 
  "neval": 1135, 
  "Z_computed_err": NaN, 
  "Z_computed": -0.9909755673666336
}