{
  "duration": 0.4993319511413574, 
  "neval": 1179, 
  "Z_computed_err": NaN, 
  "Z_computed": -0.9909306599922519
}