{
  "neval": 2001908, 
  "Z_computed_err": 3.1347466232666883, 
  "Z_computed": -1.1546133142621458
}