{
  "neval": 2004742, 
  "Z_computed_err": 3.843723683255678, 
  "Z_computed": -1.263832080824687
}