{
  "neval": 2002821, 
  "Z_computed_err": 4.6485388967282235, 
  "Z_computed": -1.4325671104681281
}