{
  "neval": 2014290, 
  "Z_computed_err": 4.272331469080462, 
  "Z_computed": -0.9157211405713015
}