{
  "neval": 2004988, 
  "Z_computed_err": 4.168037609967663, 
  "Z_computed": -1.525578607741553
}