{
  "neval": 2002298, 
  "Z_computed_err": 4.923448165598888, 
  "Z_computed": -0.899380845307627
}