{
  "neval": 2000266, 
  "Z_computed_err": 5.313525512260128, 
  "Z_computed": -1.188082380947781
}