{
  "neval": 2001842, 
  "Z_computed_err": 4.531541175319706, 
  "Z_computed": -1.0623110292203153
}