{
  "neval": 2002210, 
  "Z_computed_err": 4.355452696426513, 
  "Z_computed": -1.0819824066102162
}