{
  "neval": 2007729, 
  "Z_computed_err": 3.32723032531096, 
  "Z_computed": -1.1529565308870597
}