{
  "duration": 0.09523797035217285, 
  "failed": false, 
  "Z_computed_err": 0.151235650869328, 
  "Z_computed": -3.902994143101336, 
  "neval": 1000
}