{
  "duration": 0.0959169864654541, 
  "failed": false, 
  "Z_computed_err": 0.14451485001385356, 
  "Z_computed": -3.843605233108443, 
  "neval": 1000
}