{
  "duration": 0.09624600410461426, 
  "failed": false, 
  "Z_computed_err": 0.14893025369350177, 
  "Z_computed": -4.008871728381963, 
  "neval": 1000
}