{
  "duration": 0.09499192237854004, 
  "failed": false, 
  "Z_computed_err": 0.1521865034735712, 
  "Z_computed": -4.00978066192355, 
  "neval": 1000
}