{
  "duration": 0.09262800216674805, 
  "failed": false, 
  "Z_computed_err": 0.1462675586104596, 
  "Z_computed": -4.0303080552563015, 
  "neval": 1000
}