{
  "duration": 12.64479684829712, 
  "niterations": 3478, 
  "Z_computed_err": 0.4998705643145099, 
  "Z_computed": -0.004947318107088015, 
  "neval": 33139
}