{
  "duration": 13.218281030654907, 
  "niterations": 3496, 
  "Z_computed_err": 0.4994419814962232, 
  "Z_computed": -0.022541903506398526, 
  "neval": 32734
}