{
  "duration": 12.984022855758667, 
  "niterations": 3452, 
  "Z_computed_err": 0.49967972967187385, 
  "Z_computed": 0.021795268083598718, 
  "neval": 32426
}