{
  "duration": 13.186807870864868, 
  "niterations": 3519, 
  "Z_computed_err": 0.4994452505600555, 
  "Z_computed": -0.047752921920212785, 
  "neval": 32913
}