{
  "duration": 13.389459133148193, 
  "niterations": 3472, 
  "Z_computed_err": 0.4996630804553466, 
  "Z_computed": 0.0003078731799227694, 
  "neval": 32893
}