{
  "duration": 13.071660041809082, 
  "niterations": 3458, 
  "Z_computed_err": 0.49989144013584513, 
  "Z_computed": 0.01342506309782587, 
  "neval": 32926
}