{
  "duration": 13.182098865509033, 
  "niterations": 3544, 
  "Z_computed_err": 0.49968682202388154, 
  "Z_computed": -0.07129933999500117, 
  "neval": 31722
}