{
  "duration": 13.335049867630005, 
  "niterations": 3423, 
  "Z_computed_err": 0.4998368380788454, 
  "Z_computed": 0.047862191497731015, 
  "neval": 31980
}