{
  "duration": 13.376344919204712, 
  "niterations": 3494, 
  "Z_computed_err": 0.49971169102197277, 
  "Z_computed": -0.02170698963591901, 
  "neval": 31800
}