{
  "duration": 13.05086088180542, 
  "niterations": 3487, 
  "Z_computed_err": 0.4997550096012505, 
  "Z_computed": -0.014317630274834958, 
  "neval": 31501
}