{
  "duration": 4024.744157075882, 
  "failed": true, 
  "Z_computed_err": 0.6885161275228188, 
  "Z_computed": -1.391968539858295, 
  "neval": 2003245
}