{
  "duration": 43.14447021484375, 
  "neval": 80978, 
  "Z_computed_err": 0.010111280834324981, 
  "Z_computed": -23.924968117625184
}