{
  "duration": 40.60074996948242, 
  "neval": 69541, 
  "Z_computed_err": 0.010404706697559513, 
  "Z_computed": -23.97556601189211
}