{
  "duration": 42.772655963897705, 
  "neval": 85822, 
  "Z_computed_err": 0.010262173111219323, 
  "Z_computed": -24.009898391464322
}