{
  "duration": 39.70273399353027, 
  "neval": 70769, 
  "Z_computed_err": 0.011265422557343642, 
  "Z_computed": -23.98712313864805
}