{
  "duration": 39.556293964385986, 
  "neval": 62667, 
  "Z_computed_err": 0.010873634833805887, 
  "Z_computed": -24.014488770323872
}