{
  "duration": 30.89833903312683, 
  "neval": 72837, 
  "Z_computed_err": 0.010292409504551334, 
  "Z_computed": -23.9418750607921
}