{
  "duration": 33.448837995529175, 
  "neval": 95463, 
  "Z_computed_err": 0.010784197484658397, 
  "Z_computed": -24.022117834605176
}