{
  "duration": 29.824347972869873, 
  "neval": 67902, 
  "Z_computed_err": 0.010702945851606699, 
  "Z_computed": -23.957541695906855
}