{
  "duration": 32.94787096977234, 
  "neval": 75293, 
  "Z_computed_err": 0.010354448026410407, 
  "Z_computed": -23.96597143748695
}