{
  "duration": 21.268890857696533, 
  "neval": 64570, 
  "Z_computed_err": 0.010941269809103045, 
  "Z_computed": -23.94335753387812
}