{
  "failed": false, 
  "Z_computed_err": 0.11682819947320458, 
  "Z_computed": -0.028923053560020222, 
  "neval": 1000
}