{
  "duration": 11.059599876403809, 
  "niterations": 1832, 
  "Z_computed_err": 0.49940821179619094, 
  "Z_computed": -0.07601547171186007, 
  "neval": 5775
}