{
  "duration": 11.055618047714233, 
  "niterations": 1811, 
  "Z_computed_err": 0.4993754626672966, 
  "Z_computed": -0.027855244475578533, 
  "neval": 5502
}