{
  "duration": 8.733108043670654, 
  "niterations": 1811, 
  "Z_computed_err": 0.4998460018969689, 
  "Z_computed": -0.0391141297239009, 
  "neval": 5280
}