{
  "duration": 7.647684097290039, 
  "niterations": 1789, 
  "Z_computed_err": 0.49916925048996086, 
  "Z_computed": 0.034586023546860536, 
  "neval": 5267
}