{
  "duration": 9.015213966369629, 
  "niterations": 1801, 
  "Z_computed_err": 0.4998372796565394, 
  "Z_computed": -0.007206751737457325, 
  "neval": 5322
}