{
  "neval": 21786, 
  "Z_computed_err": 0.19555170328833796, 
  "Z_computed": -11.996846086649837
}