{
  "neval": 25416, 
  "Z_computed_err": 0.1940553432208834, 
  "Z_computed": -11.75804306289407
}