{
  "neval": 26659, 
  "Z_computed_err": 0.19377631597945263, 
  "Z_computed": -11.717375429887934
}