{
  "neval": 25207, 
  "Z_computed_err": 0.19524189704355396, 
  "Z_computed": -11.988201846333428
}