{
  "neval": 23801, 
  "Z_computed_err": 0.19651056444581502, 
  "Z_computed": -12.202289600008775
}