{
  "neval": 24575, 
  "Z_computed_err": 0.19497217401965417, 
  "Z_computed": -11.926776051279809
}