{
  "neval": 28927, 
  "Z_computed_err": 0.19268665117973727, 
  "Z_computed": -11.566457956928819
}