{
  "neval": 26343, 
  "Z_computed_err": 0.1941997584923807, 
  "Z_computed": -11.753840793996307
}