{
  "neval": 22396, 
  "Z_computed_err": 0.19656055571441713, 
  "Z_computed": -12.191756981624128
}