{
  "neval": 23918, 
  "Z_computed_err": 0.19496361267259407, 
  "Z_computed": -11.96204088221484
}