{
  "duration": 9.50656795501709, 
  "neval": 18554, 
  "Z_computed_err": 0.014246551023853773, 
  "Z_computed": -11.635064696710824
}