{
  "duration": 9.334830045700073, 
  "neval": 16715, 
  "Z_computed_err": 0.014737924335103672, 
  "Z_computed": -11.640430290609052
}