{
  "duration": 9.162322044372559, 
  "neval": 16599, 
  "Z_computed_err": 0.015133477183479929, 
  "Z_computed": -11.631274715100542
}