{
  "duration": 9.342923879623413, 
  "neval": 16230, 
  "Z_computed_err": 0.014688899260769026, 
  "Z_computed": -11.636519416168946
}