{
  "duration": 9.416888952255249, 
  "neval": 17213, 
  "Z_computed_err": 0.014612403417941473, 
  "Z_computed": -11.654520915408382
}