{
  "duration": 8.49137282371521, 
  "neval": 14950, 
  "Z_computed_err": 0.015439048729379257, 
  "Z_computed": -11.65415161588751
}