{
  "duration": 8.394704103469849, 
  "neval": 19646, 
  "Z_computed_err": 0.01432868014338351, 
  "Z_computed": -11.64985110368992
}