{
  "duration": 7.8802430629730225, 
  "neval": 16148, 
  "Z_computed_err": 0.014580458869888166, 
  "Z_computed": -11.647154003099427
}