{
  "duration": 8.078718900680542, 
  "neval": 18201, 
  "Z_computed_err": 0.01440374641343752, 
  "Z_computed": -11.622427312889915
}