{
  "duration": 5.380275011062622, 
  "neval": 17309, 
  "Z_computed_err": 0.01486312620864343, 
  "Z_computed": -11.639048986992227
}