{
  "duration": 3878.1371641159058, 
  "failed": true, 
  "Z_computed_err": 0.6885161275228188, 
  "Z_computed": -1.391968539858295, 
  "neval": 2003245
}