{
  "duration": 8.344805002212524, 
  "niterations": 4988, 
  "Z_computed_err": 0.4999613014418184, 
  "Z_computed": 0.05595695900879411, 
  "neval": 12223
}