{
  "duration": 8.864058017730713, 
  "niterations": 5102, 
  "Z_computed_err": 0.49962198359318144, 
  "Z_computed": -0.060751096978978375, 
  "neval": 12677
}