{
  "duration": 9.05499005317688, 
  "niterations": 5039, 
  "Z_computed_err": 0.49964204753595154, 
  "Z_computed": 0.01457141695423671, 
  "neval": 13004
}