{
  "duration": 8.996870040893555, 
  "niterations": 4940, 
  "Z_computed_err": 0.4999409016998104, 
  "Z_computed": 0.08982482506431862, 
  "neval": 12802
}