{
  "duration": 8.778841018676758, 
  "niterations": 5051, 
  "Z_computed_err": 0.4997154086885879, 
  "Z_computed": -0.011582662248593925, 
  "neval": 12659
}