{
  "duration": 9.334115982055664, 
  "niterations": 5038, 
  "Z_computed_err": 0.4997909722829473, 
  "Z_computed": -0.0015440296206802983, 
  "neval": 12814
}