{
  "duration": 8.9181969165802, 
  "niterations": 5095, 
  "Z_computed_err": 0.4997646990703193, 
  "Z_computed": -0.05254979294711016, 
  "neval": 12705
}