{
  "duration": 8.458493947982788, 
  "niterations": 5060, 
  "Z_computed_err": 0.499897103486024, 
  "Z_computed": -0.015113799496829443, 
  "neval": 12889
}