{
  "duration": 10.196084976196289, 
  "niterations": 5068, 
  "Z_computed_err": 0.4998958117804124, 
  "Z_computed": -0.028368739315465817, 
  "neval": 12945
}