{
  "neval": 1587, 
  "Z_computed_err": 0.04113158679293835, 
  "Z_computed": 0.6346460971879788
}