{
  "neval": 1795, 
  "Z_computed_err": 0.04503960318519448, 
  "Z_computed": 0.7976832087508757
}