{
  "neval": 1546, 
  "Z_computed_err": 0.04278164657969619, 
  "Z_computed": 0.6300546072962232
}