{
  "neval": 1807, 
  "Z_computed_err": 0.04519625500549144, 
  "Z_computed": 0.7517312262178593
}