{
  "neval": 1718, 
  "Z_computed_err": 0.043653495241004155, 
  "Z_computed": 0.7404192057015854
}