{
  "neval": 1747, 
  "Z_computed_err": 0.04516124138940122, 
  "Z_computed": 0.7696211441715921
}