{
  "neval": 1820, 
  "Z_computed_err": 0.041799652253647256, 
  "Z_computed": 0.662810485459494
}