{
  "neval": 1544, 
  "Z_computed_err": 0.04639987417625772, 
  "Z_computed": 0.6321932260270403
}