{
  "neval": 1482, 
  "Z_computed_err": 0.04558994875352851, 
  "Z_computed": 0.6964424228540043
}