{
  "neval": 1779, 
  "Z_computed_err": 0.04220261944355001, 
  "Z_computed": 0.727591298050869
}