{
  "duration": 12.99522089958191, 
  "niterations": 6869, 
  "Z_computed_err": 0.49966340050660185, 
  "Z_computed": -5.876045982750473, 
  "neval": 17520
}