{
  "duration": 22.40903615951538, 
  "niterations": 6810, 
  "Z_computed_err": 0.499864430927797, 
  "Z_computed": -5.8117612743955265, 
  "neval": 22685
}