{
  "duration": 15.452863931655884, 
  "niterations": 6838, 
  "Z_computed_err": 0.49994349279596006, 
  "Z_computed": -5.8444403241003124, 
  "neval": 20224
}