{
  "duration": 13.317364931106567, 
  "niterations": 6717, 
  "Z_computed_err": 0.49980243312632916, 
  "Z_computed": -5.723371670617368, 
  "neval": 18710
}