{
  "duration": 19.298487186431885, 
  "niterations": 6948, 
  "Z_computed_err": 0.4996730838443141, 
  "Z_computed": -5.9502984543711355, 
  "neval": 22009
}