{
  "duration": 12.854149103164673, 
  "niterations": 6746, 
  "Z_computed_err": 0.4997850110631848, 
  "Z_computed": -5.750572384290467, 
  "neval": 16690
}