{
  "duration": 15.247852802276611, 
  "niterations": 6876, 
  "Z_computed_err": 0.4995653905302512, 
  "Z_computed": -5.883876371269562, 
  "neval": 18909
}