{
  "duration": 16.829596996307373, 
  "niterations": 6841, 
  "Z_computed_err": 0.4998203385752713, 
  "Z_computed": -5.842859663618124, 
  "neval": 19813
}