{
  "duration": 16.081791877746582, 
  "niterations": 6788, 
  "Z_computed_err": 0.4998727862993449, 
  "Z_computed": -5.793161585353567, 
  "neval": 19055
}