{
  "duration": 14.438585042953491, 
  "niterations": 6772, 
  "Z_computed_err": 0.4996467299358062, 
  "Z_computed": -5.781664824164302, 
  "neval": 18007
}