{
  "neval": 15796, 
  "Z_computed_err": 0.012675111140859714, 
  "Z_computed": 0.9514910865072299
}