{
  "neval": 16507, 
  "Z_computed_err": 0.012575917850133452, 
  "Z_computed": 0.8323779871079517
}