{
  "neval": 15450, 
  "Z_computed_err": 0.012924854829343193, 
  "Z_computed": 0.9425462463380652
}