{
  "neval": 15476, 
  "Z_computed_err": 0.013070884653555107, 
  "Z_computed": 0.974601660259327
}