{
  "neval": 15327, 
  "Z_computed_err": 0.012542474664689782, 
  "Z_computed": 0.9415355316596672
}