{
  "neval": 16296, 
  "Z_computed_err": 0.012334938367566136, 
  "Z_computed": 0.9040174230626835
}