{
  "neval": 16241, 
  "Z_computed_err": 0.012747813666207372, 
  "Z_computed": 0.8872163797180488
}