{
  "neval": 15491, 
  "Z_computed_err": 0.012442760831332066, 
  "Z_computed": 0.8322631913795933
}