{
  "neval": 14569, 
  "Z_computed_err": 0.012119189981636169, 
  "Z_computed": 0.8529841232061453
}