{
  "neval": 15686, 
  "Z_computed_err": 0.012642565300376279, 
  "Z_computed": 0.9464047036930334
}