{
  "duration": 12.320258855819702, 
  "niterations": 2734, 
  "Z_computed_err": 0.4997933111722723, 
  "Z_computed": -5.755230248127804, 
  "neval": 18955
}