{
  "duration": 7.518959999084473, 
  "niterations": 2731, 
  "Z_computed_err": 0.4995223156417402, 
  "Z_computed": -5.753057167391033, 
  "neval": 14540
}