{
  "duration": 12.713879108428955, 
  "niterations": 2761, 
  "Z_computed_err": 0.49918474146639247, 
  "Z_computed": -5.812065658021466, 
  "neval": 19167
}