{
  "duration": 6.870177984237671, 
  "niterations": 2734, 
  "Z_computed_err": 0.49907691928336934, 
  "Z_computed": -5.755291702633257, 
  "neval": 17418
}