{
  "duration": 8.684046983718872, 
  "niterations": 2706, 
  "Z_computed_err": 0.499639697132356, 
  "Z_computed": -5.6808931779125755, 
  "neval": 15260
}