{
  "duration": 7.543889999389648, 
  "niterations": 2739, 
  "Z_computed_err": 0.499572582298063, 
  "Z_computed": -5.76743164968075, 
  "neval": 15990
}