{
  "duration": 12.609780073165894, 
  "niterations": 2817, 
  "Z_computed_err": 0.4998317835985182, 
  "Z_computed": -5.952328537354569, 
  "neval": 21333
}