{
  "duration": 9.285705089569092, 
  "niterations": 2746, 
  "Z_computed_err": 0.4996007797388834, 
  "Z_computed": -5.783623122510564, 
  "neval": 17213
}