{
  "duration": 0.10879898071289062, 
  "failed": false, 
  "Z_computed_err": 1.630950500675077e-05, 
  "Z_computed": -0.9925586791014062, 
  "neval": 1000
}