{
  "duration": 0.1685938835144043, 
  "failed": false, 
  "Z_computed_err": 1.514487460174685e-05, 
  "Z_computed": -0.9926004141416883, 
  "neval": 1000
}