{
  "duration": 0.1592731475830078, 
  "failed": false, 
  "Z_computed_err": 1.652012453445817e-05, 
  "Z_computed": -0.9925729529573007, 
  "neval": 1000
}