{
  "duration": 0.16647005081176758, 
  "failed": false, 
  "Z_computed_err": 1.5266754425202755e-05, 
  "Z_computed": -0.9926141616447307, 
  "neval": 1000
}