{
  "duration": 0.11744308471679688, 
  "failed": false, 
  "Z_computed_err": 1.550961496643577e-05, 
  "Z_computed": -0.9925909910873945, 
  "neval": 1000
}