{
  "failed": false, 
  "Z_computed_err": 0.40545436149931113, 
  "Z_computed": -5.812231927557341, 
  "neval": 9165
}