{
  "failed": false, 
  "Z_computed_err": 0.31433595093915656, 
  "Z_computed": -5.432904679614093, 
  "neval": 1000
}