{
  "failed": false, 
  "Z_computed_err": 0.25985811946357185, 
  "Z_computed": -6.111174937226488, 
  "neval": 2500
}