{
  "failed": false, 
  "Z_computed_err": 0.2999002889072129, 
  "Z_computed": -5.417347512771695, 
  "neval": 1000
}