{
  "failed": false, 
  "Z_computed_err": 0.31609816368132027, 
  "Z_computed": -5.7555781911035835, 
  "neval": 1000
}