{
  "duration": 0.3914361000061035, 
  "neval": 2108, 
  "Z_computed_err": 0.3198761785668597, 
  "Z_computed": 5.16555313309119
}