{
  "duration": 0.22388386726379395, 
  "neval": 1447, 
  "Z_computed_err": 0.1310513540783798, 
  "Z_computed": 0.09828934469826967
}