{
  "duration": 0.1904311180114746, 
  "neval": 1253, 
  "Z_computed_err": 0.1304201896232677, 
  "Z_computed": 0.0718388510988891
}