{
  "duration": 0.23830294609069824, 
  "neval": 1223, 
  "Z_computed_err": 0.13789623551063956, 
  "Z_computed": -0.1162283989611051
}