{
  "duration": 0.46240711212158203, 
  "neval": 2337, 
  "Z_computed_err": 0.3285268333651859, 
  "Z_computed": 4.626960923831296
}