{
  "duration": 0.25542116165161133, 
  "neval": 1238, 
  "Z_computed_err": 0.13005655951870063, 
  "Z_computed": 0.09777454679629591
}