{
  "duration": 0.3095109462738037, 
  "neval": 1106, 
  "Z_computed_err": 0.13543383813287901, 
  "Z_computed": -0.06892815987836955
}