{
  "duration": 0.38459181785583496, 
  "neval": 1225, 
  "Z_computed_err": 0.13804705485014623, 
  "Z_computed": -0.07316980259735233
}