{
  "duration": 0.4280240535736084, 
  "neval": 1310, 
  "Z_computed_err": 0.12482936128088047, 
  "Z_computed": 0.24988893638504742
}