{
  "duration": 10.079551935195923, 
  "niterations": 5728, 
  "Z_computed_err": 0.4999812496890663, 
  "Z_computed": 0.03635502072832054, 
  "neval": 12939
}