{
  "duration": 9.55562686920166, 
  "niterations": 5779, 
  "Z_computed_err": 0.4999208326887033, 
  "Z_computed": -0.019407320966913617, 
  "neval": 12731
}