{
  "duration": 10.114739179611206, 
  "niterations": 5836, 
  "Z_computed_err": 0.49953888352817444, 
  "Z_computed": -0.07106676775405336, 
  "neval": 13175
}