{
  "duration": 9.78279185295105, 
  "niterations": 5776, 
  "Z_computed_err": 0.49988009291130275, 
  "Z_computed": -0.012579660766479704, 
  "neval": 12739
}