{
  "duration": 10.479887962341309, 
  "niterations": 5725, 
  "Z_computed_err": 0.49966918235359314, 
  "Z_computed": 0.03485612953289849, 
  "neval": 12696
}