{
  "duration": 4.295127868652344, 
  "neval": 2922, 
  "Z_computed_err": 9.027823679626753e-06, 
  "Z_computed": -0.9926119598905607
}