{
  "duration": 4.608699083328247, 
  "neval": 3006, 
  "Z_computed_err": 9.17125833973582e-06, 
  "Z_computed": -0.9925963075056156
}