{
  "duration": 4.603083848953247, 
  "neval": 3047, 
  "Z_computed_err": 9.243179336948327e-06, 
  "Z_computed": -0.9925816394197206
}