{
  "duration": 4.386945009231567, 
  "neval": 3007, 
  "Z_computed_err": 8.865572823709894e-06, 
  "Z_computed": -0.9926006205854842
}