{
  "duration": 4.407364130020142, 
  "neval": 3034, 
  "Z_computed_err": 8.86981817482595e-06, 
  "Z_computed": -0.992597966826246
}