{
  "duration": 4.793208122253418, 
  "neval": 3074, 
  "Z_computed_err": 8.831931449000585e-06, 
  "Z_computed": -0.992592087773407
}