{
  "duration": 4.188844919204712, 
  "neval": 3009, 
  "Z_computed_err": 8.861287454394264e-06, 
  "Z_computed": -0.9925983106654666
}