{
  "duration": 3.9830920696258545, 
  "neval": 2929, 
  "Z_computed_err": 9.134990327094613e-06, 
  "Z_computed": -0.9926031900521423
}