{
  "duration": 3.9711129665374756, 
  "neval": 3049, 
  "Z_computed_err": 8.952101639170625e-06, 
  "Z_computed": -0.9926086521353962
}