{
  "duration": 5.6016411781311035, 
  "neval": 3077, 
  "Z_computed_err": 8.995304788317017e-06, 
  "Z_computed": -0.9925853226601825
}