{
  "failed": false, 
  "Z_computed_err": 0.04281950820743888, 
  "Z_computed": -0.05139649308848139, 
  "neval": 1000
}