{
  "failed": false, 
  "Z_computed_err": 0.04220407293041768, 
  "Z_computed": -0.04248165283045426, 
  "neval": 1000
}