{
  "failed": false, 
  "Z_computed_err": 0.04161097498985558, 
  "Z_computed": 0.021632153609453645, 
  "neval": 1000
}