{
  "failed": false, 
  "Z_computed_err": 0.04171522522794593, 
  "Z_computed": -0.009279489593219364, 
  "neval": 1000
}