{
  "failed": false, 
  "Z_computed_err": 0.04132292223087215, 
  "Z_computed": 0.009060297173605207, 
  "neval": 1000
}