{
  "duration": 0.43056797981262207, 
  "failed": false, 
  "Z_computed_err": 0.4025335424665326, 
  "Z_computed": -4.0294262979142905, 
  "neval": 4615
}