{
  "duration": 209.3723108768463, 
  "niterations": 6954, 
  "Z_computed_err": 0.49982072458735527, 
  "Z_computed": -12.180366650525736, 
  "neval": 641018
}