{
  "duration": 211.01485013961792, 
  "niterations": 6967, 
  "Z_computed_err": 0.4992681132144472, 
  "Z_computed": -12.209767329342057, 
  "neval": 629901
}