{
  "duration": 198.49460101127625, 
  "niterations": 6954, 
  "Z_computed_err": 0.49954360401181885, 
  "Z_computed": -12.179511937351199, 
  "neval": 606336
}