{
  "duration": 232.90252709388733, 
  "niterations": 6971, 
  "Z_computed_err": 0.49918800019017, 
  "Z_computed": -12.218950149094505, 
  "neval": 661765
}