{
  "duration": 209.8588581085205, 
  "niterations": 6869, 
  "Z_computed_err": 0.49973075584545984, 
  "Z_computed": -11.96910348360427, 
  "neval": 594764
}