{
  "duration": 221.03319215774536, 
  "niterations": 6900, 
  "Z_computed_err": 0.4993141288175731, 
  "Z_computed": -12.046452230238566, 
  "neval": 645463
}