{
  "duration": 16.86366319656372, 
  "niterations": 8237, 
  "Z_computed_err": 0.4995774975037962, 
  "Z_computed": 235.775380527293, 
  "neval": 23451
}