{
  "duration": 16.139956951141357, 
  "niterations": 8143, 
  "Z_computed_err": 0.4998463989921908, 
  "Z_computed": 235.87008694078054, 
  "neval": 24017
}