{
  "duration": 15.132114887237549, 
  "niterations": 8283, 
  "Z_computed_err": 0.499983075680448, 
  "Z_computed": 235.7273691094533, 
  "neval": 22465
}