{
  "duration": 15.400416135787964, 
  "niterations": 8230, 
  "Z_computed_err": 0.49999550395097025, 
  "Z_computed": 235.77652766557242, 
  "neval": 22435
}