{
  "duration": 16.098047971725464, 
  "niterations": 8265, 
  "Z_computed_err": 0.49956361810770133, 
  "Z_computed": 235.74601523302198, 
  "neval": 24129
}