{
  "duration": 16.79022216796875, 
  "niterations": 8188, 
  "Z_computed_err": 0.4997004884917851, 
  "Z_computed": 235.8229357898594, 
  "neval": 23908
}