{
  "duration": 16.76528286933899, 
  "niterations": 8204, 
  "Z_computed_err": 0.4998075811818252, 
  "Z_computed": 235.81062906236394, 
  "neval": 23129
}