{
  "duration": 16.23358702659607, 
  "niterations": 8219, 
  "Z_computed_err": 0.4997274247354248, 
  "Z_computed": 235.79204655061847, 
  "neval": 23550
}