{
  "duration": 17.2953360080719, 
  "niterations": 8137, 
  "Z_computed_err": 0.4999406912712109, 
  "Z_computed": 235.87104219284242, 
  "neval": 23580
}