{
  "duration": 15.369168996810913, 
  "niterations": 8045, 
  "Z_computed_err": 0.4997510583676723, 
  "Z_computed": 235.96444937058715, 
  "neval": 21818
}