{
  "duration": 305.7875370979309, 
  "niterations": 17147, 
  "Z_computed_err": 0.499850442610717, 
  "Z_computed": -12.124425453153192, 
  "neval": 432787
}