{
  "duration": 298.928181886673, 
  "niterations": 17139, 
  "Z_computed_err": 0.49993906965249096, 
  "Z_computed": -12.118385327399249, 
  "neval": 413200
}