{
  "duration": 284.79682993888855, 
  "niterations": 17190, 
  "Z_computed_err": 0.49958264258028834, 
  "Z_computed": -12.166300506431549, 
  "neval": 413271
}