{
  "duration": 317.8281180858612, 
  "niterations": 17269, 
  "Z_computed_err": 0.4998257916504715, 
  "Z_computed": -12.247986942394054, 
  "neval": 440920
}