{
  "duration": 284.2095251083374, 
  "niterations": 17169, 
  "Z_computed_err": 0.4995713598146123, 
  "Z_computed": -12.14712244319618, 
  "neval": 407273
}