{
  "duration": 350.4441611766815, 
  "niterations": 17281, 
  "Z_computed_err": 0.49972595603463854, 
  "Z_computed": -12.2590615876172, 
  "neval": 418718
}