{
  "duration": 349.6776599884033, 
  "niterations": 16929, 
  "Z_computed_err": 0.499872716719016, 
  "Z_computed": -11.90972667038911, 
  "neval": 398342
}