{
  "duration": 319.1093330383301, 
  "niterations": 17281, 
  "Z_computed_err": 0.49957089952459244, 
  "Z_computed": -12.257867254167186, 
  "neval": 395934
}