{
  "duration": 322.40032291412354, 
  "niterations": 17273, 
  "Z_computed_err": 0.49964410879043386, 
  "Z_computed": -12.251107658631682, 
  "neval": 397673
}