{
  "duration": 354.380646944046, 
  "niterations": 17211, 
  "Z_computed_err": 0.4996938784802323, 
  "Z_computed": -12.188917458895062, 
  "neval": 401438
}