{
  "duration": 5.385919809341431, 
  "neval": 5140, 
  "Z_computed_err": 0.03481907254004556, 
  "Z_computed": -4.234004831067199
}