{
  "duration": 5.722259998321533, 
  "neval": 4854, 
  "Z_computed_err": 0.03377018296283179, 
  "Z_computed": -4.277354346667709
}