{
  "duration": 5.595953941345215, 
  "neval": 4911, 
  "Z_computed_err": 0.0343388940043565, 
  "Z_computed": -4.24172464955167
}