{
  "duration": 6.319700002670288, 
  "neval": 5081, 
  "Z_computed_err": 0.025845828848919585, 
  "Z_computed": -4.247793207651284
}