{
  "duration": 5.294255971908569, 
  "neval": 4858, 
  "Z_computed_err": 0.03336087624964983, 
  "Z_computed": -4.270872911384465
}