{
  "duration": 5.192522048950195, 
  "neval": 4941, 
  "Z_computed_err": 0.030662613578989528, 
  "Z_computed": -4.277752587137141
}