{
  "duration": 6.002156972885132, 
  "neval": 5362, 
  "Z_computed_err": 0.04509022487836094, 
  "Z_computed": -4.436942061060298
}