{
  "duration": 5.362926959991455, 
  "neval": 4910, 
  "Z_computed_err": 0.02964607652046536, 
  "Z_computed": -4.333838037959652
}