{
  "duration": 6.934839963912964, 
  "neval": 4832, 
  "Z_computed_err": 0.031105780019455218, 
  "Z_computed": -4.376899043077964
}