{
  "duration": 4.138444900512695, 
  "neval": 5178, 
  "Z_computed_err": 0.03889887256589299, 
  "Z_computed": -4.351341948735269
}