{
  "duration": 0.13031291961669922, 
  "failed": false, 
  "Z_computed_err": 0.03268709783781271, 
  "Z_computed": 2.5778026786750877e-05, 
  "neval": 975
}