{
  "duration": 1.3507800102233887, 
  "failed": false, 
  "Z_computed_err": 0.008822237643459838, 
  "Z_computed": -1.1756591740754055e-05, 
  "neval": 2992
}