{
  "duration": 0.8892312049865723, 
  "failed": false, 
  "Z_computed_err": 0.008822237643459838, 
  "Z_computed": -1.1756591740754055e-05, 
  "neval": 2992
}