{
  "duration": 0.9974679946899414, 
  "failed": false, 
  "Z_computed_err": 0.11215325723077685, 
  "Z_computed": -3.7242541114765904, 
  "neval": 1000
}