{
  "duration": 0.880817174911499, 
  "failed": false, 
  "Z_computed_err": 0.106439037180309, 
  "Z_computed": -3.6931267295135317, 
  "neval": 1000
}