{
  "duration": 0.9256200790405273, 
  "failed": false, 
  "Z_computed_err": 0.10826493816093885, 
  "Z_computed": -3.7920434097992888, 
  "neval": 1000
}