{
  "duration": 0.8346428871154785, 
  "failed": false, 
  "Z_computed_err": 0.11571017483756751, 
  "Z_computed": -3.9508035543525963, 
  "neval": 1000
}