{
  "duration": 0.7829201221466064, 
  "failed": false, 
  "Z_computed_err": 0.11207712390984614, 
  "Z_computed": -3.794283757782264, 
  "neval": 1000
}