{
  "duration": 5.751223087310791, 
  "neval": 16631, 
  "Z_computed_err": 0.05136546697507437, 
  "Z_computed": 0.05434713642668344
}