{
  "neval": 15588, 
  "Z_computed_err": 0.052133080323403996, 
  "Z_computed": -0.04585284805054251
}