{
  "neval": 15991, 
  "Z_computed_err": 0.051158361178950874, 
  "Z_computed": 0.038200023789737296
}