{
  "neval": 15523, 
  "Z_computed_err": 0.05148800509985969, 
  "Z_computed": 0.014415094186066478
}