{
  "neval": 15359, 
  "Z_computed_err": 0.05213175981366866, 
  "Z_computed": -0.033184893964844434
}