{
  "neval": 14980, 
  "Z_computed_err": 0.05185794698247097, 
  "Z_computed": -0.07297438835041649
}