{
  "neval": 16159, 
  "Z_computed_err": 0.051233858029615345, 
  "Z_computed": 0.027980836818668007
}