{
  "neval": 14889, 
  "Z_computed_err": 0.052375300294626656, 
  "Z_computed": -0.08294215890959646
}