{
  "neval": 15665, 
  "Z_computed_err": 0.05158707516798833, 
  "Z_computed": -0.020455019497688378
}