{
  "neval": 15416, 
  "Z_computed_err": 0.05188291935651191, 
  "Z_computed": -0.042497874795782195
}