{
  "duration": 10.742281913757324, 
  "niterations": 4912, 
  "Z_computed_err": 0.49963061460599273, 
  "Z_computed": -4.603463321144857, 
  "neval": 12386
}