{
  "duration": 11.95243501663208, 
  "niterations": 4885, 
  "Z_computed_err": 0.4998353469765531, 
  "Z_computed": -4.57626107484786, 
  "neval": 12192
}