{
  "duration": 12.305572986602783, 
  "niterations": 4875, 
  "Z_computed_err": 0.4995930543781869, 
  "Z_computed": -4.566034451429363, 
  "neval": 13035
}