{
  "duration": 12.33086609840393, 
  "niterations": 4873, 
  "Z_computed_err": 0.4995234236279088, 
  "Z_computed": -4.566810979386962, 
  "neval": 12375
}