{
  "duration": 10.233942031860352, 
  "niterations": 5041, 
  "Z_computed_err": 0.4996452309349093, 
  "Z_computed": -4.730034329147112, 
  "neval": 12410
}