{
  "duration": 11.784449815750122, 
  "niterations": 4864, 
  "Z_computed_err": 0.49951968813525827, 
  "Z_computed": -4.557305041816365, 
  "neval": 12346
}