{
  "duration": 12.00274109840393, 
  "niterations": 5042, 
  "Z_computed_err": 0.4996555926211908, 
  "Z_computed": -4.73276302184824, 
  "neval": 12856
}