{
  "duration": 11.615816116333008, 
  "niterations": 4940, 
  "Z_computed_err": 0.49986190068843006, 
  "Z_computed": -4.6314769556001965, 
  "neval": 12189
}