{
  "duration": 11.239151954650879, 
  "niterations": 4875, 
  "Z_computed_err": 0.49982088159798926, 
  "Z_computed": -4.568430128283358, 
  "neval": 11882
}