{
  "duration": 12.339595079421997, 
  "niterations": 4811, 
  "Z_computed_err": 0.4997051852929762, 
  "Z_computed": -4.50344701154225, 
  "neval": 13024
}