{
  "duration": 1.1916649341583252, 
  "niterations": 944, 
  "Z_computed_err": 0.4997012629175593, 
  "Z_computed": 0.03237787815758918, 
  "neval": 2022
}