{
  "duration": 1.4979310035705566, 
  "niterations": 980, 
  "Z_computed_err": 0.49869509731088446, 
  "Z_computed": -0.055434547382163184, 
  "neval": 2043
}