{
  "duration": 1.7953431606292725, 
  "niterations": 949, 
  "Z_computed_err": 0.49867685432755626, 
  "Z_computed": 0.018266050662066588, 
  "neval": 2011
}