{
  "duration": 1.6687870025634766, 
  "niterations": 935, 
  "Z_computed_err": 0.4995504480680401, 
  "Z_computed": 0.04852595960760788, 
  "neval": 1935
}