{
  "duration": 1.8338470458984375, 
  "niterations": 963, 
  "Z_computed_err": 0.4989102691189175, 
  "Z_computed": -0.01724680113533003, 
  "neval": 1979
}