{
  "duration": 1.6761250495910645, 
  "niterations": 953, 
  "Z_computed_err": 0.4995022094698285, 
  "Z_computed": 0.006180228922966282, 
  "neval": 1965
}