{
  "duration": 1.4547619819641113, 
  "niterations": 928, 
  "Z_computed_err": 0.49978600003700774, 
  "Z_computed": 0.06674597293045051, 
  "neval": 1905
}