{
  "neval": 1602, 
  "Z_computed_err": 0.1672297989536788, 
  "Z_computed": -0.27240989646658
}