{
  "neval": 1493, 
  "Z_computed_err": 0.16564610041568253, 
  "Z_computed": -0.16258450401494953
}