{
  "neval": 1454, 
  "Z_computed_err": 0.16591142603616416, 
  "Z_computed": -0.29653256582346654
}