{
  "neval": 1681, 
  "Z_computed_err": 0.16855347733170997, 
  "Z_computed": -0.12082865147508123
}