{
  "neval": 1511, 
  "Z_computed_err": 0.16906596703581317, 
  "Z_computed": -0.28908387925100887
}