{
  "neval": 1760, 
  "Z_computed_err": 0.16367854275517907, 
  "Z_computed": 0.07596165387306676
}