{
  "neval": 1697, 
  "Z_computed_err": 0.1567853045757673, 
  "Z_computed": 0.20166728109081383
}