{
  "neval": 1705, 
  "Z_computed_err": 0.1593560356954939, 
  "Z_computed": 0.16507907322286686
}