{
  "neval": 2076, 
  "Z_computed_err": 0.164497391567976, 
  "Z_computed": 0.010117629363491748
}