{
  "neval": 22187, 
  "Z_computed_err": 0.4197393246221888, 
  "Z_computed": -0.00742081561594033
}