{
  "neval": 21132, 
  "Z_computed_err": 0.44537793033250817, 
  "Z_computed": -0.06569048996456908
}