{
  "neval": 20927, 
  "Z_computed_err": 0.42358445339002276, 
  "Z_computed": -0.024825892554130237
}