{
  "neval": 23669, 
  "Z_computed_err": 0.36385272597459445, 
  "Z_computed": 0.11545384265820421
}