{
  "neval": 26297, 
  "Z_computed_err": 0.3710105228862331, 
  "Z_computed": 0.10816778391999701
}