{
  "neval": 24346, 
  "Z_computed_err": 0.3894879830221257, 
  "Z_computed": 0.05822700777254318
}