{
  "neval": 21648, 
  "Z_computed_err": 0.4206133276132975, 
  "Z_computed": -0.02963414074783458
}