{
  "neval": 22247, 
  "Z_computed_err": 0.41607065029092993, 
  "Z_computed": 0.0055270252914544704
}