{
  "neval": 25046, 
  "Z_computed_err": 0.3628773978806036, 
  "Z_computed": 0.12649300101380184
}