{
  "neval": 25956, 
  "Z_computed_err": 0.33627498352708424, 
  "Z_computed": 0.1996095695254329
}