{
  "duration": 125.37123990058899, 
  "niterations": 14188, 
  "Z_computed_err": 0.49995629010336406, 
  "Z_computed": -0.021668635757429524, 
  "neval": 609480
}