{
  "duration": 331.29907512664795, 
  "niterations": 13934, 
  "Z_computed_err": 0.4999765758547746, 
  "Z_computed": 0.017756746527562175, 
  "neval": 581793
}