{
  "duration": 329.05673003196716, 
  "niterations": 14199, 
  "Z_computed_err": 0.4999110263347941, 
  "Z_computed": -0.009863777028358719, 
  "neval": 575287
}