{
  "duration": 367.4262158870697, 
  "niterations": 13965, 
  "Z_computed_err": 0.4999285654653198, 
  "Z_computed": 0.08387849767890478, 
  "neval": 631861
}