{
  "duration": 366.2747278213501, 
  "niterations": 14236, 
  "Z_computed_err": 0.49981150388831996, 
  "Z_computed": 0.05788579567536268, 
  "neval": 615377
}