{
  "neval": 9216, 
  "Z_computed_err": 0.09175936354399723, 
  "Z_computed": 0.3312691619392003
}