{
  "neval": 9704, 
  "Z_computed_err": 0.09164575955751283, 
  "Z_computed": 0.3077734951195744
}