{
  "neval": 9529, 
  "Z_computed_err": 0.09111569902455458, 
  "Z_computed": 0.36907130296978535
}