{
  "neval": 9615, 
  "Z_computed_err": 0.09090057677146758, 
  "Z_computed": 0.3405624588924329
}