{
  "neval": 8507, 
  "Z_computed_err": 0.09337464941763443, 
  "Z_computed": 0.18232838653694433
}