{
  "neval": 8886, 
  "Z_computed_err": 0.09184703414107882, 
  "Z_computed": 0.2594140736240857
}