{
  "duration": 0.28580188751220703, 
  "neval": 1236, 
  "Z_computed_err": 0.1352395853820466, 
  "Z_computed": -0.09402861611069042
}