{
  "duration": 0.2573871612548828, 
  "neval": 1253, 
  "Z_computed_err": 0.1304201895864882, 
  "Z_computed": 0.07183885005261836
}