{
  "duration": 0.3063070774078369, 
  "neval": 1327, 
  "Z_computed_err": 0.12830494842743514, 
  "Z_computed": 0.03772286176013644
}