{
  "duration": 0.27668190002441406, 
  "neval": 1223, 
  "Z_computed_err": 0.1378962355106395, 
  "Z_computed": -0.11622839896110643
}