{
  "duration": 0.3546290397644043, 
  "neval": 1422, 
  "Z_computed_err": 0.137702805788087, 
  "Z_computed": -0.1890737803558801
}