{
  "duration": 0.3141639232635498, 
  "neval": 1238, 
  "Z_computed_err": 0.130051182500401, 
  "Z_computed": 0.09761578368001325
}