{
  "duration": 0.23072409629821777, 
  "neval": 1106, 
  "Z_computed_err": 0.13543379954321821, 
  "Z_computed": -0.06892929063425463
}