{
  "duration": 0.2537360191345215, 
  "neval": 1225, 
  "Z_computed_err": 0.1380386738568372, 
  "Z_computed": -0.07343027442407707
}