{
  "duration": 0.39649295806884766, 
  "neval": 1310, 
  "Z_computed_err": 0.12482936128074253, 
  "Z_computed": 0.24988893638100035
}