{
  "failed": true, 
  "Z_computed_err": 0.5147174971293205, 
  "Z_computed": 0.04060234712870192, 
  "neval": 2003245
}