{
  "duration": 4.160844087600708, 
  "niterations": 1380, 
  "Z_computed_err": 0.498885889196001, 
  "Z_computed": 0.0703122771309585, 
  "neval": 12892
}