{
  "duration": 4.350953102111816, 
  "niterations": 1431, 
  "Z_computed_err": 0.4987891578031566, 
  "Z_computed": -0.05167301994551943, 
  "neval": 13460
}