{
  "duration": 4.085141897201538, 
  "niterations": 1378, 
  "Z_computed_err": 0.49927891364376875, 
  "Z_computed": 0.07652474439503212, 
  "neval": 14035
}