{
  "duration": 4.089655160903931, 
  "niterations": 1433, 
  "Z_computed_err": 0.49980975159219504, 
  "Z_computed": -0.05635957809112171, 
  "neval": 14161
}