{
  "duration": 3.785146951675415, 
  "niterations": 1359, 
  "Z_computed_err": 0.499829365529728, 
  "Z_computed": 0.12219974787911064, 
  "neval": 13266
}