{
  "duration": 4.572644948959351, 
  "niterations": 1428, 
  "Z_computed_err": 0.4991777600694383, 
  "Z_computed": -0.04482974177087065, 
  "neval": 13512
}