{
  "duration": 5.0760719776153564, 
  "niterations": 1401, 
  "Z_computed_err": 0.4999919698843593, 
  "Z_computed": 0.018680773871649542, 
  "neval": 13238
}