{
  "duration": 4.271945953369141, 
  "niterations": 1422, 
  "Z_computed_err": 0.49958225078663326, 
  "Z_computed": -0.03220221034479814, 
  "neval": 13907
}