{
  "duration": 4.235707998275757, 
  "niterations": 1408, 
  "Z_computed_err": 0.4991401137697981, 
  "Z_computed": 0.0055767358508751076, 
  "neval": 14574
}