{
  "duration": 4.882899045944214, 
  "niterations": 1440, 
  "Z_computed_err": 0.499155525968403, 
  "Z_computed": -0.07501694852349924, 
  "neval": 13888
}