{
  "neval": 27237, 
  "Z_computed_err": 0.07799047201902388, 
  "Z_computed": 235.95498861033883
}