{
  "neval": 26946, 
  "Z_computed_err": 0.0782200590569985, 
  "Z_computed": 235.88411534219406
}