{
  "neval": 25155, 
  "Z_computed_err": 0.07877886103266157, 
  "Z_computed": 235.76963294320018
}