{
  "neval": 25365, 
  "Z_computed_err": 0.07847614010357398, 
  "Z_computed": 235.86746050042646
}