{
  "neval": 24533, 
  "Z_computed_err": 0.07857397669465915, 
  "Z_computed": 235.85728189354313
}