{
  "neval": 28269, 
  "Z_computed_err": 0.07741436168980084, 
  "Z_computed": 236.0584522552464
}