{
  "neval": 27248, 
  "Z_computed_err": 0.07759774055049294, 
  "Z_computed": 235.99970882453565
}