{
  "neval": 27566, 
  "Z_computed_err": 0.07777217703266717, 
  "Z_computed": 235.95415348235576
}