{
  "neval": 25521, 
  "Z_computed_err": 0.07847890256687327, 
  "Z_computed": 235.83259758139187
}