{
  "neval": 25912, 
  "Z_computed_err": 0.07833978747629021, 
  "Z_computed": 235.90359541784014
}