{
  "failed": false, 
  "Z_computed_err": 0.40162643033508516, 
  "Z_computed": 235.46718284259597, 
  "neval": 15535
}