{
  "neval": 297320, 
  "Z_computed_err": 0.46829555616801244, 
  "Z_computed": 235.82029895814
}