{
  "neval": 387727, 
  "Z_computed_err": 0.4316814367243686, 
  "Z_computed": 235.9808916459559
}