{
  "neval": 397393, 
  "Z_computed_err": 0.38674401189753005, 
  "Z_computed": 236.16524701034143
}