{
  "neval": 309326, 
  "Z_computed_err": 0.4500140420116906, 
  "Z_computed": 235.88433415934844
}