{
  "neval": 432381, 
  "Z_computed_err": 0.4998761495356373, 
  "Z_computed": 235.5098060754517
}