{
  "neval": 351258, 
  "Z_computed_err": 0.427057791982653, 
  "Z_computed": 235.99557631551951
}