{
  "neval": 391153, 
  "Z_computed_err": 0.4993798622720794, 
  "Z_computed": 235.6020273788529
}