{
  "neval": 292374, 
  "Z_computed_err": 0.4635922574290277, 
  "Z_computed": 235.8351968428734
}