{
  "neval": 346031, 
  "Z_computed_err": 0.4994752938061776, 
  "Z_computed": 235.65648518519413
}