{
  "neval": 529630, 
  "Z_computed_err": 0.3583540224544056, 
  "Z_computed": 235.46326677264233
}