{
  "duration": 223.06332397460938, 
  "niterations": 9823, 
  "Z_computed_err": 0.49967988619787085, 
  "Z_computed": -23.756059969899333, 
  "neval": 485388
}