{
  "duration": 219.79939198493958, 
  "niterations": 9539, 
  "Z_computed_err": 0.49975695948769494, 
  "Z_computed": -23.5535231891275, 
  "neval": 444441
}