{
  "duration": 221.56270790100098, 
  "niterations": 9869, 
  "Z_computed_err": 0.49952495851085876, 
  "Z_computed": -24.03958320184071, 
  "neval": 486968
}