{
  "duration": 219.87783789634705, 
  "niterations": 9842, 
  "Z_computed_err": 0.49990714271393477, 
  "Z_computed": -23.884868744979016, 
  "neval": 435895
}