{
  "duration": 210.56091499328613, 
  "niterations": 9819, 
  "Z_computed_err": 0.4997084768140997, 
  "Z_computed": -23.87461980081305, 
  "neval": 460920
}