{
  "duration": 249.69486093521118, 
  "niterations": 9686, 
  "Z_computed_err": 0.4998082135709811, 
  "Z_computed": -23.588922216751886, 
  "neval": 516939
}