{
  "duration": 219.21544909477234, 
  "niterations": 9835, 
  "Z_computed_err": 0.4999556689967485, 
  "Z_computed": -23.972930165466764, 
  "neval": 450026
}