{
  "duration": 268.0484890937805, 
  "niterations": 9899, 
  "Z_computed_err": 0.4996930308744506, 
  "Z_computed": -24.158390913629397, 
  "neval": 487551
}