{
  "duration": 229.5080749988556, 
  "niterations": 9884, 
  "Z_computed_err": 0.49970697517501905, 
  "Z_computed": -24.25056681685005, 
  "neval": 462801
}