{
  "duration": 170.0596730709076, 
  "niterations": 9745, 
  "Z_computed_err": 0.4996541580252587, 
  "Z_computed": -23.711475941270752, 
  "neval": 471838
}