{
  "duration": 7.307094097137451, 
  "niterations": 3333, 
  "Z_computed_err": 0.49931602754965504, 
  "Z_computed": 235.78135888003885, 
  "neval": 12171
}