{
  "duration": 8.127380847930908, 
  "niterations": 3416, 
  "Z_computed_err": 0.49939947035455556, 
  "Z_computed": 235.57702179088616, 
  "neval": 12142
}