{
  "duration": 7.437769889831543, 
  "niterations": 3329, 
  "Z_computed_err": 0.49962964785760233, 
  "Z_computed": 235.78752711156525, 
  "neval": 11267
}