{
  "duration": 7.225268840789795, 
  "niterations": 3359, 
  "Z_computed_err": 0.4994837796172106, 
  "Z_computed": 235.71117712009948, 
  "neval": 10878
}