{
  "duration": 6.9186341762542725, 
  "niterations": 3334, 
  "Z_computed_err": 0.49991209451338053, 
  "Z_computed": 235.77734752568435, 
  "neval": 12095
}