{
  "duration": 7.626914024353027, 
  "niterations": 3363, 
  "Z_computed_err": 0.4992813932275682, 
  "Z_computed": 235.70910124343862, 
  "neval": 11733
}