{
  "duration": 7.831445217132568, 
  "niterations": 3258, 
  "Z_computed_err": 0.4989859647303341, 
  "Z_computed": 235.9668215826153, 
  "neval": 12366
}