{
  "duration": 7.869776010513306, 
  "niterations": 3357, 
  "Z_computed_err": 0.4994076490020023, 
  "Z_computed": 235.7229983286425, 
  "neval": 11541
}