{
  "duration": 8.539314031600952, 
  "niterations": 3371, 
  "Z_computed_err": 0.49899524266465095, 
  "Z_computed": 235.69000263563186, 
  "neval": 12813
}