{
  "duration": 6.062114953994751, 
  "niterations": 3282, 
  "Z_computed_err": 0.4992150902466246, 
  "Z_computed": 235.90604643355667, 
  "neval": 10930
}