{
  "failed": false, 
  "Z_computed_err": 0.11892123659247122, 
  "Z_computed": 0.58376252436075937, 
  "neval": 1000
}