{
  "failed": false, 
  "Z_computed_err": 0.11277028483495832, 
  "Z_computed": 0.83650441149855315, 
  "neval": 1000
}