{
  "failed": false, 
  "Z_computed_err": 0.11871862994479576, 
  "Z_computed": 0.76455442123244444, 
  "neval": 1000
}