{
  "failed": false, 
  "Z_computed_err": 0.12031697328258684, 
  "Z_computed": 0.68789606320442731, 
  "neval": 1000
}