{
  "failed": false, 
  "Z_computed_err": 0.12080466504277321, 
  "Z_computed": 0.63921664106739762, 
  "neval": 1000
}