{
  "failed": false, 
  "Z_computed_err": 0.11407868642066621, 
  "Z_computed": 0.74268303040708106, 
  "neval": 1000
}