{
  "duration": 26.333504915237427, 
  "niterations": 6876, 
  "Z_computed_err": 0.49977086871763704, 
  "Z_computed": -5.8802155028061955, 
  "neval": 25662
}