{
  "duration": 37.652831077575684, 
  "niterations": 6826, 
  "Z_computed_err": 0.4997262562730357, 
  "Z_computed": -5.827934856752939, 
  "neval": 29907
}