{
  "duration": 35.720674991607666, 
  "niterations": 6893, 
  "Z_computed_err": 0.49990417803791853, 
  "Z_computed": -5.8989386378813045, 
  "neval": 28960
}