{
  "duration": 19.67135000228882, 
  "niterations": 6935, 
  "Z_computed_err": 0.49990602131481865, 
  "Z_computed": -5.939785389176631, 
  "neval": 30986
}