{
  "duration": 22.636170864105225, 
  "niterations": 6807, 
  "Z_computed_err": 0.4999132914300268, 
  "Z_computed": -5.816239192422955, 
  "neval": 23030
}