{
  "duration": 26.503748178482056, 
  "niterations": 6701, 
  "Z_computed_err": 0.4998724581542419, 
  "Z_computed": -5.705074085776966, 
  "neval": 25894
}