{
  "duration": 27.889452934265137, 
  "niterations": 6721, 
  "Z_computed_err": 0.4998089044891969, 
  "Z_computed": -5.728956156522667, 
  "neval": 27595
}