{
  "duration": 6.514707088470459, 
  "neval": 16611, 
  "Z_computed_err": 0.05454408985668257, 
  "Z_computed": -3.953615866502263
}