{
  "duration": 5.842801094055176, 
  "neval": 15975, 
  "Z_computed_err": 0.054727654882295966, 
  "Z_computed": -4.014379356698522
}