{
  "duration": 5.8811469078063965, 
  "neval": 15358, 
  "Z_computed_err": 0.055391117129481686, 
  "Z_computed": -4.076518970711373
}