{
  "duration": 4.961532115936279, 
  "neval": 15436, 
  "Z_computed_err": 0.05536029865582324, 
  "Z_computed": -4.071946376208569
}