{
  "duration": 4.98285698890686, 
  "neval": 15022, 
  "Z_computed_err": 0.05539947956674846, 
  "Z_computed": -4.114650457018751
}