{
  "duration": 5.037827968597412, 
  "neval": 15320, 
  "Z_computed_err": 0.055287471127723746, 
  "Z_computed": -4.079746336483669
}