{
  "duration": 4.697016000747681, 
  "neval": 15731, 
  "Z_computed_err": 0.05517351263178906, 
  "Z_computed": -4.085126290503148
}