{
  "duration": 4.436159133911133, 
  "neval": 14834, 
  "Z_computed_err": 0.05560801000275485, 
  "Z_computed": -4.121491810079363
}