{
  "duration": 4.897127151489258, 
  "neval": 15276, 
  "Z_computed_err": 0.05561624191731051, 
  "Z_computed": -4.0994120711770865
}