{
  "duration": 4.136507987976074, 
  "neval": 16029, 
  "Z_computed_err": 0.05506208832655407, 
  "Z_computed": -4.029962441725153
}