{
  "duration": 6.057673931121826, 
  "failed": false, 
  "Z_computed_err": 2.3277342568944235, 
  "Z_computed": -30.647558062931466, 
  "neval": 54095
}