{
  "duration": 0.10401701927185059, 
  "failed": false, 
  "Z_computed_err": 0.1582132311549289, 
  "Z_computed": -4.54921840397735, 
  "neval": 1000
}