{
  "duration": 0.1262969970703125, 
  "failed": false, 
  "Z_computed_err": 0.13692818825756392, 
  "Z_computed": -4.030943630155151, 
  "neval": 1000
}