{
  "duration": 0.08107304573059082, 
  "failed": false, 
  "Z_computed_err": 0.14695895564612993, 
  "Z_computed": -4.258879578634873, 
  "neval": 1000
}