{
  "duration": 0.08414506912231445, 
  "failed": false, 
  "Z_computed_err": 0.1391147034690361, 
  "Z_computed": -4.181960829265506, 
  "neval": 1000
}