{
  "duration": 0.09165310859680176, 
  "failed": false, 
  "Z_computed_err": 0.14423153198320282, 
  "Z_computed": -4.229207971205043, 
  "neval": 1000
}