{
  "neval": 34997, 
  "Z_computed_err": 0.009315316141930026, 
  "Z_computed": -1.5895917829509019
}