{
  "neval": 45524, 
  "Z_computed_err": 0.06562543072372838, 
  "Z_computed": -1.2256170703057292
}