{
  "neval": 31992, 
  "Z_computed_err": 0.008869659883508366, 
  "Z_computed": -1.6443939761393438
}