{
  "neval": 45935, 
  "Z_computed_err": 0.007421729660243395, 
  "Z_computed": -1.2694589933756029
}