{
  "neval": 28747, 
  "Z_computed_err": 0.02697404575960055, 
  "Z_computed": -1.6421715334640379
}