{
  "neval": 36028, 
  "Z_computed_err": 0.034395899612680934, 
  "Z_computed": -1.5149499270259947
}