{
  "neval": 39617, 
  "Z_computed_err": 0.015783818404971853, 
  "Z_computed": -1.5251417269533798
}