{
  "neval": 34011, 
  "Z_computed_err": 0.034820463393839214, 
  "Z_computed": -1.5231725114128525
}