{
  "neval": 36003, 
  "Z_computed_err": 0.3547095750529231, 
  "Z_computed": -1.0523236244679495
}