{
  "neval": 32465, 
  "Z_computed_err": 0.021114321973585145, 
  "Z_computed": -1.5550099230297942
}