{
  "neval": 25910, 
  "Z_computed_err": 0.012017902517724556, 
  "Z_computed": 235.84063723974364
}