{
  "neval": 26624, 
  "Z_computed_err": 0.011886040065270758, 
  "Z_computed": 235.81981184555931
}