{
  "neval": 25727, 
  "Z_computed_err": 0.012122180139396177, 
  "Z_computed": 235.8254338855049
}