{
  "neval": 25438, 
  "Z_computed_err": 0.01219788308115078, 
  "Z_computed": 235.85262387150996
}