{
  "neval": 24378, 
  "Z_computed_err": 0.023373734650007964, 
  "Z_computed": 235.85973749367585
}