{
  "neval": 27223, 
  "Z_computed_err": 0.012499303123360818, 
  "Z_computed": 235.8473711017334
}