{
  "neval": 24881, 
  "Z_computed_err": 0.012216035810552533, 
  "Z_computed": 235.81969566999058
}