{
  "neval": 26576, 
  "Z_computed_err": 0.012145394480275766, 
  "Z_computed": 235.83424677673966
}