{
  "neval": 23982, 
  "Z_computed_err": 0.04612244141340579, 
  "Z_computed": 235.8750102830056
}