{
  "neval": 25278, 
  "Z_computed_err": 0.012305651402405696, 
  "Z_computed": 235.84366293225773
}