{
  "failed": false, 
  "Z_computed_err": 0.34426372379129355, 
  "Z_computed": -1.7350753624997526, 
  "neval": 1000
}