{
  "failed": false, 
  "Z_computed_err": 0.23127113097842633, 
  "Z_computed": -2.1131995082077735, 
  "neval": 1000
}