{
  "failed": false, 
  "Z_computed_err": 0.34443082845797046, 
  "Z_computed": -1.479842953992947, 
  "neval": 4007
}