{
  "failed": false, 
  "Z_computed_err": 0.1670019176407349, 
  "Z_computed": -2.4150739400974275, 
  "neval": 1000
}