{
  "failed": false, 
  "Z_computed_err": 0.28736067314962854, 
  "Z_computed": -1.689352456750342, 
  "neval": 1000
}