{
  "failed": false, 
  "Z_computed_err": 0.2457815938097152, 
  "Z_computed": -2.0148150482018794, 
  "neval": 1000
}