{
  "failed": false, 
  "Z_computed_err": 0.34753441136822816, 
  "Z_computed": -1.7778653376845068, 
  "neval": 2000
}