{
  "failed": false, 
  "Z_computed_err": 0.3226484390056443, 
  "Z_computed": -2.0954012489060068, 
  "neval": 1000
}