{
  "duration": 21.626344919204712, 
  "niterations": 10193, 
  "Z_computed_err": 0.49989388013928426, 
  "Z_computed": -1.7417497601734415, 
  "neval": 24094
}