{
  "duration": 17.154808044433594, 
  "niterations": 9314, 
  "Z_computed_err": 0.499722347897848, 
  "Z_computed": -1.8088355405182395, 
  "neval": 20301
}