{
  "duration": 22.71337389945984, 
  "niterations": 10685, 
  "Z_computed_err": 0.49988455833103784, 
  "Z_computed": -1.617950816620386, 
  "neval": 25718
}