{
  "duration": 18.805210828781128, 
  "niterations": 9724, 
  "Z_computed_err": 0.4998921327608309, 
  "Z_computed": -1.6090140445837686, 
  "neval": 22221
}