{
  "duration": 26.234538078308105, 
  "niterations": 11034, 
  "Z_computed_err": 0.4998137800972932, 
  "Z_computed": -1.6853274300962084, 
  "neval": 29162
}