{
  "duration": 18.895431995391846, 
  "niterations": 9332, 
  "Z_computed_err": 0.4999529342358052, 
  "Z_computed": -1.76926161061945, 
  "neval": 20776
}