{
  "duration": 20.231417894363403, 
  "niterations": 9696, 
  "Z_computed_err": 0.4999350598608136, 
  "Z_computed": -1.708555168396405, 
  "neval": 22320
}