{
  "duration": 20.83395004272461, 
  "niterations": 10351, 
  "Z_computed_err": 0.4996898009629888, 
  "Z_computed": -1.7421222844505693, 
  "neval": 26488
}