{
  "duration": 17.09389305114746, 
  "niterations": 9218, 
  "Z_computed_err": 0.4997914298467204, 
  "Z_computed": -1.7662090595346176, 
  "neval": 20159
}