{
  "duration": 22.335235834121704, 
  "niterations": 10170, 
  "Z_computed_err": 0.49969132049218556, 
  "Z_computed": -1.6145192422743382, 
  "neval": 24522
}