{
  "neval": 2002867, 
  "Z_computed_err": 393.5067271756928, 
  "Z_computed": -5.9641718989483223
}