{
  "neval": 2002860, 
  "Z_computed_err": 354.7745116050911, 
  "Z_computed": -46.356195687469416
}