{
  "neval": 2002273, 
  "Z_computed_err": 388.3790842522747, 
  "Z_computed": -6.6174753372123885
}