{
  "neval": 2007074, 
  "Z_computed_err": 390.5949578489373, 
  "Z_computed": -6.2484387672065047
}