{
  "neval": 2000809, 
  "Z_computed_err": 375.21000789989824, 
  "Z_computed": -26.172687307489305
}