{
  "neval": 2002716, 
  "Z_computed_err": 392.8051567115869, 
  "Z_computed": -6.713325711620671
}