{
  "neval": 2002358, 
  "Z_computed_err": 379.23727006057874, 
  "Z_computed": -8.6065474017000092
}