{
  "neval": 2000081, 
  "Z_computed_err": 385.14632654175443, 
  "Z_computed": -5.7594203543715103
}