{
  "neval": 2000168, 
  "Z_computed_err": 384.2129541166682, 
  "Z_computed": -7.5041086615373374
}