{
  "neval": 2002148, 
  "Z_computed_err": 387.6620287099425, 
  "Z_computed": -5.6128361767852581
}