{
  "neval": 1655, 
  "Z_computed_err": 0.03205595341170405, 
  "Z_computed": -0.011674693188664709
}