{
  "neval": 1605, 
  "Z_computed_err": 0.028451345789783852, 
  "Z_computed": -4.319042260249534e-05
}