{
  "neval": 1469, 
  "Z_computed_err": 0.029873295433345305, 
  "Z_computed": -0.02895100602183448
}