{
  "neval": 1615, 
  "Z_computed_err": 0.03281938263213403, 
  "Z_computed": 0.001784889634539595
}