{
  "neval": 1583, 
  "Z_computed_err": 0.031117447626389377, 
  "Z_computed": 0.0024095881543468945
}