{
  "neval": 1605, 
  "Z_computed_err": 0.029619381585853366, 
  "Z_computed": 0.031396847332745656
}