{
  "neval": 1771, 
  "Z_computed_err": 0.026932140115438315, 
  "Z_computed": -0.02145270629031805
}