{
  "neval": 1757, 
  "Z_computed_err": 0.029861509437349512, 
  "Z_computed": 0.040537288539654937
}