{
  "neval": 1890, 
  "Z_computed_err": 0.03508822261031254, 
  "Z_computed": 0.004346861995695584
}