{
  "neval": 65330, 
  "Z_computed_err": 0.12254264468219073, 
  "Z_computed": -11.72617285928989
}