{
  "neval": 54158, 
  "Z_computed_err": 0.12403781348385623, 
  "Z_computed": -12.102938618617749
}