{
  "neval": 62727, 
  "Z_computed_err": 0.12253114312237638, 
  "Z_computed": -11.728189810388452
}