{
  "neval": 61345, 
  "Z_computed_err": 0.12316934904282378, 
  "Z_computed": -11.906065878923652
}