{
  "neval": 58894, 
  "Z_computed_err": 0.12294813881889785, 
  "Z_computed": -11.824429023218311
}