{
  "neval": 62455, 
  "Z_computed_err": 0.12298192873083152, 
  "Z_computed": -11.83541866891581
}