{
  "neval": 60107, 
  "Z_computed_err": 0.1234962575785556, 
  "Z_computed": -11.962356424654429
}