{
  "neval": 57769, 
  "Z_computed_err": 0.12337584507844636, 
  "Z_computed": -11.955962914574602
}