{
  "neval": 68291, 
  "Z_computed_err": 0.12239177590501647, 
  "Z_computed": -11.686096943907927
}