{
  "neval": 63387, 
  "Z_computed_err": 0.12283736111488122, 
  "Z_computed": -11.828395117608189
}