{
  "duration": 7.14246678352356, 
  "neval": 17751, 
  "Z_computed_err": 0.036227138553606576, 
  "Z_computed": 5.906909948676736
}