{
  "duration": 7.00865912437439, 
  "neval": 15300, 
  "Z_computed_err": 0.04064845068163024, 
  "Z_computed": 5.716063678225276
}