{
  "duration": 7.35505485534668, 
  "neval": 19419, 
  "Z_computed_err": 0.03682766201520327, 
  "Z_computed": 5.916427570806184
}