{
  "duration": 7.61854100227356, 
  "neval": 16331, 
  "Z_computed_err": 0.03853084580206462, 
  "Z_computed": 5.7821824838472375
}