{
  "duration": 7.272847890853882, 
  "neval": 16953, 
  "Z_computed_err": 0.019704563632682175, 
  "Z_computed": 4.607485049266299
}