{
  "duration": 6.6639790534973145, 
  "neval": 18474, 
  "Z_computed_err": 0.03897508531120436, 
  "Z_computed": 5.865055690558611
}