{
  "duration": 7.389244079589844, 
  "neval": 21182, 
  "Z_computed_err": 0.01959592911275589, 
  "Z_computed": 4.617046331849377
}