{
  "duration": 6.6682610511779785, 
  "neval": 16705, 
  "Z_computed_err": 0.02029540360341664, 
  "Z_computed": 4.627279514511427
}