{
  "duration": 6.168407917022705, 
  "neval": 15744, 
  "Z_computed_err": 0.036772849019622855, 
  "Z_computed": 5.8969628404586505
}