{
  "duration": 6.942502021789551, 
  "neval": 18778, 
  "Z_computed_err": 0.03750094961733176, 
  "Z_computed": 5.905445375588163
}