{
  "duration": 8.347064971923828, 
  "neval": 20059, 
  "Z_computed_err": 0.13932557618508296, 
  "Z_computed": 0.18997195667654457
}