{
  "duration": 8.11320686340332, 
  "neval": 18982, 
  "Z_computed_err": 0.1395707730233719, 
  "Z_computed": 0.19788102767042198
}