{
  "duration": 7.73081111907959, 
  "neval": 19598, 
  "Z_computed_err": 0.13922489640795463, 
  "Z_computed": 0.1682850172866493
}