{
  "duration": 7.297276973724365, 
  "neval": 20625, 
  "Z_computed_err": 0.13800221037792534, 
  "Z_computed": 0.2864473157532112
}