{
  "duration": 8.470877170562744, 
  "neval": 20365, 
  "Z_computed_err": 0.13975422646395236, 
  "Z_computed": 0.2665138449047873
}