{
  "duration": 7.1089348793029785, 
  "neval": 19733, 
  "Z_computed_err": 0.139382068486496, 
  "Z_computed": 0.1809260023248993
}