{
  "duration": 7.568942070007324, 
  "neval": 20987, 
  "Z_computed_err": 0.138336239657911, 
  "Z_computed": 0.23124853912141347
}