{
  "duration": 8.373212814331055, 
  "neval": 18812, 
  "Z_computed_err": 0.14073788756940336, 
  "Z_computed": 0.100012377302792
}