{
  "duration": 7.768548011779785, 
  "neval": 19321, 
  "Z_computed_err": 0.13969330871832186, 
  "Z_computed": 0.18591306978631328
}