{
  "duration": 8.082229852676392, 
  "neval": 19908, 
  "Z_computed_err": 0.13858529720718185, 
  "Z_computed": 0.22747678674867836
}