{
  "neval": 2018590, 
  "Z_computed_err": 3.025652574570823, 
  "Z_computed": 0.16566482298335217
}