{
  "neval": 2026125, 
  "Z_computed_err": 3.6518083084339197, 
  "Z_computed": 0.11497077536355049
}