{
  "neval": 2006290, 
  "Z_computed_err": 4.052327692464786, 
  "Z_computed": -0.4214659524186025
}