{
  "neval": 2018097, 
  "Z_computed_err": 2.2402969908509935, 
  "Z_computed": -0.19573647060644106
}