{
  "neval": 2011263, 
  "Z_computed_err": 4.057622572276975, 
  "Z_computed": 0.7229188722683628
}