{
  "neval": 2010967, 
  "Z_computed_err": 2.6472904804176114, 
  "Z_computed": -0.08663880889236791
}