{
  "neval": 2010915, 
  "Z_computed_err": 2.8276227912231846, 
  "Z_computed": 0.3761587195376436
}