{
  "neval": 2000986, 
  "Z_computed_err": 4.164971581508667, 
  "Z_computed": 0.013387769672901756
}