{
  "neval": 2007390, 
  "Z_computed_err": 2.5761899682479656, 
  "Z_computed": -0.10580018917820125
}