{
  "neval": 2002716, 
  "Z_computed_err": 2.5360594182933696, 
  "Z_computed": -0.02522873129478717
}