{
  "neval": 2001830, 
  "Z_computed_err": 6.9515508453927835, 
  "Z_computed": 0.05759244153619651
}