{
  "neval": 2000478, 
  "Z_computed_err": 6.3657840191440505, 
  "Z_computed": -0.06161039291939385
}