{
  "neval": 2001743, 
  "Z_computed_err": 7.080630093028847, 
  "Z_computed": 0.10701251115746149
}