{
  "neval": 2000623, 
  "Z_computed_err": 7.424262563136282, 
  "Z_computed": 0.14581955793845036
}