{
  "neval": 2002060, 
  "Z_computed_err": 6.343910765215972, 
  "Z_computed": -0.08255056154466542
}