{
  "neval": 2000207, 
  "Z_computed_err": 6.562188367615197, 
  "Z_computed": -0.0910545239516156
}