{
  "neval": 2001915, 
  "Z_computed_err": 6.7158764797573545, 
  "Z_computed": 0.14889743843230682
}