{
  "neval": 2003112, 
  "Z_computed_err": 6.604640449453457, 
  "Z_computed": -0.15757844035494703
}