{
  "neval": 2000074, 
  "Z_computed_err": 7.114331855276842, 
  "Z_computed": 0.05122006767517921
}