{
  "neval": 2003803, 
  "Z_computed_err": 7.4105821596616535, 
  "Z_computed": 0.06054129927629808
}