{
  "neval": 21081, 
  "Z_computed_err": 0.07021680734122922, 
  "Z_computed": -5.860893511073442
}