{
  "neval": 21448, 
  "Z_computed_err": 0.07011540122356147, 
  "Z_computed": -5.832069694338648
}