{
  "neval": 22030, 
  "Z_computed_err": 0.06983987293503172, 
  "Z_computed": -5.836734551810197
}