{
  "neval": 21030, 
  "Z_computed_err": 0.07032472822339868, 
  "Z_computed": -5.8592596278344615
}