{
  "neval": 21302, 
  "Z_computed_err": 0.07045402875004579, 
  "Z_computed": -5.882733561058146
}