{
  "neval": 21947, 
  "Z_computed_err": 0.0693959167228002, 
  "Z_computed": -5.765928416791883
}