{
  "neval": 22494, 
  "Z_computed_err": 0.06952382358380879, 
  "Z_computed": -5.744972479791571
}