{
  "neval": 20322, 
  "Z_computed_err": 0.07048597014493468, 
  "Z_computed": -5.901351223262036
}