{
  "neval": 21505, 
  "Z_computed_err": 0.06957165651019716, 
  "Z_computed": -5.764613457535316
}