{
  "neval": 21632, 
  "Z_computed_err": 0.07005355308677177, 
  "Z_computed": -5.804995419028095
}