{
  "duration": 319.1992998123169, 
  "niterations": 9775, 
  "Z_computed_err": 0.49977761639799206, 
  "Z_computed": -23.6768720861878, 
  "neval": 989750
}