{
  "duration": 297.6585371494293, 
  "niterations": 9895, 
  "Z_computed_err": 0.4997933376580589, 
  "Z_computed": -23.794502425548778, 
  "neval": 1040547
}