{
  "duration": 263.62926411628723, 
  "niterations": 9708, 
  "Z_computed_err": 0.49949471144987057, 
  "Z_computed": -23.329986095601807, 
  "neval": 1001455
}