{
  "duration": 284.3421959877014, 
  "niterations": 9726, 
  "Z_computed_err": 0.49988855927406606, 
  "Z_computed": -23.724123232752174, 
  "neval": 966639
}