{
  "duration": 246.3465940952301, 
  "niterations": 9884, 
  "Z_computed_err": 0.4999433568385674, 
  "Z_computed": -24.096275558145365, 
  "neval": 1000979
}