{
  "duration": 293.0050718784332, 
  "niterations": 9823, 
  "Z_computed_err": 0.49962590444307864, 
  "Z_computed": -23.59767614084784, 
  "neval": 1023906
}