{
  "duration": 274.08874106407166, 
  "niterations": 9616, 
  "Z_computed_err": 0.49974779153949184, 
  "Z_computed": -23.405038259189837, 
  "neval": 965984
}