{
  "duration": 268.53330993652344, 
  "niterations": 9677, 
  "Z_computed_err": 0.49957975949744654, 
  "Z_computed": -23.616538098022136, 
  "neval": 991160
}