{
  "duration": 272.47905015945435, 
  "niterations": 9616, 
  "Z_computed_err": 0.4996701004738878, 
  "Z_computed": -23.409682313301275, 
  "neval": 1027025
}