{
  "duration": 227.25102305412292, 
  "niterations": 9627, 
  "Z_computed_err": 0.4997447962457663, 
  "Z_computed": -23.264686508194345, 
  "neval": 993419
}