{
  "duration": 2.396023988723755, 
  "neval": 9706, 
  "Z_computed_err": 0.02656704276152167, 
  "Z_computed": 4.6161658271635435
}