{
  "duration": 1.7132489681243896, 
  "neval": 5287, 
  "Z_computed_err": 0.0315706675285854, 
  "Z_computed": 4.628234296138447
}