{
  "duration": 0.5522670745849609, 
  "neval": 2614, 
  "Z_computed_err": 0.028570041075747912, 
  "Z_computed": -0.009293420982373788
}