{
  "duration": 0.8602869510650635, 
  "neval": 2677, 
  "Z_computed_err": 0.021891283913402865, 
  "Z_computed": 0.021863504801609528
}