{
  "duration": 0.7342309951782227, 
  "neval": 2212, 
  "Z_computed_err": 0.02822481025945925, 
  "Z_computed": -0.0023191008897710383
}