{
  "duration": 0.9080629348754883, 
  "neval": 2554, 
  "Z_computed_err": 0.027228089614156414, 
  "Z_computed": -0.011209362163608957
}