{
  "duration": 0.6448848247528076, 
  "neval": 2640, 
  "Z_computed_err": 0.02959870250962595, 
  "Z_computed": -0.03015133775221768
}