{
  "duration": 0.6628999710083008, 
  "neval": 2515, 
  "Z_computed_err": 0.024014721822290516, 
  "Z_computed": -0.018883458653460323
}