{
  "duration": 2.480901002883911, 
  "neval": 7567, 
  "Z_computed_err": 0.029247648399484738, 
  "Z_computed": 4.606328475071377
}