{
  "duration": 0.9314250946044922, 
  "neval": 2903, 
  "Z_computed_err": 0.02556778958538854, 
  "Z_computed": -0.005467403110419564
}