{
  "duration": 25.541795015335083, 
  "niterations": 13132, 
  "Z_computed_err": 0.49969535706155443, 
  "Z_computed": 4.518021353660449, 
  "neval": 26529
}