{
  "duration": 25.615867853164673, 
  "niterations": 13061, 
  "Z_computed_err": 0.4999972877112246, 
  "Z_computed": 4.589718593419545, 
  "neval": 26369
}