{
  "duration": 25.8003089427948, 
  "niterations": 13023, 
  "Z_computed_err": 0.4998882673850876, 
  "Z_computed": 4.624630665096417, 
  "neval": 26598
}