{
  "duration": 24.598188877105713, 
  "niterations": 12928, 
  "Z_computed_err": 0.4996743943225181, 
  "Z_computed": 4.7220009867639385, 
  "neval": 26361
}