{
  "duration": 25.548213005065918, 
  "niterations": 13234, 
  "Z_computed_err": 0.4997675573912493, 
  "Z_computed": 4.415581244146934, 
  "neval": 26823
}