{
  "duration": 24.437628030776978, 
  "niterations": 12884, 
  "Z_computed_err": 0.4999243807335103, 
  "Z_computed": 4.764601496715097, 
  "neval": 26508
}