{
  "duration": 24.716617107391357, 
  "niterations": 13203, 
  "Z_computed_err": 0.4999508647074389, 
  "Z_computed": 4.4472978454776975, 
  "neval": 26487
}