{
  "duration": 26.478999853134155, 
  "niterations": 12853, 
  "Z_computed_err": 0.4998069526344861, 
  "Z_computed": 4.7915994106618465, 
  "neval": 26505
}