{
  "duration": 25.464879035949707, 
  "niterations": 13170, 
  "Z_computed_err": 0.49974711095803404, 
  "Z_computed": 4.475531682249662, 
  "neval": 26511
}