{
  "duration": 25.568210124969482, 
  "niterations": 13063, 
  "Z_computed_err": 0.49982704966331265, 
  "Z_computed": 4.587574724287646, 
  "neval": 26437
}