{
  "duration": 0.19241595268249512, 
  "failed": false, 
  "Z_computed_err": 0.08212885224287787, 
  "Z_computed": 0.014370434332449626, 
  "neval": 1000
}