{
  "duration": 0.11880087852478027, 
  "failed": false, 
  "Z_computed_err": 0.08198102985012262, 
  "Z_computed": 0.02720282537351449, 
  "neval": 1000
}