{
  "duration": 0.1186070442199707, 
  "failed": false, 
  "Z_computed_err": 0.07872157693075353, 
  "Z_computed": 0.09348216186257445, 
  "neval": 1000
}