{
  "duration": 0.14454984664916992, 
  "failed": false, 
  "Z_computed_err": 0.08199994302389774, 
  "Z_computed": 0.0066495758862290056, 
  "neval": 1000
}