{
  "neval": 6071, 
  "Z_computed_err": 0.016610698277720503, 
  "Z_computed": 0.044246503712820615
}