{
  "neval": 6090, 
  "Z_computed_err": 0.01651796485327769, 
  "Z_computed": 0.03651164677735229
}