{
  "neval": 5901, 
  "Z_computed_err": 0.017289497288902944, 
  "Z_computed": 0.029647934688426043
}