{
  "neval": 6398, 
  "Z_computed_err": 0.016611326907456113, 
  "Z_computed": 0.04010026847234583
}