{
  "neval": 5679, 
  "Z_computed_err": 0.016890369483261797, 
  "Z_computed": 0.0624793961496286
}