{
  "neval": 5467, 
  "Z_computed_err": 0.016432457320675994, 
  "Z_computed": 0.002528816698068341
}