{
  "neval": 5935, 
  "Z_computed_err": 0.01629500621056439, 
  "Z_computed": 0.022075880250113707
}