{
  "neval": 5789, 
  "Z_computed_err": 0.016769972406650527, 
  "Z_computed": 0.02606744952044668
}