{
  "neval": 5728, 
  "Z_computed_err": 0.01673636868585063, 
  "Z_computed": 0.012745828071394303
}