{
  "neval": 6664, 
  "Z_computed_err": 0.016347224654556573, 
  "Z_computed": 0.06735916731678458
}