{
  "duration": 5637.969429016113, 
  "niterations": 4000, 
  "Z_computed_err": 21.927826249371407, 
  "Z_computed": -1.1865343818139986, 
  "neval": 2001579
}