{
  "duration": 6277.371093034744, 
  "niterations": 3970, 
  "Z_computed_err": 20.04019887230512, 
  "Z_computed": -0.6293234125843087, 
  "neval": 2005166
}