{
  "duration": 6030.413841962814, 
  "niterations": 4182, 
  "Z_computed_err": 18.1877092418449, 
  "Z_computed": -2.052517709010159, 
  "neval": 2000280
}