{
  "duration": 5811.533997058868, 
  "niterations": 4109, 
  "Z_computed_err": 18.455247877260454, 
  "Z_computed": -2.496835220788039, 
  "neval": 2022622
}