{
  "duration": 6045.757102012634, 
  "niterations": 3908, 
  "Z_computed_err": 23.45281498309728, 
  "Z_computed": -0.06893806045246048, 
  "neval": 2007691
}