{
  "duration": 5974.79963517189, 
  "niterations": 3985, 
  "Z_computed_err": 18.771205052458786, 
  "Z_computed": -3.0434460225177986, 
  "neval": 2009985
}