{
  "duration": 5885.171797037125, 
  "niterations": 3927, 
  "Z_computed_err": 19.293475910403686, 
  "Z_computed": -2.709627939201734, 
  "neval": 2011426
}