{
  "duration": 6013.799676895142, 
  "niterations": 4311, 
  "Z_computed_err": 16.387950692274348, 
  "Z_computed": -2.0939586522837987, 
  "neval": 2000044
}