{
  "duration": 6004.3085079193115, 
  "niterations": 4053, 
  "Z_computed_err": 19.724956606722753, 
  "Z_computed": -0.48345039053958094, 
  "neval": 2003165
}