{
  "duration": 5729.348649024963, 
  "niterations": 3994, 
  "Z_computed_err": 19.330856011020504, 
  "Z_computed": -2.53143241314171, 
  "neval": 2001430
}