{
  "duration": 23.645326852798462, 
  "niterations": 4440, 
  "Z_computed_err": 0.4996316239514808, 
  "Z_computed": 0.0028410141978187104, 
  "neval": 11860
}