{
  "duration": 23.742295026779175, 
  "niterations": 4432, 
  "Z_computed_err": 0.49999142081357806, 
  "Z_computed": 0.011498569410897467, 
  "neval": 11575
}