{
  "duration": 22.123106956481934, 
  "niterations": 4449, 
  "Z_computed_err": 0.4997466993698642, 
  "Z_computed": -0.004308705770129836, 
  "neval": 11449
}