{
  "duration": 24.27247905731201, 
  "niterations": 4382, 
  "Z_computed_err": 0.4997022895765798, 
  "Z_computed": 0.0590109697117147, 
  "neval": 11461
}