{
  "duration": 23.741322994232178, 
  "niterations": 4384, 
  "Z_computed_err": 0.4997916746594905, 
  "Z_computed": 0.05551515239106387, 
  "neval": 11081
}