{
  "neval": 870, 
  "Z_computed_err": 0.09307287037379561, 
  "Z_computed": 0.03446244829050986
}