{
  "neval": 906, 
  "Z_computed_err": 0.08925437375476102, 
  "Z_computed": 0.14569990745867675
}