{
  "neval": 807, 
  "Z_computed_err": 0.09489045885580907, 
  "Z_computed": -0.03128398514460052
}