{
  "neval": 918, 
  "Z_computed_err": 0.09545565127494733, 
  "Z_computed": 0.021058859005640453
}