{
  "neval": 789, 
  "Z_computed_err": 0.09577305777976784, 
  "Z_computed": -0.0391484616601205
}