{
  "neval": 878, 
  "Z_computed_err": 0.08810502163083554, 
  "Z_computed": 0.12641577758881614
}