{
  "neval": 899, 
  "Z_computed_err": 0.09388223376178745, 
  "Z_computed": 0.047766445897003226
}