{
  "neval": 868, 
  "Z_computed_err": 0.0883684539064364, 
  "Z_computed": 0.062176426069210686
}