{
  "neval": 774, 
  "Z_computed_err": 0.0963311495254991, 
  "Z_computed": -0.03813098742325411
}