{
  "duration": 3.7561891078948975, 
  "failed": false, 
  "Z_computed_err": 1.3424626928965822, 
  "Z_computed": -62.3074731859903, 
  "neval": 30042
}