{
  "duration": 10.06050705909729, 
  "neval": 17530, 
  "Z_computed_err": 0.06323381671709581, 
  "Z_computed": 5.101074569451788
}