{
  "duration": 10.042324781417847, 
  "neval": 17830, 
  "Z_computed_err": 0.06297612279277592, 
  "Z_computed": 5.159400852113739
}