{
  "duration": 9.57050895690918, 
  "neval": 17149, 
  "Z_computed_err": 0.06336145806604827, 
  "Z_computed": 5.18018077589365
}