{
  "duration": 11.022668838500977, 
  "neval": 18330, 
  "Z_computed_err": 0.06253163820231777, 
  "Z_computed": 5.260174440844072
}