{
  "duration": 10.853618860244751, 
  "neval": 17584, 
  "Z_computed_err": 0.06380192108483931, 
  "Z_computed": 5.063015312180684
}