{
  "duration": 10.402894973754883, 
  "neval": 18486, 
  "Z_computed_err": 0.0630580386656848, 
  "Z_computed": 5.14952753513635
}