{
  "duration": 9.86524486541748, 
  "neval": 18947, 
  "Z_computed_err": 0.06252487395452697, 
  "Z_computed": 5.205885088035812
}