{
  "duration": 9.672088861465454, 
  "neval": 16853, 
  "Z_computed_err": 0.06403802646019854, 
  "Z_computed": 5.083024625512563
}