{
  "duration": 10.000739812850952, 
  "neval": 17055, 
  "Z_computed_err": 0.06355069460523625, 
  "Z_computed": 5.087944629463209
}