{
  "duration": 9.766071081161499, 
  "neval": 16893, 
  "Z_computed_err": 0.06388990211812776, 
  "Z_computed": 5.03810976450892
}