{
  "neval": 2856, 
  "Z_computed_err": 0.40907301982081057, 
  "Z_computed": -0.03579959312162625
}