{
  "neval": 3093, 
  "Z_computed_err": 0.3804055020909854, 
  "Z_computed": 0.012626981489287727
}