{
  "neval": 2856, 
  "Z_computed_err": 0.4083454930110935, 
  "Z_computed": -0.03575606451815648
}