{
  "neval": 2998, 
  "Z_computed_err": 0.3535354223001807, 
  "Z_computed": 0.0685382897485653
}