{
  "neval": 2996, 
  "Z_computed_err": 0.3636801669745392, 
  "Z_computed": 0.044508634009789064
}