{
  "neval": 2895, 
  "Z_computed_err": 0.37377330652041074, 
  "Z_computed": 0.02897692359762264
}