{
  "neval": 2941, 
  "Z_computed_err": 0.38873841498552564, 
  "Z_computed": 0.0021081740569997153
}