{
  "neval": 2910, 
  "Z_computed_err": 0.38523334839903317, 
  "Z_computed": -0.002474782307645516
}