{
  "neval": 2946, 
  "Z_computed_err": 0.3853622499377078, 
  "Z_computed": 0.008685975078003567
}