{
  "neval": 2984, 
  "Z_computed_err": 0.37228349283532364, 
  "Z_computed": 0.032045680475311145
}