{
  "duration": 3.5059921741485596, 
  "niterations": 2093, 
  "Z_computed_err": 0.4997379347599863, 
  "Z_computed": -0.13059932218692868, 
  "neval": 5423
}