{
  "duration": 3.216963052749634, 
  "niterations": 2022, 
  "Z_computed_err": 0.49955326974933056, 
  "Z_computed": 0.054000018554011764, 
  "neval": 5213
}