{
  "duration": 3.3599319458007812, 
  "niterations": 2106, 
  "Z_computed_err": 0.4997383549139163, 
  "Z_computed": -0.1697777010591344, 
  "neval": 5128
}