{
  "duration": 3.1599318981170654, 
  "niterations": 2007, 
  "Z_computed_err": 0.4991987498588401, 
  "Z_computed": 0.07394828901070923, 
  "neval": 5323
}