{
  "duration": 3.22060489654541, 
  "niterations": 2030, 
  "Z_computed_err": 0.499914239574169, 
  "Z_computed": 0.01552598133065339, 
  "neval": 5278
}