{
  "duration": 3.025303840637207, 
  "niterations": 1994, 
  "Z_computed_err": 0.4992157651957454, 
  "Z_computed": 0.11741671432778002, 
  "neval": 4918
}