{
  "duration": 3.66748309135437, 
  "niterations": 2057, 
  "Z_computed_err": 0.4994251725744964, 
  "Z_computed": -0.04258274157545162, 
  "neval": 5663
}