{
  "duration": 3.622098922729492, 
  "niterations": 2044, 
  "Z_computed_err": 0.49929897914379334, 
  "Z_computed": -0.005344521642651641, 
  "neval": 5339
}