{
  "duration": 3.299570083618164, 
  "niterations": 1955, 
  "Z_computed_err": 0.4999692793800127, 
  "Z_computed": 0.21754892698498002, 
  "neval": 5232
}