{
  "duration": 2.7142810821533203, 
  "niterations": 1986, 
  "Z_computed_err": 0.49994973652115093, 
  "Z_computed": 0.13773623143164557, 
  "neval": 5624
}