{
  "duration": 0.3616659641265869, 
  "failed": false, 
  "Z_computed_err": 0.26696206616223517, 
  "Z_computed": 4.462080433474605, 
  "neval": 1000
}