{
  "duration": 0.254932165145874, 
  "failed": false, 
  "Z_computed_err": 0.2509651725255626, 
  "Z_computed": 4.772876524507774, 
  "neval": 1000
}