{
  "duration": 0.24652814865112305, 
  "failed": false, 
  "Z_computed_err": 0.22055021147384402, 
  "Z_computed": 5.517112371370878, 
  "neval": 1000
}