{
  "duration": 0.3403818607330322, 
  "failed": false, 
  "Z_computed_err": 0.26462962818986124, 
  "Z_computed": 5.117434634952447, 
  "neval": 1000
}