{
  "duration": 0.2497420310974121, 
  "failed": false, 
  "Z_computed_err": 0.22691145461315898, 
  "Z_computed": 5.406326921617953, 
  "neval": 1000
}