{
  "duration": 0.31814098358154297, 
  "failed": false, 
  "Z_computed_err": 0.25700554813721155, 
  "Z_computed": 4.975022708955609, 
  "neval": 1000
}