{
  "duration": 0.19997906684875488, 
  "failed": false, 
  "Z_computed_err": 0.2555132537836666, 
  "Z_computed": 4.751258409396848, 
  "neval": 1000
}