{
  "duration": 0.2532670497894287, 
  "failed": false, 
  "Z_computed_err": 0.24906343536699183, 
  "Z_computed": 5.100373227137313, 
  "neval": 1000
}