{
  "duration": 0.24366307258605957, 
  "failed": false, 
  "Z_computed_err": 0.264570322937681, 
  "Z_computed": 4.943712907311247, 
  "neval": 1000
}