{
  "duration": 0.2615189552307129, 
  "failed": false, 
  "Z_computed_err": 0.011257860303925504, 
  "Z_computed": -5.294590078573462, 
  "neval": 1852
}