{
  "duration": 0.25316715240478516, 
  "failed": false, 
  "Z_computed_err": 0.011257860303925504, 
  "Z_computed": -5.294590078573462, 
  "neval": 1852
}