{
  "duration": 0.9620518684387207, 
  "neval": 3177, 
  "Z_computed_err": 0.2091811176826353, 
  "Z_computed": 0.07567844214148052
}