{
  "duration": 1.7182021141052246, 
  "neval": 6990, 
  "Z_computed_err": 0.3957380712353591, 
  "Z_computed": 4.921229726027148
}