{
  "duration": 0.7206511497497559, 
  "neval": 2978, 
  "Z_computed_err": 0.20693168798017902, 
  "Z_computed": 0.13287286782218583
}