{
  "duration": 0.7507319450378418, 
  "neval": 2543, 
  "Z_computed_err": 0.21008107651027522, 
  "Z_computed": 0.06370906604414393
}