{
  "duration": 0.6849210262298584, 
  "neval": 2337, 
  "Z_computed_err": 0.21453051654001762, 
  "Z_computed": -0.25067323098203154
}