{
  "duration": 0.8429529666900635, 
  "neval": 2421, 
  "Z_computed_err": 0.20923069934290348, 
  "Z_computed": -0.04698039751240825
}