{
  "duration": 0.7175390720367432, 
  "neval": 2765, 
  "Z_computed_err": 0.20443461294818477, 
  "Z_computed": 0.08578205612633233
}