{
  "duration": 0.8156311511993408, 
  "neval": 2459, 
  "Z_computed_err": 0.21456367701544365, 
  "Z_computed": -0.12313513109373098
}