{
  "duration": 0.4754929542541504, 
  "neval": 2148, 
  "Z_computed_err": 0.21521113779169931, 
  "Z_computed": -0.3379470897033514
}