{
  "duration": 0.9325311183929443, 
  "neval": 2999, 
  "Z_computed_err": 0.20928162233329142, 
  "Z_computed": 0.196809174627994
}