{
  "duration": 0.11216211318969727, 
  "failed": false, 
  "Z_computed_err": 0.16949825986630174, 
  "Z_computed": -4.407065883883879, 
  "neval": 1000
}