{
  "duration": 0.09249281883239746, 
  "failed": false, 
  "Z_computed_err": 0.19482970297438218, 
  "Z_computed": -4.602491534146289, 
  "neval": 1000
}