{
  "duration": 0.09211993217468262, 
  "failed": false, 
  "Z_computed_err": 0.15406832109188917, 
  "Z_computed": -4.089977614983892, 
  "neval": 1000
}