{
  "duration": 0.09229516983032227, 
  "failed": false, 
  "Z_computed_err": 0.1508545833150432, 
  "Z_computed": -4.054859666371721, 
  "neval": 1000
}