{
  "duration": 0.09325814247131348, 
  "failed": false, 
  "Z_computed_err": 0.15123654396124175, 
  "Z_computed": -4.075021176131057, 
  "neval": 1000
}