{
  "duration": 0.23339414596557617, 
  "neval": 400, 
  "Z_computed_err": 4.925233902958297e-07, 
  "Z_computed": -299.99999999999966
}