{
  "duration": 368.1793279647827, 
  "neval": 2000627, 
  "Z_computed_err": 0.16574802761346502, 
  "Z_computed": -111.49692303026022
}