{
  "duration": 0.2415330410003662, 
  "neval": 400, 
  "Z_computed_err": 4.925233902958297e-07, 
  "Z_computed": -299.99999999999966
}