{
  "duration": 356.32733607292175, 
  "neval": 2000388, 
  "Z_computed_err": 0.16193810853762639, 
  "Z_computed": -105.25548695603106
}