{
  "duration": 368.4121768474579, 
  "neval": 2001028, 
  "Z_computed_err": 0.1655459916019915, 
  "Z_computed": -111.31304940298969
}