{
  "duration": 55.84237098693848, 
  "niterations": 11994, 
  "Z_computed_err": 0.499620379625373, 
  "Z_computed": -11.493424178259847, 
  "neval": 161283
}