{
  "duration": 58.30039310455322, 
  "niterations": 12094, 
  "Z_computed_err": 0.49986921718512295, 
  "Z_computed": -11.628792435722492, 
  "neval": 166104
}