{
  "duration": 55.557477951049805, 
  "niterations": 12145, 
  "Z_computed_err": 0.49998447852966094, 
  "Z_computed": -11.633515894335611, 
  "neval": 156315
}