{
  "duration": 53.72439384460449, 
  "niterations": 12097, 
  "Z_computed_err": 0.49991189901334604, 
  "Z_computed": -11.613010473473118, 
  "neval": 153746
}