{
  "duration": 58.62603998184204, 
  "niterations": 12162, 
  "Z_computed_err": 0.49994186142649444, 
  "Z_computed": -11.64577813736645, 
  "neval": 160139
}