{
  "duration": 59.77485680580139, 
  "niterations": 11963, 
  "Z_computed_err": 0.4999230806575603, 
  "Z_computed": -11.429743892013958, 
  "neval": 165921
}