{
  "duration": 56.37619495391846, 
  "niterations": 12005, 
  "Z_computed_err": 0.4998962921498118, 
  "Z_computed": -11.495992601441559, 
  "neval": 161984
}