{
  "duration": 58.86586093902588, 
  "niterations": 12069, 
  "Z_computed_err": 0.49994157743615153, 
  "Z_computed": -11.552390150142234, 
  "neval": 159169
}