{
  "duration": 57.70988607406616, 
  "niterations": 12132, 
  "Z_computed_err": 0.4998179861821621, 
  "Z_computed": -11.588763214077074, 
  "neval": 161059
}