{
  "duration": 59.705076932907104, 
  "niterations": 12033, 
  "Z_computed_err": 0.4999005591137938, 
  "Z_computed": -11.543867143965299, 
  "neval": 164315
}