{
  "duration": 31.190120935440063, 
  "neval": 51072, 
  "Z_computed_err": 0.005538655901253028, 
  "Z_computed": 0.007825330183895508
}