{
  "neval": 41230, 
  "Z_computed_err": 0.006696917895804585, 
  "Z_computed": 0.001821688040457664
}