{
  "neval": 49974, 
  "Z_computed_err": 0.00693537407549774, 
  "Z_computed": 0.0070382772726407675
}