{
  "neval": 46215, 
  "Z_computed_err": 0.010314679686383128, 
  "Z_computed": 0.015110085218449561
}