{
  "neval": 45064, 
  "Z_computed_err": 0.10439141255437863, 
  "Z_computed": 0.11175765638862802
}