{
  "neval": 49879, 
  "Z_computed_err": 0.1577841030694014, 
  "Z_computed": 0.1789536801513281
}