{
  "neval": 48773, 
  "Z_computed_err": 0.00623862634933065, 
  "Z_computed": 0.0005293110060353656
}