{
  "neval": 44537, 
  "Z_computed_err": 0.1069109586759012, 
  "Z_computed": 0.1617424628420302
}