{
  "neval": 46524, 
  "Z_computed_err": 0.005135037945613173, 
  "Z_computed": -0.0002350946966561041
}