{
  "neval": 49421, 
  "Z_computed_err": 0.030331652776141898, 
  "Z_computed": 0.027286758645358726
}