{
  "neval": 2008380, 
  "Z_computed_err": 4.409894826128366, 
  "Z_computed": -0.14113906112978208
}