{
  "neval": 2013751, 
  "Z_computed_err": 4.460951228805447, 
  "Z_computed": -0.07361023567856068
}