{
  "neval": 2003550, 
  "Z_computed_err": 5.225984793041038, 
  "Z_computed": -0.2454783303643251
}