{
  "neval": 2014858, 
  "Z_computed_err": 4.472578670233376, 
  "Z_computed": 0.12122388015500515
}