{
  "neval": 2001185, 
  "Z_computed_err": 5.370608313428131, 
  "Z_computed": -0.10015863293052539
}