{
  "neval": 2000265, 
  "Z_computed_err": 5.01182726913963, 
  "Z_computed": 0.2362948208289375
}