{
  "neval": 2004405, 
  "Z_computed_err": 5.741764163564306, 
  "Z_computed": 0.09957463975083253
}