{
  "neval": 2000826, 
  "Z_computed_err": 4.88590929955765, 
  "Z_computed": -0.21915083879505015
}