{
  "neval": 2003615, 
  "Z_computed_err": 4.909354031422714, 
  "Z_computed": -0.10012029876067642
}