{
  "neval": 2006239, 
  "Z_computed_err": 4.957686520560638, 
  "Z_computed": -0.10309893920263376
}