{
  "duration": 46.59961295127869, 
  "neval": 19951, 
  "Z_computed_err": 0.013474746727139589, 
  "Z_computed": 0.01516938851982168
}