{
  "duration": 46.62077713012695, 
  "neval": 18128, 
  "Z_computed_err": 0.02157698373470326, 
  "Z_computed": 0.05334908209134121
}