{
  "duration": 48.40420603752136, 
  "neval": 17554, 
  "Z_computed_err": 0.016939378177051045, 
  "Z_computed": 0.0348121656042977
}