{
  "duration": 47.43372702598572, 
  "neval": 17455, 
  "Z_computed_err": 0.018043929978781497, 
  "Z_computed": 0.024464033932174365
}