{
  "duration": 38.73191785812378, 
  "neval": 18097, 
  "Z_computed_err": 0.059806142788396396, 
  "Z_computed": 0.09267780055979426
}