{
  "duration": 43.717211961746216, 
  "neval": 18665, 
  "Z_computed_err": 0.014874769411764454, 
  "Z_computed": 0.017637983825685967
}