{
  "duration": 39.61414813995361, 
  "neval": 16502, 
  "Z_computed_err": 0.06243863626637018, 
  "Z_computed": 0.07883771942203709
}