{
  "duration": 45.651307106018066, 
  "neval": 17746, 
  "Z_computed_err": 0.018778175175973636, 
  "Z_computed": 0.025716258479234477
}