{
  "duration": 43.26929783821106, 
  "neval": 17049, 
  "Z_computed_err": 0.019414936556751666, 
  "Z_computed": 0.04486309250706687
}