{
  "duration": 42.966968059539795, 
  "neval": 19204, 
  "Z_computed_err": 0.01365056663776337, 
  "Z_computed": 0.007236278408651466
}