{
  "neval": 4008, 
  "Z_computed_err": 0.023551391635598662, 
  "Z_computed": 0.07926752826963832
}