{
  "neval": 5500, 
  "Z_computed_err": 0.02210149886835685, 
  "Z_computed": -0.0002642928831723876
}