{
  "neval": 4376, 
  "Z_computed_err": 0.02617664105353486, 
  "Z_computed": -0.026768367420617337
}