{
  "neval": 4773, 
  "Z_computed_err": 0.01953713367366309, 
  "Z_computed": 0.0019394751896427262
}