{
  "neval": 4111, 
  "Z_computed_err": 0.21788262597571434, 
  "Z_computed": 0.25719047002895273
}