{
  "neval": 6346, 
  "Z_computed_err": 0.020098797227994618, 
  "Z_computed": -0.011902141892802249
}