{
  "neval": 6341, 
  "Z_computed_err": 0.02026452376309199, 
  "Z_computed": 0.029593910053955414
}