{
  "neval": 3957, 
  "Z_computed_err": 0.02439648649246656, 
  "Z_computed": 0.02187140801719053
}