{
  "neval": 5373, 
  "Z_computed_err": 0.023669825499584924, 
  "Z_computed": 0.008103019002861195
}