{
  "duration": 0.7115559577941895, 
  "niterations": 930, 
  "Z_computed_err": 0.49904453018484174, 
  "Z_computed": 0.06278757484601737, 
  "neval": 1934
}