{
  "duration": 0.7662789821624756, 
  "niterations": 1016, 
  "Z_computed_err": 0.4991393467066026, 
  "Z_computed": -0.14470073378685686, 
  "neval": 2004
}