{
  "duration": 0.724632978439331, 
  "niterations": 946, 
  "Z_computed_err": 0.49882668453758094, 
  "Z_computed": 0.027934987014415706, 
  "neval": 2007
}