{
  "duration": 0.7117600440979004, 
  "niterations": 938, 
  "Z_computed_err": 0.4997586701755876, 
  "Z_computed": 0.046084688288162916, 
  "neval": 2027
}