{
  "duration": 0.723242998123169, 
  "niterations": 965, 
  "Z_computed_err": 0.4994917220378018, 
  "Z_computed": -0.022674925428352238, 
  "neval": 2021
}