{
  "duration": 0.7212669849395752, 
  "niterations": 955, 
  "Z_computed_err": 0.49908386999565046, 
  "Z_computed": 0.0036851560322045296, 
  "neval": 1948
}