{
  "duration": 112.45701503753662, 
  "niterations": 11458, 
  "Z_computed_err": 0.49931216814778423, 
  "Z_computed": -1.9541498684341447, 
  "neval": 352639
}