{
  "duration": 1425.9945209026337, 
  "niterations": 10514, 
  "Z_computed_err": 3.97456887324845, 
  "Z_computed": -1.9960511723346386, 
  "neval": 2002847
}