{
  "duration": 1125.3106098175049, 
  "niterations": 11849, 
  "Z_computed_err": 2.4852309718071806, 
  "Z_computed": -1.5732803099936594, 
  "neval": 2004998
}