{
  "duration": 1045.1114110946655, 
  "niterations": 12033, 
  "Z_computed_err": 3.2273716023340637, 
  "Z_computed": -2.0654442892471843, 
  "neval": 2000007
}