{
  "duration": 109.47697496414185, 
  "niterations": 12210, 
  "Z_computed_err": 0.499356813898203, 
  "Z_computed": -1.8044699130453508, 
  "neval": 385958
}