{
  "duration": 6538.833801984787, 
  "failed": true, 
  "Z_computed_err": 0.6894868024913272, 
  "Z_computed": -30.37058453478093, 
  "neval": 2002000
}