{
  "duration": 6888.066904067993, 
  "failed": true, 
  "Z_computed_err": 0.44891833362735767, 
  "Z_computed": -20.316335876361133, 
  "neval": 2002000
}