{
  "duration": 6591.283851861954, 
  "failed": true, 
  "Z_computed_err": 0.4779231853797299, 
  "Z_computed": -34.203359874035755, 
  "neval": 2002000
}