{
  "duration": 6933.090728998184, 
  "failed": true, 
  "Z_computed_err": 0.6317658366720273, 
  "Z_computed": -25.282184960965758, 
  "neval": 2002000
}