{
  "duration": 6983.990638971329, 
  "failed": true, 
  "Z_computed_err": 0.5506359127765492, 
  "Z_computed": -34.98092115863877, 
  "neval": 2002000
}