{
  "duration": 5583.460921049118, 
  "failed": true, 
  "Z_computed_err": 0.5333967931884409, 
  "Z_computed": -28.157379508763142, 
  "neval": 2002000
}