{
  "duration": 5735.805880069733, 
  "failed": true, 
  "Z_computed_err": 0.6431416258425884, 
  "Z_computed": -23.14977398824474, 
  "neval": 2002000
}