{
  "duration": 5710.088040113449, 
  "failed": true, 
  "Z_computed_err": 0.5199011701606722, 
  "Z_computed": -25.787488869370474, 
  "neval": 2002000
}