{
  "duration": 5439.108211994171, 
  "failed": true, 
  "Z_computed_err": 0.6930721193765379, 
  "Z_computed": -35.276164156819284, 
  "neval": 2002000
}