{
  "duration": 5412.82861995697, 
  "failed": true, 
  "Z_computed_err": 0.679883996921447, 
  "Z_computed": -31.65578455644179, 
  "neval": 2002000
}