{
  "duration": 224.42221999168396, 
  "failed": true, 
  "Z_computed_err": 1.780042239234536, 
  "Z_computed": -2.747227156643111, 
  "neval": 2003245
}