{
  "duration": 22.561580896377563, 
  "niterations": 8263, 
  "Z_computed_err": 0.49961049070584096, 
  "Z_computed": 235.7472011206564, 
  "neval": 22686
}