{
  "duration": 22.968115091323853, 
  "niterations": 8187, 
  "Z_computed_err": 0.49962318666085515, 
  "Z_computed": 235.82339249301003, 
  "neval": 23795
}