{
  "duration": 20.628142833709717, 
  "niterations": 8120, 
  "Z_computed_err": 0.4998204385737095, 
  "Z_computed": 235.88614370813238, 
  "neval": 22324
}