{
  "duration": 22.187288999557495, 
  "niterations": 8169, 
  "Z_computed_err": 0.49997582443674526, 
  "Z_computed": 235.84072692257783, 
  "neval": 22138
}