{
  "duration": 21.262204885482788, 
  "niterations": 8122, 
  "Z_computed_err": 0.4995895835544685, 
  "Z_computed": 235.88889819960212, 
  "neval": 22687
}