{
  "duration": 23.244954109191895, 
  "niterations": 8146, 
  "Z_computed_err": 0.49964739909497846, 
  "Z_computed": 235.86408411046776, 
  "neval": 23695
}