{
  "duration": 21.92318892478943, 
  "niterations": 8078, 
  "Z_computed_err": 0.499707858901945, 
  "Z_computed": 235.93177172764607, 
  "neval": 23153
}