{
  "duration": 21.4408438205719, 
  "niterations": 8125, 
  "Z_computed_err": 0.4995557295239236, 
  "Z_computed": 235.8813446471866, 
  "neval": 22716
}