{
  "duration": 22.52650499343872, 
  "niterations": 8101, 
  "Z_computed_err": 0.49994870730271423, 
  "Z_computed": 235.90941688278548, 
  "neval": 23776
}