{
  "duration": 16.77670407295227, 
  "niterations": 8093, 
  "Z_computed_err": 0.4998283470906683, 
  "Z_computed": 235.91498022007843, 
  "neval": 23330
}