{
  "duration": 0.8303921222686768, 
  "failed": false, 
  "Z_computed_err": 0.12106659347317486, 
  "Z_computed": -0.1653160907527177, 
  "neval": 1000
}