{
  "duration": 0.8005990982055664, 
  "failed": false, 
  "Z_computed_err": 0.11332576951165929, 
  "Z_computed": 0.0303055543654733, 
  "neval": 1000
}