{
  "duration": 0.7645068168640137, 
  "failed": false, 
  "Z_computed_err": 0.10787040854071901, 
  "Z_computed": 0.10249652616191711, 
  "neval": 1000
}