{
  "failed": true, 
  "Z_computed_err": 4.464966463680234, 
  "Z_computed": -43.011379404315512, 
  "neval": 2002000
}