{
  "failed": true, 
  "Z_computed_err": 1.3463131898400604, 
  "Z_computed": -39.602946953554174, 
  "neval": 2002000
}