{
  "failed": true, 
  "Z_computed_err": 1.8677743594251055, 
  "Z_computed": -40.257955404436281, 
  "neval": 2002000
}