{
  "failed": true, 
  "Z_computed_err": 2.7007430123289424, 
  "Z_computed": -41.293283414463545, 
  "neval": 2002000
}