{
  "failed": true, 
  "Z_computed_err": 2.1452914625540203, 
  "Z_computed": -40.682997247306233, 
  "neval": 2002000
}