{
  "failed": true, 
  "Z_computed_err": 3.362890283616643, 
  "Z_computed": -42.243463536895021, 
  "neval": 2002000
}