{
  "failed": true, 
  "Z_computed_err": 3.071266124499253, 
  "Z_computed": -41.776888048881482, 
  "neval": 2002000
}