{
  "failed": true, 
  "Z_computed_err": 4.3876883430530995, 
  "Z_computed": -43.128299684491765, 
  "neval": 2002000
}