{
  "failed": true, 
  "Z_computed_err": 1.0796761517859181, 
  "Z_computed": -39.227225985532023, 
  "neval": 2002000
}