{
  "failed": true, 
  "Z_computed_err": 1.1624096383408684, 
  "Z_computed": -39.447755233584509, 
  "neval": 2002000
}