{
  "duration": 13.878841161727905, 
  "neval": 9174, 
  "Z_computed_err": 0.015951576877147863, 
  "Z_computed": -0.2346079697222095
}