{
  "duration": 11.834928035736084, 
  "neval": 9601, 
  "Z_computed_err": 0.01601220297871273, 
  "Z_computed": -0.29252976280041404
}