{
  "duration": 12.151938915252686, 
  "neval": 9477, 
  "Z_computed_err": 0.015620661808498273, 
  "Z_computed": -0.24810689127862004
}