{
  "duration": 12.231981039047241, 
  "neval": 9186, 
  "Z_computed_err": 0.01571331802887457, 
  "Z_computed": -0.2163561646800756
}