{
  "duration": 14.071033000946045, 
  "neval": 9281, 
  "Z_computed_err": 0.01566494304398954, 
  "Z_computed": -0.24326609309152386
}