{
  "duration": 13.152433156967163, 
  "neval": 9026, 
  "Z_computed_err": 0.01636669222116703, 
  "Z_computed": -0.26207013038658306
}