{
  "duration": 11.910705089569092, 
  "neval": 9362, 
  "Z_computed_err": 0.014273432309981278, 
  "Z_computed": -0.24623698757868495
}