{
  "duration": 11.172985076904297, 
  "neval": 9417, 
  "Z_computed_err": 0.0145036306996539, 
  "Z_computed": -0.2826052738464204
}