{
  "duration": 11.252671003341675, 
  "neval": 8888, 
  "Z_computed_err": 0.01462754105510064, 
  "Z_computed": -0.24587761360445007
}