{
  "duration": 11.924136877059937, 
  "neval": 9193, 
  "Z_computed_err": 0.01616794935173489, 
  "Z_computed": -0.273283601760923
}