{
  "duration": 0.3816351890563965, 
  "neval": 2965, 
  "Z_computed_err": 0.016408957590083116, 
  "Z_computed": 0.014024717189686365
}