{
  "neval": 2959, 
  "Z_computed_err": 0.017109218218716932, 
  "Z_computed": -0.01100974613342254
}