{
  "neval": 2999, 
  "Z_computed_err": 0.016133925250580012, 
  "Z_computed": 0.01866029456349728
}