{
  "neval": 2970, 
  "Z_computed_err": 0.01660541570796738, 
  "Z_computed": -0.006632648738751837
}