{
  "neval": 2986, 
  "Z_computed_err": 0.015902803979697278, 
  "Z_computed": -0.012810358870508626
}