{
  "neval": 2897, 
  "Z_computed_err": 0.016524333521556665, 
  "Z_computed": -0.013187700510413078
}