{
  "neval": 2922, 
  "Z_computed_err": 0.016684935233023526, 
  "Z_computed": -0.00809257499992643
}