{
  "neval": 3170, 
  "Z_computed_err": 0.01653087562906693, 
  "Z_computed": 0.01210360620884102
}