{
  "neval": 3164, 
  "Z_computed_err": 0.016393982492671405, 
  "Z_computed": -0.004371134366078122
}