{
  "neval": 2923, 
  "Z_computed_err": 0.016882429642001484, 
  "Z_computed": 0.005639602036218763
}