{
  "duration": 458.5682179927826, 
  "niterations": 17341, 
  "Z_computed_err": 5.8355044771203985, 
  "Z_computed": -23.248930265768816, 
  "neval": 2000205
}