{
  "duration": 454.5447688102722, 
  "niterations": 17381, 
  "Z_computed_err": 6.158444270293026, 
  "Z_computed": -22.990979350462663, 
  "neval": 2000564
}