{
  "duration": 449.3259220123291, 
  "niterations": 17586, 
  "Z_computed_err": 5.513264594163642, 
  "Z_computed": -23.158866570989822, 
  "neval": 2000149
}