{
  "duration": 447.0450360774994, 
  "niterations": 18165, 
  "Z_computed_err": 5.421244357591295, 
  "Z_computed": -22.813488989908613, 
  "neval": 2000260
}