{
  "duration": 448.308217048645, 
  "niterations": 17390, 
  "Z_computed_err": 5.365422458323238, 
  "Z_computed": -22.878172031205587, 
  "neval": 2000107
}