{
  "duration": 474.8807201385498, 
  "niterations": 18156, 
  "Z_computed_err": 4.5614477506076705, 
  "Z_computed": -22.996666414940172, 
  "neval": 2000079
}