{
  "duration": 478.27837204933167, 
  "niterations": 16948, 
  "Z_computed_err": 6.976866880214463, 
  "Z_computed": -23.156902235068603, 
  "neval": 2000138
}