{
  "duration": 482.6482729911804, 
  "niterations": 17274, 
  "Z_computed_err": 6.109986556861427, 
  "Z_computed": -22.95340676631842, 
  "neval": 2000051
}