{
  "duration": 481.086629152298, 
  "niterations": 17027, 
  "Z_computed_err": 6.737977448604398, 
  "Z_computed": -22.85292158843584, 
  "neval": 2000138
}