{
  "duration": 472.1646921634674, 
  "niterations": 16911, 
  "Z_computed_err": 6.319666008380723, 
  "Z_computed": -23.011952411557058, 
  "neval": 2000125
}