{
  "duration": 0.5668790340423584, 
  "failed": false, 
  "Z_computed_err": 0.1005650496735555, 
  "Z_computed": -4.582230703747385, 
  "neval": 2521
}