{
  "duration": 22.028520822525024, 
  "niterations": 6015, 
  "Z_computed_err": 0.49990191146751856, 
  "Z_computed": 5.190835998331241, 
  "neval": 17765
}