{
  "duration": 22.288647890090942, 
  "niterations": 6162, 
  "Z_computed_err": 0.4995987822184246, 
  "Z_computed": 5.0427282571928185, 
  "neval": 17720
}