{
  "duration": 23.12419104576111, 
  "niterations": 6127, 
  "Z_computed_err": 0.49990247940647764, 
  "Z_computed": 5.078719208667052, 
  "neval": 18220
}