{
  "duration": 18.656800031661987, 
  "niterations": 6171, 
  "Z_computed_err": 0.49964940553160353, 
  "Z_computed": 5.033927286317768, 
  "neval": 17110
}