{
  "duration": 23.75359296798706, 
  "niterations": 6122, 
  "Z_computed_err": 0.4996454023203839, 
  "Z_computed": 5.08643433449238, 
  "neval": 18727
}