{
  "duration": 24.71296715736389, 
  "niterations": 6126, 
  "Z_computed_err": 0.49967207271405867, 
  "Z_computed": 5.080792818581639, 
  "neval": 18179
}