{
  "duration": 20.33490490913391, 
  "niterations": 6041, 
  "Z_computed_err": 0.49996505627827537, 
  "Z_computed": 5.166654432820424, 
  "neval": 17375
}