{
  "duration": 22.051461935043335, 
  "niterations": 6170, 
  "Z_computed_err": 0.4999590432789696, 
  "Z_computed": 5.035336779961463, 
  "neval": 17908
}