{
  "duration": 22.73638105392456, 
  "niterations": 6034, 
  "Z_computed_err": 0.4998763033692727, 
  "Z_computed": 5.170724287960596, 
  "neval": 18639
}