{
  "duration": 20.73408007621765, 
  "niterations": 6014, 
  "Z_computed_err": 0.4995654734945641, 
  "Z_computed": 5.191801302882438, 
  "neval": 16996
}