{
  "duration": 24.89319396018982, 
  "neval": 17640, 
  "Z_computed_err": 0.015021973079682314, 
  "Z_computed": 0.03147298527592598
}