{
  "duration": 37.3485689163208, 
  "neval": 17126, 
  "Z_computed_err": 0.01686954768568525, 
  "Z_computed": 0.02773514626597146
}