{
  "duration": 26.491722106933594, 
  "neval": 18529, 
  "Z_computed_err": 0.013749033795084162, 
  "Z_computed": 0.031182106974360232
}