{
  "duration": 37.2003698348999, 
  "neval": 16757, 
  "Z_computed_err": 0.053436612716350064, 
  "Z_computed": 0.07240263671184054
}