{
  "duration": 25.587752103805542, 
  "neval": 17025, 
  "Z_computed_err": 0.013909181808094893, 
  "Z_computed": 0.002088998765122578
}