{
  "duration": 26.189208030700684, 
  "neval": 17690, 
  "Z_computed_err": 0.013987719221987351, 
  "Z_computed": 0.015169020731981675
}