{
  "duration": 30.63749122619629, 
  "neval": 15400, 
  "Z_computed_err": 0.016086141216347653, 
  "Z_computed": 0.030905413298211414
}