{
  "duration": 22.12474298477173, 
  "neval": 15283, 
  "Z_computed_err": 0.09780349165180846, 
  "Z_computed": 0.1659036306112704
}