{
  "duration": 21.75202202796936, 
  "neval": 15394, 
  "Z_computed_err": 0.021163746826928585, 
  "Z_computed": 0.04828003610236725
}