{
  "duration": 28.19634199142456, 
  "neval": 16234, 
  "Z_computed_err": 0.014251792804474878, 
  "Z_computed": 0.03056775790186912
}