{
  "duration": 0.2689690589904785, 
  "failed": false, 
  "Z_computed_err": 0.18852400716575948, 
  "Z_computed": -0.014142044735812796, 
  "neval": 1000
}