{
  "duration": 0.28940796852111816, 
  "failed": false, 
  "Z_computed_err": 0.20487401816430542, 
  "Z_computed": 0.13611889235508803, 
  "neval": 1000
}