{
  "failed": false, 
  "Z_computed_err": 0.34569443936444166, 
  "Z_computed": -5.415162670009463, 
  "neval": 3000
}