{
  "failed": false, 
  "Z_computed_err": 0.3021857701653854, 
  "Z_computed": -5.418937964764892, 
  "neval": 1000
}