{
  "failed": false, 
  "Z_computed_err": 0.32376408042368965, 
  "Z_computed": -5.843933072402045, 
  "neval": 1000
}