{
  "failed": false, 
  "Z_computed_err": 0.33551444104315475, 
  "Z_computed": -5.620916125470266, 
  "neval": 1000
}