{
  "failed": false, 
  "Z_computed_err": 0.2635857238584691, 
  "Z_computed": -5.215582218696473, 
  "neval": 1000
}