{
  "failed": false, 
  "Z_computed_err": 0.37249575343457675, 
  "Z_computed": -6.288842360886066, 
  "neval": 1000
}