{
  "failed": false, 
  "Z_computed_err": 0.3139186407055936, 
  "Z_computed": -6.002383380771416, 
  "neval": 1000
}