{
  "neval": 14980, 
  "Z_computed_err": 0.04875363093446679, 
  "Z_computed": 0.06000626996895719
}