{
  "neval": 13941, 
  "Z_computed_err": 0.049447046220598215, 
  "Z_computed": -0.0261603893444579
}