{
  "neval": 14217, 
  "Z_computed_err": 0.048740742659806026, 
  "Z_computed": 0.03110879534925421
}