{
  "neval": 14917, 
  "Z_computed_err": 0.04897622256134948, 
  "Z_computed": 0.012895838991545196
}