{
  "neval": 14296, 
  "Z_computed_err": 0.04893955748574982, 
  "Z_computed": -0.004453001818122204
}