{
  "neval": 15154, 
  "Z_computed_err": 0.04865661327050803, 
  "Z_computed": 0.053969845087085605
}