{
  "neval": 15192, 
  "Z_computed_err": 0.04875496676471983, 
  "Z_computed": 0.08192762273103986
}