{
  "neval": 14195, 
  "Z_computed_err": 0.049336198144590816, 
  "Z_computed": -0.016620840560169266
}