{
  "neval": 13468, 
  "Z_computed_err": 0.05038498106307817, 
  "Z_computed": -0.14811992656034867
}