{
  "neval": 15079, 
  "Z_computed_err": 0.04887766871316238, 
  "Z_computed": 0.05443444847487709
}