{
  "duration": 4.792267799377441, 
  "niterations": 2164, 
  "Z_computed_err": 0.4994220979645186, 
  "Z_computed": 0.4176649246100544, 
  "neval": 5217
}