{
  "duration": 5.063869953155518, 
  "niterations": 2190, 
  "Z_computed_err": 0.49956999577690353, 
  "Z_computed": 0.36077712280872876, 
  "neval": 5193
}