{
  "duration": 6.23868989944458, 
  "niterations": 2240, 
  "Z_computed_err": 0.4990019524231316, 
  "Z_computed": 0.23509214126456096, 
  "neval": 5680
}