{
  "duration": 6.096106052398682, 
  "niterations": 2285, 
  "Z_computed_err": 0.49958434164334553, 
  "Z_computed": 0.12269951127660467, 
  "neval": 5575
}