{
  "duration": 595.9141988754272, 
  "neval": 176793, 
  "Z_computed_err": 0.009940710747483523, 
  "Z_computed": 0.08168042635702519
}