{
  "duration": 566.2525811195374, 
  "neval": 176742, 
  "Z_computed_err": 0.05781185467724453, 
  "Z_computed": 0.15355975350750148
}