{
  "duration": 645.575600862503, 
  "neval": 187591, 
  "Z_computed_err": 0.06016070821519666, 
  "Z_computed": 0.14076256072764431
}