{
  "duration": 518.8345000743866, 
  "neval": 154561, 
  "Z_computed_err": 0.11329110554247512, 
  "Z_computed": 0.19997702948885343
}