{
  "duration": 579.9107670783997, 
  "neval": 162544, 
  "Z_computed_err": 0.009879423869391479, 
  "Z_computed": 0.06921275820316325
}