{
  "duration": 530.7306249141693, 
  "neval": 169728, 
  "Z_computed_err": 0.03091733584427445, 
  "Z_computed": 0.10826929659623227
}