{
  "duration": 492.6288421154022, 
  "neval": 155780, 
  "Z_computed_err": 0.023064106625473535, 
  "Z_computed": 0.1395326154597555
}