{
  "duration": 556.302686214447, 
  "neval": 156700, 
  "Z_computed_err": 0.02937120174862785, 
  "Z_computed": 0.12089476196057501
}