{
  "duration": 527.5370969772339, 
  "neval": 164942, 
  "Z_computed_err": 0.019254397753180195, 
  "Z_computed": 0.11256699549242064
}