{
  "duration": 470.0542459487915, 
  "neval": 152897, 
  "Z_computed_err": 0.01816401021754876, 
  "Z_computed": 0.09803996048033706
}