{
  "neval": 870, 
  "Z_computed_err": 0.030749051401752086, 
  "Z_computed": 0.014993295867028045
}