{
  "neval": 903, 
  "Z_computed_err": 0.03246698090497836, 
  "Z_computed": 0.026754370626295244
}