{
  "neval": 828, 
  "Z_computed_err": 0.035737255938599735, 
  "Z_computed": -0.0024719387151923428
}