{
  "neval": 914, 
  "Z_computed_err": 0.035756734863330204, 
  "Z_computed": 0.0021031151873205263
}