{
  "neval": 797, 
  "Z_computed_err": 0.036401189299750204, 
  "Z_computed": -0.020299150447350953
}