{
  "neval": 864, 
  "Z_computed_err": 0.03598637774401719, 
  "Z_computed": -0.02124100384764852
}