{
  "neval": 918, 
  "Z_computed_err": 0.0370681660090272, 
  "Z_computed": 0.08480697664521233
}