{
  "neval": 868, 
  "Z_computed_err": 0.035068015751909695, 
  "Z_computed": -0.051309473934219765
}