{
  "neval": 768, 
  "Z_computed_err": 0.03354800127089065, 
  "Z_computed": -0.009912704997769996
}