{
  "duration": 4.506284952163696, 
  "niterations": 1716, 
  "Z_computed_err": 0.49912478174968017, 
  "Z_computed": 0.6482288705585028, 
  "neval": 6831
}