{
  "duration": 4.882926940917969, 
  "niterations": 1663, 
  "Z_computed_err": 0.499112018060498, 
  "Z_computed": 0.7780852485392526, 
  "neval": 7816
}