{
  "duration": 5.633064031600952, 
  "niterations": 1692, 
  "Z_computed_err": 0.4992775115116672, 
  "Z_computed": 0.7059737202443027, 
  "neval": 7178
}