{
  "duration": 4.583956956863403, 
  "niterations": 1685, 
  "Z_computed_err": 0.49937637550460473, 
  "Z_computed": 0.7244577850337723, 
  "neval": 7195
}