{
  "failed": false, 
  "Z_computed_err": 0.3804700101340725, 
  "Z_computed": 0.05739133277785352, 
  "neval": 381
}