{
  "duration": 2.9018330574035645, 
  "niterations": 1489, 
  "Z_computed_err": 0.49980612694283083, 
  "Z_computed": 0.03624058809794945, 
  "neval": 3740
}