{
  "duration": 2.3892180919647217, 
  "niterations": 1503, 
  "Z_computed_err": 0.49918425870162125, 
  "Z_computed": -0.0010823168904542802, 
  "neval": 3647
}