{
  "duration": 2.7103569507598877, 
  "niterations": 1473, 
  "Z_computed_err": 0.49912290546759486, 
  "Z_computed": 0.06837226558823886, 
  "neval": 3604
}