{
  "duration": 2.277196168899536, 
  "niterations": 1426, 
  "Z_computed_err": 0.4993549127657412, 
  "Z_computed": 0.18133839612888888, 
  "neval": 3466
}