{
  "duration": 2.535277843475342, 
  "niterations": 1524, 
  "Z_computed_err": 0.4999809057375377, 
  "Z_computed": -0.05985309811161566, 
  "neval": 3621
}