{
  "duration": 2.1234350204467773, 
  "niterations": 1470, 
  "Z_computed_err": 0.49975284790208285, 
  "Z_computed": 0.07240357526152341, 
  "neval": 3614
}