{
  "duration": 3.0972859859466553, 
  "niterations": 1489, 
  "Z_computed_err": 0.4996005172454563, 
  "Z_computed": 0.030881460646257314, 
  "neval": 3546
}