{
  "duration": 2.572751998901367, 
  "niterations": 1471, 
  "Z_computed_err": 0.4995605405112451, 
  "Z_computed": 0.06939225520424894, 
  "neval": 3755
}