{
  "duration": 2.9567720890045166, 
  "niterations": 1511, 
  "Z_computed_err": 0.4989666866495101, 
  "Z_computed": -0.028008838375890216, 
  "neval": 3684
}