{
  "duration": 3.1546638011932373, 
  "niterations": 1474, 
  "Z_computed_err": 0.4991455908044187, 
  "Z_computed": 0.066573507532644, 
  "neval": 3796
}