{
  "duration": 10.204572200775146, 
  "niterations": 5777, 
  "Z_computed_err": 0.49961228730102525, 
  "Z_computed": -0.009163665827726094, 
  "neval": 12893
}