{
  "duration": 10.56662106513977, 
  "niterations": 5966, 
  "Z_computed_err": 0.4996325735824415, 
  "Z_computed": -0.19431272574143138, 
  "neval": 13355
}