{
  "duration": 14.622460126876831, 
  "niterations": 5729, 
  "Z_computed_err": 0.49973489936533044, 
  "Z_computed": 0.033427342637258654, 
  "neval": 12589
}