{
  "duration": 15.567248106002808, 
  "niterations": 5791, 
  "Z_computed_err": 0.4997475642820594, 
  "Z_computed": -0.022955867880758762, 
  "neval": 13268
}