{
  "duration": 14.801547050476074, 
  "niterations": 5720, 
  "Z_computed_err": 0.49971058866797263, 
  "Z_computed": 0.04566501212751736, 
  "neval": 12545
}