{
  "duration": 62.640941858291626, 
  "failed": false, 
  "Z_computed_err": 0.37200879193305925, 
  "Z_computed": -4.092778490934136, 
  "neval": 18064
}