{
  "duration": 140.97266006469727, 
  "failed": false, 
  "Z_computed_err": 0.3741268065230141, 
  "Z_computed": -8.328710610814507, 
  "neval": 39117
}