{
  "duration": 96.94115090370178, 
  "failed": false, 
  "Z_computed_err": 0.38317249279270094, 
  "Z_computed": -2.903436724005337, 
  "neval": 28108
}