{
  "duration": 89.09824800491333, 
  "failed": false, 
  "Z_computed_err": 0.3915012327334879, 
  "Z_computed": -2.8345004214738796, 
  "neval": 24085
}