{
  "duration": 128.89447593688965, 
  "failed": false, 
  "Z_computed_err": 0.3689100102190861, 
  "Z_computed": -3.8330160092909416, 
  "neval": 37098
}