{
  "duration": 123.47157502174377, 
  "failed": false, 
  "Z_computed_err": 0.37232823806746573, 
  "Z_computed": -2.0710653570025848, 
  "neval": 35105
}