{
  "duration": 111.34602093696594, 
  "failed": false, 
  "Z_computed_err": 0.35710452357302525, 
  "Z_computed": -2.079863313763054, 
  "neval": 34117
}