{
  "duration": 76.77081489562988, 
  "failed": false, 
  "Z_computed_err": 0.3230830215170126, 
  "Z_computed": -10.420906990747225, 
  "neval": 21070
}