{
  "duration": 80.76345801353455, 
  "failed": false, 
  "Z_computed_err": 0.3811413581979961, 
  "Z_computed": -2.5862555342593296, 
  "neval": 28108
}