{
  "duration": 44.56655693054199, 
  "failed": false, 
  "Z_computed_err": 0.3684639606142426, 
  "Z_computed": -7.821125991020563, 
  "neval": 14009
}