{
  "duration": 4.221076011657715, 
  "niterations": 1492, 
  "Z_computed_err": 0.4998782498394782, 
  "Z_computed": 0.019869131962962434, 
  "neval": 16788
}