{
  "duration": 7.927383899688721, 
  "neval": 9442, 
  "Z_computed_err": 0.04486585903741873, 
  "Z_computed": -0.0023951830646884668
}