{
  "duration": 7.752227067947388, 
  "neval": 9824, 
  "Z_computed_err": 0.044645759659001916, 
  "Z_computed": 0.010178859473517212
}