{
  "duration": 8.658880949020386, 
  "neval": 9284, 
  "Z_computed_err": 0.044808330361993304, 
  "Z_computed": 0.010671878613530516
}