{
  "duration": 8.654402017593384, 
  "neval": 9293, 
  "Z_computed_err": 0.04458216003610044, 
  "Z_computed": 0.01765557376165008
}