{
  "duration": 7.61570405960083, 
  "neval": 9387, 
  "Z_computed_err": 0.044871002804906426, 
  "Z_computed": 0.0030906251034056222
}