{
  "duration": 7.287735939025879, 
  "neval": 9278, 
  "Z_computed_err": 0.04547738438182008, 
  "Z_computed": -0.06675066951726213
}