{
  "duration": 6.87553596496582, 
  "neval": 9269, 
  "Z_computed_err": 0.04467550198106069, 
  "Z_computed": 0.026705587790602493
}