{
  "duration": 7.35505223274231, 
  "neval": 9444, 
  "Z_computed_err": 0.04418413636056755, 
  "Z_computed": 0.059634071718914244
}