{
  "duration": 6.7615578174591064, 
  "neval": 9322, 
  "Z_computed_err": 0.0442902139906718, 
  "Z_computed": 0.06923500394757007
}