{
  "duration": 7.448149919509888, 
  "neval": 9420, 
  "Z_computed_err": 0.045186437459702536, 
  "Z_computed": -0.032899349957639705
}