{
  "duration": 0.4761831760406494, 
  "neval": 1702, 
  "Z_computed_err": 0.05714230967111224, 
  "Z_computed": -5.116586328826767
}