{
  "duration": 0.5221960544586182, 
  "neval": 2240, 
  "Z_computed_err": 0.041701996685982484, 
  "Z_computed": -5.277977223591823
}