{
  "duration": 0.5029551982879639, 
  "neval": 1879, 
  "Z_computed_err": 0.04597563250899898, 
  "Z_computed": -5.312299791776891
}