{
  "duration": 0.5520401000976562, 
  "neval": 1992, 
  "Z_computed_err": 0.043751138568182676, 
  "Z_computed": -5.221222896955563
}