{
  "duration": 0.5606811046600342, 
  "neval": 1633, 
  "Z_computed_err": 0.05700307855010078, 
  "Z_computed": -5.2216553406289306
}