{
  "duration": 0.5249559879302979, 
  "neval": 1866, 
  "Z_computed_err": 0.05899952931934508, 
  "Z_computed": -4.643833508105999
}