{
  "duration": 0.5176541805267334, 
  "neval": 2262, 
  "Z_computed_err": 0.04810381359289631, 
  "Z_computed": -5.185264830888298
}