{
  "duration": 0.45924997329711914, 
  "neval": 1858, 
  "Z_computed_err": 0.04959919663359779, 
  "Z_computed": -5.180127653263468
}