{
  "duration": 0.5516719818115234, 
  "neval": 1860, 
  "Z_computed_err": 0.05653425502312593, 
  "Z_computed": -5.131972033504688
}