{
  "duration": 0.3867669105529785, 
  "neval": 2052, 
  "Z_computed_err": 0.04298454666656922, 
  "Z_computed": -5.2243666050774
}