{
  "duration": 37.019789934158325, 
  "neval": 17706, 
  "Z_computed_err": 0.13898442617588605, 
  "Z_computed": 0.21734155808456576
}