{
  "duration": 24.835563898086548, 
  "neval": 15611, 
  "Z_computed_err": 0.1412398364751873, 
  "Z_computed": 0.016887028913334417
}