{
  "duration": 25.052796840667725, 
  "neval": 15880, 
  "Z_computed_err": 0.14078631579834167, 
  "Z_computed": 0.08361657289289373
}