{
  "duration": 34.76852607727051, 
  "neval": 17136, 
  "Z_computed_err": 0.14089476525351485, 
  "Z_computed": 0.1662208973951787
}