{
  "duration": 23.149017095565796, 
  "neval": 14707, 
  "Z_computed_err": 0.142388588541844, 
  "Z_computed": -0.11398418849885443
}