{
  "duration": 27.70970606803894, 
  "neval": 17778, 
  "Z_computed_err": 0.13957147277699702, 
  "Z_computed": 0.16347317793105742
}