{
  "duration": 24.925975799560547, 
  "neval": 16697, 
  "Z_computed_err": 0.14002811302831222, 
  "Z_computed": 0.18293098919489403
}