{
  "duration": 22.56860589981079, 
  "neval": 15202, 
  "Z_computed_err": 0.14215228889609954, 
  "Z_computed": -0.05396485411283184
}