{
  "duration": 26.859169960021973, 
  "neval": 16224, 
  "Z_computed_err": 0.1416568266650006, 
  "Z_computed": 0.15086012025448303
}