{
  "duration": 22.349895000457764, 
  "neval": 17526, 
  "Z_computed_err": 0.13993272024837075, 
  "Z_computed": 0.18084066771530852
}