{
  "duration": 10.55794095993042, 
  "niterations": 3454, 
  "Z_computed_err": 0.49968801793421874, 
  "Z_computed": 0.017965422937217743, 
  "neval": 31260
}