{
  "duration": 10.005507946014404, 
  "niterations": 3429, 
  "Z_computed_err": 0.49999214860263547, 
  "Z_computed": 0.041840532746368585, 
  "neval": 30933
}