{
  "duration": 9.02931809425354, 
  "niterations": 3392, 
  "Z_computed_err": 0.49948387208837847, 
  "Z_computed": 0.080348056820897, 
  "neval": 30165
}