{
  "duration": 10.073513984680176, 
  "niterations": 3494, 
  "Z_computed_err": 0.49994260927097933, 
  "Z_computed": -0.021275746707211243, 
  "neval": 30063
}