{
  "duration": 11.225579977035522, 
  "niterations": 3440, 
  "Z_computed_err": 0.4997128777398001, 
  "Z_computed": 0.030586144691037487, 
  "neval": 31367
}