{
  "duration": 12.02605390548706, 
  "niterations": 3490, 
  "Z_computed_err": 0.49968024166877467, 
  "Z_computed": -0.017905763479888842, 
  "neval": 31988
}