{
  "duration": 10.111719846725464, 
  "niterations": 3436, 
  "Z_computed_err": 0.4996916494339544, 
  "Z_computed": 0.0361212663207015, 
  "neval": 31303
}