{
  "duration": 10.3788161277771, 
  "niterations": 3420, 
  "Z_computed_err": 0.49946380147212976, 
  "Z_computed": 0.05066409167630372, 
  "neval": 30905
}