{
  "duration": 10.2758469581604, 
  "niterations": 3462, 
  "Z_computed_err": 0.49976978338794203, 
  "Z_computed": 0.009980747343279282, 
  "neval": 32367
}