{
  "duration": 10.86356520652771, 
  "niterations": 3449, 
  "Z_computed_err": 0.4996142213393437, 
  "Z_computed": 0.0234217857934408, 
  "neval": 32220
}