{
  "duration": 12.255434036254883, 
  "neval": 32484, 
  "Z_computed_err": 0.19616631875486368, 
  "Z_computed": 4.9766916608383704
}