{
  "duration": 10.120345115661621, 
  "neval": 19668, 
  "Z_computed_err": 0.2006928507533907, 
  "Z_computed": 4.3613698473283184
}