{
  "duration": 9.614952087402344, 
  "neval": 22271, 
  "Z_computed_err": 0.19918395931680763, 
  "Z_computed": 4.326673135575688
}