{
  "duration": 10.453369140625, 
  "neval": 25678, 
  "Z_computed_err": 0.19893949469044991, 
  "Z_computed": 4.555309444593937
}