{
  "duration": 9.944483995437622, 
  "neval": 23220, 
  "Z_computed_err": 0.1993750313616758, 
  "Z_computed": 4.495921571050363
}