{
  "duration": 11.154316902160645, 
  "neval": 25449, 
  "Z_computed_err": 0.19878826662081808, 
  "Z_computed": 4.579677858102665
}