{
  "duration": 11.035546064376831, 
  "neval": 28238, 
  "Z_computed_err": 0.1980381319725134, 
  "Z_computed": 4.693322513940864
}