{
  "duration": 10.067101001739502, 
  "neval": 24015, 
  "Z_computed_err": 0.19925441791358747, 
  "Z_computed": 4.57333551960244
}