{
  "duration": 10.25390100479126, 
  "neval": 25113, 
  "Z_computed_err": 0.1989519282260493, 
  "Z_computed": 4.564068618722416
}