{
  "duration": 9.754048109054565, 
  "neval": 25240, 
  "Z_computed_err": 0.19840881751004366, 
  "Z_computed": 4.649270444601683
}