{
  "duration": 48.89325189590454, 
  "neval": 19156, 
  "Z_computed_err": 0.1392465613123028, 
  "Z_computed": 0.2967933716330358
}