{
  "duration": 36.54493284225464, 
  "neval": 17428, 
  "Z_computed_err": 0.140558675788596, 
  "Z_computed": 0.16647463423225517
}