{
  "duration": 39.63888502120972, 
  "neval": 16981, 
  "Z_computed_err": 0.14027961828213462, 
  "Z_computed": 0.13470630305665005
}