{
  "duration": 40.404417991638184, 
  "neval": 18478, 
  "Z_computed_err": 0.1407951158271736, 
  "Z_computed": 0.22592170560941513
}