{
  "duration": 41.56975507736206, 
  "neval": 16810, 
  "Z_computed_err": 0.14100278506702102, 
  "Z_computed": 0.13657499659566816
}