{
  "duration": 47.98982000350952, 
  "neval": 17893, 
  "Z_computed_err": 0.14001549124372561, 
  "Z_computed": 0.22274679756013685
}