{
  "duration": 46.024312019348145, 
  "neval": 16973, 
  "Z_computed_err": 0.14088244128073518, 
  "Z_computed": 0.1796858337543716
}