{
  "duration": 47.28527808189392, 
  "neval": 17079, 
  "Z_computed_err": 0.14006815717361853, 
  "Z_computed": 0.12655481818751385
}