{
  "duration": 43.38606905937195, 
  "neval": 15989, 
  "Z_computed_err": 0.14167749402179328, 
  "Z_computed": 0.040200262798599895
}