{
  "duration": 47.78293800354004, 
  "neval": 18139, 
  "Z_computed_err": 0.14004133001145502, 
  "Z_computed": 0.22759669718114972
}