{
  "duration": 0.13225197792053223, 
  "failed": false, 
  "Z_computed_err": 0.1582132311549289, 
  "Z_computed": -4.54921840397735, 
  "neval": 1000
}