{
  "duration": 0.11236977577209473, 
  "failed": false, 
  "Z_computed_err": 0.14446921282616287, 
  "Z_computed": -4.092820209489986, 
  "neval": 1000
}