{
  "duration": 0.0911569595336914, 
  "failed": false, 
  "Z_computed_err": 0.14107447147626306, 
  "Z_computed": -4.172786996907777, 
  "neval": 1000
}