{
  "duration": 0.1124110221862793, 
  "failed": false, 
  "Z_computed_err": 0.18275930208093527, 
  "Z_computed": -4.768809444653647, 
  "neval": 1000
}