{
  "duration": 0.11285686492919922, 
  "failed": false, 
  "Z_computed_err": 0.14311222407072766, 
  "Z_computed": -4.1897067713029115, 
  "neval": 1000
}