{
  "duration": 0.12120389938354492, 
  "failed": false, 
  "Z_computed_err": 0.1430803441393662, 
  "Z_computed": -4.243857745749837, 
  "neval": 1000
}