{
  "duration": 3.0977959632873535, 
  "neval": 7608, 
  "Z_computed_err": 0.019304178005775528, 
  "Z_computed": 5.158272982749388
}