{
  "duration": 2.9238100051879883, 
  "neval": 7803, 
  "Z_computed_err": 0.027812068451242733, 
  "Z_computed": 5.196307874019145
}