{
  "duration": 3.8602678775787354, 
  "neval": 7702, 
  "Z_computed_err": 0.020010452498941414, 
  "Z_computed": 5.191285281543926
}