{
  "duration": 3.3300390243530273, 
  "neval": 8872, 
  "Z_computed_err": 0.026111980879949613, 
  "Z_computed": 5.235755632854153
}