{
  "duration": 3.670048952102661, 
  "neval": 7745, 
  "Z_computed_err": 0.018493264731011292, 
  "Z_computed": 5.147565820204126
}