{
  "duration": 3.8720829486846924, 
  "neval": 8520, 
  "Z_computed_err": 0.05090160773203774, 
  "Z_computed": 5.661586297939633
}