{
  "duration": 3.8729660511016846, 
  "neval": 8005, 
  "Z_computed_err": 0.01885637662521334, 
  "Z_computed": 5.170885773148581
}