{
  "duration": 3.9316258430480957, 
  "neval": 7727, 
  "Z_computed_err": 0.041911550773864215, 
  "Z_computed": 5.321466771274719
}