{
  "duration": 3.9179108142852783, 
  "neval": 8384, 
  "Z_computed_err": 0.044506127359873957, 
  "Z_computed": 5.349259905283494
}