{
  "duration": 3.95999813079834, 
  "neval": 7645, 
  "Z_computed_err": 0.01838995425803407, 
  "Z_computed": 5.165977468614636
}