{
  "duration": 10.054903984069824, 
  "niterations": 3789, 
  "Z_computed_err": 0.49956116697436925, 
  "Z_computed": -1.8026802585898982, 
  "neval": 9381
}