{
  "duration": 9.095064163208008, 
  "niterations": 3672, 
  "Z_computed_err": 0.4991168021550807, 
  "Z_computed": -1.7684263818819979, 
  "neval": 8673
}