{
  "duration": 10.124469995498657, 
  "niterations": 4251, 
  "Z_computed_err": 0.4998558294477311, 
  "Z_computed": -1.7349670077116295, 
  "neval": 11226
}