{
  "duration": 9.153967142105103, 
  "niterations": 3820, 
  "Z_computed_err": 0.4995730974393845, 
  "Z_computed": -1.6207258635702413, 
  "neval": 9299
}