{
  "duration": 8.465888023376465, 
  "niterations": 3716, 
  "Z_computed_err": 0.4996955884070584, 
  "Z_computed": -2.0591904301400854, 
  "neval": 8225
}