{
  "duration": 8.311654090881348, 
  "niterations": 3735, 
  "Z_computed_err": 0.4995737252911367, 
  "Z_computed": -1.9783458916429897, 
  "neval": 8681
}