{
  "duration": 8.904653072357178, 
  "niterations": 3920, 
  "Z_computed_err": 0.49995639386116253, 
  "Z_computed": -1.7921118099296713, 
  "neval": 9050
}