{
  "duration": 9.192012071609497, 
  "niterations": 3993, 
  "Z_computed_err": 0.4995361227103222, 
  "Z_computed": -1.8925539431938936, 
  "neval": 10048
}