{
  "duration": 8.436062097549438, 
  "niterations": 3811, 
  "Z_computed_err": 0.49959931896575904, 
  "Z_computed": -1.7242339435396066, 
  "neval": 9071
}