{
  "duration": 6.817678928375244, 
  "niterations": 4054, 
  "Z_computed_err": 0.4994285583723829, 
  "Z_computed": -1.662706988089779, 
  "neval": 9800
}