{
  "duration": 28.928119897842407, 
  "neval": 47209, 
  "Z_computed_err": 0.010471610731350178, 
  "Z_computed": -23.836809044162084
}