{
  "duration": 24.2461199760437, 
  "neval": 40181, 
  "Z_computed_err": 0.013831478525864103, 
  "Z_computed": -23.80285944535854
}