{
  "duration": 23.987343072891235, 
  "neval": 49312, 
  "Z_computed_err": 0.01072667638187752, 
  "Z_computed": -23.789718923614153
}