{
  "duration": 24.39105987548828, 
  "neval": 42382, 
  "Z_computed_err": 0.010628918706885817, 
  "Z_computed": -23.838759030560965
}