{
  "duration": 25.221763849258423, 
  "neval": 48439, 
  "Z_computed_err": 0.010204473453682559, 
  "Z_computed": -23.77577922141836
}