{
  "duration": 26.49937415122986, 
  "neval": 47255, 
  "Z_computed_err": 0.010857069368707497, 
  "Z_computed": -23.832942916740627
}