{
  "duration": 24.78826880455017, 
  "neval": 49306, 
  "Z_computed_err": 0.010233301314379552, 
  "Z_computed": -23.804875887325217
}