{
  "duration": 20.69366693496704, 
  "neval": 42024, 
  "Z_computed_err": 0.011202356434719729, 
  "Z_computed": -23.847239774695762
}