{
  "duration": 22.789788007736206, 
  "neval": 47714, 
  "Z_computed_err": 0.09788367193724896, 
  "Z_computed": -23.70489984243922
}