{
  "duration": 18.110507011413574, 
  "neval": 43121, 
  "Z_computed_err": 0.014842135174765814, 
  "Z_computed": -23.836264051458624
}