{
  "duration": 0.6315569877624512, 
  "neval": 1193, 
  "Z_computed_err": 0.055091902365029026, 
  "Z_computed": -4.288617955007128
}