{
  "duration": 0.6114420890808105, 
  "neval": 1223, 
  "Z_computed_err": 0.05151326717400675, 
  "Z_computed": -4.563685060899835
}