{
  "duration": 0.4762580394744873, 
  "neval": 1292, 
  "Z_computed_err": 0.04661156098056887, 
  "Z_computed": -4.598592298011382
}