{
  "duration": 0.7357618808746338, 
  "neval": 1309, 
  "Z_computed_err": 0.053282059292147396, 
  "Z_computed": -4.6601834298906875
}