{
  "duration": 0.6966660022735596, 
  "neval": 1219, 
  "Z_computed_err": 0.05597143820025088, 
  "Z_computed": -4.531183953313599
}