{
  "duration": 0.5783228874206543, 
  "neval": 1252, 
  "Z_computed_err": 0.05800588521316427, 
  "Z_computed": -4.686120854369966
}