{
  "duration": 0.8384029865264893, 
  "neval": 1396, 
  "Z_computed_err": 0.049673655511615525, 
  "Z_computed": -4.606639311285369
}