{
  "duration": 0.7074010372161865, 
  "neval": 1251, 
  "Z_computed_err": 0.04897250063242872, 
  "Z_computed": -4.379526148939538
}