{
  "duration": 0.8003559112548828, 
  "neval": 1326, 
  "Z_computed_err": 0.05950728034221767, 
  "Z_computed": -4.771497881608231
}