{
  "duration": 0.6653130054473877, 
  "neval": 1309, 
  "Z_computed_err": 0.11649276880952475, 
  "Z_computed": -4.556300418315351
}