{
  "neval": 5150, 
  "Z_computed_err": 0.4992994958570439, 
  "Z_computed": -0.12014638955709112
}