{
  "neval": 9322, 
  "Z_computed_err": 0.3160557406895133, 
  "Z_computed": -0.36479174805118364
}