{
  "neval": 6813, 
  "Z_computed_err": 0.4100989558129752, 
  "Z_computed": 0.18841486983425237
}