{
  "neval": 6551, 
  "Z_computed_err": 0.49874167311151724, 
  "Z_computed": -0.11287055586006799
}