{
  "neval": 5570, 
  "Z_computed_err": 0.4686102658259902, 
  "Z_computed": 0.032890721064054926
}