{
  "neval": 8692, 
  "Z_computed_err": 0.4999970990788283, 
  "Z_computed": -0.23790899497099527
}