{
  "neval": 7623, 
  "Z_computed_err": 0.4994423765390251, 
  "Z_computed": -0.23161104214213907
}