{
  "neval": 5562, 
  "Z_computed_err": 0.4659215510813436, 
  "Z_computed": 0.04376722284052669
}