{
  "neval": 6479, 
  "Z_computed_err": 0.4992389488890922, 
  "Z_computed": -0.0873772155437345
}