{
  "neval": 5861, 
  "Z_computed_err": 0.43106287541190047, 
  "Z_computed": 0.1355365060737679
}