{
  "duration": 9.56679391860962, 
  "niterations": 4473, 
  "Z_computed_err": 0.4999805234283461, 
  "Z_computed": 0.03732229448669944, 
  "neval": 11420
}