{
  "duration": 25.244334936141968, 
  "niterations": 4490, 
  "Z_computed_err": 0.49955962899861084, 
  "Z_computed": 0.02133679362696772, 
  "neval": 11170
}