{
  "duration": 25.828752994537354, 
  "niterations": 4388, 
  "Z_computed_err": 0.4999443643158241, 
  "Z_computed": 0.12085628197678, 
  "neval": 11238
}