{
  "duration": 26.257072925567627, 
  "niterations": 4408, 
  "Z_computed_err": 0.4998139092634113, 
  "Z_computed": 0.10002263342072676, 
  "neval": 11503
}