{
  "duration": 26.58553910255432, 
  "niterations": 4450, 
  "Z_computed_err": 0.49988096590873055, 
  "Z_computed": 0.06108796718651066, 
  "neval": 11426
}