{
  "duration": 18.63862681388855, 
  "niterations": 4465, 
  "Z_computed_err": 0.499699441215486, 
  "Z_computed": 0.04596970640122089, 
  "neval": 11541
}