{
  "duration": 17.891664028167725, 
  "niterations": 4370, 
  "Z_computed_err": 0.4998422011426795, 
  "Z_computed": 0.13945318550673858, 
  "neval": 11428
}