{
  "duration": 18.007482051849365, 
  "niterations": 4429, 
  "Z_computed_err": 0.49954239830489144, 
  "Z_computed": 0.08183407800824333, 
  "neval": 11515
}