{
  "duration": 17.150439977645874, 
  "niterations": 4390, 
  "Z_computed_err": 0.4997304041681397, 
  "Z_computed": 0.1197198519509492, 
  "neval": 11426
}