{
  "duration": 14.310504913330078, 
  "niterations": 4372, 
  "Z_computed_err": 0.4997036491956979, 
  "Z_computed": 0.13799047390168506, 
  "neval": 11851
}