{
  "duration": 17.70921802520752, 
  "neval": 44536, 
  "Z_computed_err": 0.2250652845278016, 
  "Z_computed": -25.212961945889926
}