{
  "duration": 18.11834406852722, 
  "neval": 35265, 
  "Z_computed_err": 0.2274911009942575, 
  "Z_computed": -25.632581661603393
}