{
  "duration": 16.622848987579346, 
  "neval": 44413, 
  "Z_computed_err": 0.22497762629013845, 
  "Z_computed": -25.080239461313177
}