{
  "duration": 19.814325094223022, 
  "neval": 38985, 
  "Z_computed_err": 0.225681824655758, 
  "Z_computed": -25.47868170763398
}