{
  "duration": 22.305544137954712, 
  "neval": 36801, 
  "Z_computed_err": 0.22599642347352586, 
  "Z_computed": -25.37667785334454
}