{
  "duration": 16.7255380153656, 
  "neval": 38673, 
  "Z_computed_err": 0.22576639689916986, 
  "Z_computed": -25.256774891925993
}