{
  "duration": 19.33397102355957, 
  "neval": 46465, 
  "Z_computed_err": 0.22424853350664967, 
  "Z_computed": -25.203707347459076
}