{
  "duration": 18.28014302253723, 
  "neval": 38118, 
  "Z_computed_err": 0.22642218436323447, 
  "Z_computed": -25.4725523228518
}