{
  "duration": 19.111509084701538, 
  "neval": 35160, 
  "Z_computed_err": 0.22728615503837254, 
  "Z_computed": -25.66392712849695
}