{
  "duration": 15.318894863128662, 
  "neval": 39548, 
  "Z_computed_err": 0.2247441515644487, 
  "Z_computed": -25.24554969819539
}