{
  "duration": 0.3436739444732666, 
  "failed": false, 
  "Z_computed_err": 0.27553108222241995, 
  "Z_computed": -2.702090644907757, 
  "neval": 2500
}