{
  "duration": 0.596808910369873, 
  "failed": false, 
  "Z_computed_err": 0.2885486236745945, 
  "Z_computed": -0.2617566863304771, 
  "neval": 4500
}