{
  "duration": 0.4731318950653076, 
  "failed": false, 
  "Z_computed_err": 0.37185496471266005, 
  "Z_computed": -0.7178515854226453, 
  "neval": 4500
}