{
  "duration": 0.5500869750976562, 
  "failed": false, 
  "Z_computed_err": 0.32711960105265936, 
  "Z_computed": -2.5071706312333255, 
  "neval": 4500
}