{
  "duration": 0.2640509605407715, 
  "failed": false, 
  "Z_computed_err": 0.28282427046964953, 
  "Z_computed": -2.6308266355961236, 
  "neval": 2500
}