{
  "duration": 0.2528698444366455, 
  "failed": false, 
  "Z_computed_err": 0.2767601584426296, 
  "Z_computed": -2.2358504002103747, 
  "neval": 2500
}