{
  "duration": 0.3064718246459961, 
  "failed": false, 
  "Z_computed_err": 0.3868150793397156, 
  "Z_computed": -2.2863672629305856, 
  "neval": 2500
}