{
  "duration": 0.2796969413757324, 
  "failed": false, 
  "Z_computed_err": 0.3815804749429079, 
  "Z_computed": -2.1363939656479696, 
  "neval": 2500
}