{
  "duration": 0.42232608795166016, 
  "failed": false, 
  "Z_computed_err": 0.25911070820910154, 
  "Z_computed": -2.1816474139379536, 
  "neval": 4500
}