{
  "duration": 0.4383738040924072, 
  "failed": false, 
  "Z_computed_err": 0.18008535831282368, 
  "Z_computed": -1.564816659972866, 
  "neval": 4500
}